tempo,amplitude,amplitude_filtered,noise
0.0,0.36502228,0.0,0.0014570909775717955
2.0000000000000017e-08,0.36546653,0.3662294831774401,-0.0007629531774400733
4.0000000000000034e-08,0.37336966,0.369093953794583,0.004275706205417007
6.000000000000006e-08,0.3768896,0.3724149207023082,0.004474679297691797
8.000000000000008e-08,0.38163556,0.37643342971942284,0.005202130280577144
1.0000000000000009e-07,0.38698427,0.3813543641505951,0.005629905849404926
1.200000000000001e-07,0.38607988,0.38732537113653764,-0.0012454911365376575
1.4000000000000014e-07,0.38577826,0.3944170551112181,-0.008638795111218123
1.6000000000000016e-07,0.39542854,0.40260626045389064,-0.007177720453890646
1.8000000000000018e-07,0.40318861,0.41176445016579977,-0.008575840165799764
2.0000000000000018e-07,0.41342083,0.4216530496851015,-0.00823221968510146
2.200000000000002e-07,0.42674838,0.43192715614502025,-0.00517877614502027
2.400000000000002e-07,0.44067812,0.4421483304725099,-0.001470210472509892
2.600000000000002e-07,0.44897728,0.45180644955968347,-0.0028291695596834865
2.800000000000003e-07,0.45226932,0.4603499266012779,-0.008080606601277907
3.0000000000000025e-07,0.45990324,0.46722306785178547,-0.0073198278517854765
3.200000000000003e-07,0.46439975,0.47190887866219067,-0.007509128662190667
3.400000000000003e-07,0.47386133,0.47397514953306286,-0.0001138195330628311
3.600000000000003e-07,0.47706902,0.47312108582930523,0.003947934170694778
3.8000000000000033e-07,0.47402276,0.4692211712399548,0.004801588760045161
4.0000000000000035e-07,0.47344846,0.46236254629354795,0.011085913706452066
4.200000000000004e-07,0.46475057,0.45287208629244663,0.011878483707553344
4.400000000000004e-07,0.45416147,0.4413296324079842,0.012831837592015838
4.600000000000004e-07,0.44542082,0.4285644472613586,0.01685637273864138
4.800000000000004e-07,0.43478883,0.4156328872311245,0.0191559427688755
5.000000000000004e-07,0.42288878,0.4037764642731147,0.01911231572688532
5.200000000000004e-07,0.41283769,0.39436088293852367,0.018476807061476308
5.400000000000004e-07,0.41149165,0.38879826308268645,0.02269338691731354
5.600000000000005e-07,0.40139911,0.38845655361103526,0.012942556388964743
5.800000000000005e-07,0.39627212,0.39456203252950545,0.001710087470494559
6.000000000000005e-07,0.39424086,0.4081026421668966,-0.013861782166896597
6.200000000000005e-07,0.39031925,0.42974147298556986,-0.039422222985569855
6.400000000000005e-07,0.40195901,0.4597505808757626,-0.05779157087576259
6.600000000000006e-07,0.43103001,0.4979750208639979,-0.0669450108639979
6.800000000000006e-07,0.47566218,0.543835102437158,-0.06817292243715806
7.000000000000006e-07,0.53149268,0.5963712748742241,-0.0648785948742241
7.200000000000006e-07,0.62158248,0.6543309725761453,-0.032748492576145205
7.400000000000006e-07,0.73097319,0.7162908035551119,0.014682386444888174
7.600000000000007e-07,0.83847389,0.7808015861690533,0.05767230383094679
7.800000000000007e-07,0.928503,0.8465391396477052,0.08196386035229475
8.000000000000007e-07,0.99046497,0.9124416521542644,0.07802331784573557
8.200000000000007e-07,1.0399416,0.9778156285853482,0.062125971414651704
8.400000000000007e-07,1.0918914,1.0423966481537819,0.0494947518462181
8.600000000000008e-07,1.1531704,1.106357340642438,0.04681305935756197
8.800000000000008e-07,1.2063274,1.170261732835835,0.03606566716416504
9.000000000000008e-07,1.2588417,1.2349714067874602,0.02387029321253986
9.200000000000008e-07,1.3132061,1.3015143272381535,0.011691772761846408
9.400000000000008e-07,1.3488531,1.370931652055876,-0.022078552055876166
9.600000000000008e-07,1.39009,1.444121221627184,-0.05403122162718388
9.800000000000008e-07,1.4419031,1.5216983967942563,-0.07979529679425634
1.0000000000000008e-06,1.4893344,1.6038949493054617,-0.11456054930546178
1.0200000000000008e-06,1.5623009,1.690514256779795,-0.12821335677979495
1.0400000000000008e-06,1.6614258,1.7809557930061908,-0.11952999300619083
1.0600000000000009e-06,1.7767369,1.8743139164352947,-0.0975770164352947
1.0800000000000009e-06,1.9163371,1.9695458512319273,-0.053208751231927254
1.100000000000001e-06,2.0702542,2.0656926964876683,0.004561503512331644
1.120000000000001e-06,2.2328791,2.162126886630955,0.0707522133690448
1.140000000000001e-06,2.3929931,2.258791502200087,0.13420159779991314
1.160000000000001e-06,2.5362605,2.3563927964245086,0.17986770357549142
1.180000000000001e-06,2.6651745,2.456508447663928,0.20866605233607194
1.200000000000001e-06,2.7722559,2.561580878712183,0.210675021287817
1.220000000000001e-06,2.8618678,2.67477716049421,0.18709063950579008
1.240000000000001e-06,2.9389963,2.799713368940301,0.1392829310596988
1.260000000000001e-06,3.0086279,2.9400599657714386,0.06856793422856144
1.280000000000001e-06,3.0938234,3.099063597413961,-0.005240197413961312
1.300000000000001e-06,3.1821175,3.2790372952241205,-0.09691979522412053
1.3200000000000011e-06,3.2735106,3.4808832117298953,-0.20737261172989552
1.3400000000000011e-06,3.3792217,3.703717865306096,-0.3244961653060958
1.3600000000000012e-06,3.5036139,3.9446678101772084,-0.4410539101772084
1.3800000000000012e-06,3.6628922,4.198892315084589,-0.5360001150845894
1.4000000000000012e-06,3.9156438,4.459867950328481,-0.544224150328481
1.4200000000000012e-06,4.4058437,4.719937752241957,-0.3140940522419573
1.4400000000000012e-06,5.1060681,4.971086740890668,0.1349813591093323
1.4600000000000013e-06,5.6373709,5.2058616813183765,0.4315092186816232
1.4800000000000013e-06,5.9249601,5.418316104454516,0.5066439955454838
1.500000000000001e-06,6.1826165,5.604842971025428,0.5777735289745722
1.5200000000000011e-06,6.3997446,5.764763499807211,0.634981100192789
1.5400000000000011e-06,6.5052923,5.900570110421462,0.6047221895785375
1.5600000000000014e-06,6.4774454,6.017767281994732,0.45967811800526803
1.5800000000000014e-06,6.3454978,6.124308799007948,0.22118900099205252
1.6000000000000014e-06,6.1792556,6.229686496815517,-0.05043089681551649
1.6200000000000014e-06,6.0030264,6.343776998078812,-0.34075059807881125
1.6400000000000017e-06,5.8598156,6.475591178641981,-0.6157755786419807
1.6600000000000017e-06,5.8817558,6.632089227835567,-0.7503334278355673
1.6800000000000017e-06,6.1399,6.817217909909548,-0.6773179099095481
1.7000000000000015e-06,6.5787775,7.031295917183908,-0.4525184171839074
1.7200000000000015e-06,7.0344691,7.270823226065204,-0.236354126065204
1.7400000000000016e-06,7.4390388,7.528731239293649,-0.08969243929364978
1.7600000000000016e-06,7.8298827,7.795034229223345,0.03484847077665432
1.7800000000000016e-06,8.1639955,8.057798543569684,0.1061969564303169
1.8000000000000016e-06,8.420187,8.304318096648007,0.11586890335199307
1.8200000000000016e-06,8.6794822,8.522371860519309,0.15711033948069186
1.8400000000000017e-06,8.996729,8.701437979374544,0.29529102062545576
1.8600000000000017e-06,9.3083543,8.833746359648524,0.4746079403514756
1.8800000000000017e-06,9.4747464,8.915065647538782,0.5596807524612188
1.9000000000000015e-06,9.439188,8.94514246239221,0.49404553760778924
1.9200000000000015e-06,9.2714855,8.92774249121908,0.3437430087809208
1.9400000000000018e-06,9.066999,8.87028396206454,0.19671503793545853
1.9600000000000016e-06,8.8363243,8.783099283180697,0.053225016819302695
1.980000000000002e-06,8.5713593,8.67840293224439,-0.10704363224439106
2.0000000000000016e-06,8.335054,8.569076511706365,-0.23402251170636568
2.020000000000002e-06,8.1404973,8.467401523937202,-0.326904223937202
2.0400000000000016e-06,7.9484238,8.383875679124857,-0.43545187912485783
2.060000000000002e-06,7.7750388,8.32623981545983,-0.5512010154598306
2.0800000000000017e-06,7.6994975,8.298820938214616,-0.5993234382146166
2.100000000000002e-06,7.765429,8.302263812555745,-0.5368348125557452
2.1200000000000017e-06,7.9690932,8.333680597605143,-0.3645873976051437
2.140000000000002e-06,8.2755875,8.387198222111234,-0.11161072211123368
2.1600000000000018e-06,8.6144829,8.454832170480781,0.15965072951921933
2.180000000000002e-06,8.9440206,8.527570903135842,0.41644969686415756
2.200000000000002e-06,9.2224421,8.596525421973071,0.625916678026929
2.220000000000002e-06,9.3712161,8.653989668240978,0.7172264317590216
2.240000000000002e-06,9.3523232,8.69427211830052,0.6580510816994813
2.260000000000002e-06,9.1919411,8.714195529238607,0.47774557076139246
2.280000000000002e-06,8.9561364,8.71321445612732,0.2429219438726804
2.300000000000002e-06,8.7003799,8.693159667031312,0.007220232968688123
2.320000000000002e-06,8.454589,8.657674282042004,-0.2030852820420037
2.340000000000002e-06,8.2168942,8.611449067050495,-0.3945548670504948
2.360000000000002e-06,8.0116027,8.559387899461102,-0.5477851994611029
2.380000000000002e-06,7.9029114,8.505836823641395,-0.6029254236413957
2.400000000000002e-06,7.9151279,8.45399216494848,-0.5388642649484794
2.4200000000000022e-06,8.0420198,8.405568084906063,-0.36354828490606295
2.440000000000002e-06,8.2243774,8.360757341456008,-0.13637994145600807
2.4600000000000023e-06,8.396758,8.318468759594586,0.07828924040541452
2.480000000000002e-06,8.5342311,8.276779980931643,0.2574511190683566
2.5000000000000023e-06,8.6137361,8.233512265956636,0.380223834043365
2.520000000000002e-06,8.6240547,8.186820146674691,0.43723455332530925
2.5400000000000024e-06,8.5570845,8.135693373428714,0.42139112657128663
2.560000000000002e-06,8.4333939,8.080289350051238,0.35310454994876217
2.580000000000002e-06,8.271058,8.022046378691403,0.2490116213085969
2.600000000000002e-06,8.0638438,7.963565725279316,0.10027807472068506
2.620000000000002e-06,7.8335658,7.908287836197052,-0.07472203619705198
2.6400000000000023e-06,7.6381884,7.860019633868713,-0.22183123386871362
2.660000000000002e-06,7.5126146,7.82239133020296,-0.3097767302029597
2.6800000000000023e-06,7.4362769,7.798329680596683,-0.36205278059668267
2.700000000000002e-06,7.4166548,7.789629151350479,-0.3729743513504795
2.7200000000000023e-06,7.4830419,7.796684517691424,-0.313642617691424
2.740000000000002e-06,7.6292058,7.818421257750521,-0.18921545775052095
2.7600000000000024e-06,7.8352028,7.852428190089773,-0.017225390089772752
2.780000000000002e-06,8.0262412,7.895265211064907,0.13097598893509232
2.8000000000000024e-06,8.1474738,7.942893048012606,0.20458075198739412
2.8200000000000022e-06,8.2487625,7.991156158881783,0.25760634111821634
2.8400000000000025e-06,8.3288604,8.036246537622306,0.29261386237769393
2.8600000000000023e-06,8.3428927,8.075084620240379,0.2678080797596216
2.8800000000000025e-06,8.3008317,8.105571030418645,0.19526066958135502
2.9000000000000023e-06,8.2176363,8.126686017317418,0.09095028268258254
2.9200000000000025e-06,8.1207309,8.138438323973006,-0.01770742397300573
2.9400000000000023e-06,8.0350467,8.141687934159547,-0.10664123415954663
2.9600000000000026e-06,7.9693092,8.137884054902237,-0.16857485490223745
2.9800000000000024e-06,7.9291282,8.128768353418872,-0.19964015341887187
3.000000000000002e-06,7.9070253,8.116093173383522,-0.20906787338352206
3.0200000000000024e-06,7.9198289,8.101396153477946,-0.18156725347794644
3.0400000000000027e-06,7.9756423,8.085858438162392,-0.11021613816239206
3.0600000000000025e-06,8.0532745,8.070256190142869,-0.016981690142868544
3.0800000000000027e-06,8.1296634,8.054997404477762,0.0746659955222384
3.1000000000000025e-06,8.1823715,8.040221225267473,0.1421502747325274
3.1200000000000027e-06,8.1920778,8.02592783421829,0.1661499657817096
3.1400000000000025e-06,8.1544195,8.012105125537762,0.14231437446223794
3.1600000000000028e-06,8.0993137,7.998823680003237,0.1004900199967631
3.1800000000000026e-06,8.0460821,7.986282142562461,0.059799957437538964
3.200000000000003e-06,7.9791429,7.974798057790262,0.004344842209738076
3.220000000000002e-06,7.9059753,7.964751535158353,-0.058776235158353174
3.240000000000003e-06,7.8558738,7.956498528148536,-0.10062472814853596
3.2600000000000027e-06,7.8450435,7.950275642245028,-0.10523214224502819
3.280000000000003e-06,7.8566566,7.946118676337227,-0.08946207633722736
3.3000000000000027e-06,7.873885,7.943812897486069,-0.06992789748606931
3.320000000000003e-06,7.8961054,7.942885667959972,-0.04678026795997248
3.3400000000000027e-06,7.9320439,7.942643368924503,-0.010599468924502808
3.360000000000003e-06,7.9679887,7.94224635854467,0.025742341455329942
3.380000000000003e-06,7.9964609,7.940809219668032,0.05565168033196777
3.400000000000003e-06,8.0193306,7.937509598646402,0.08182100135359782
3.420000000000003e-06,8.0203932,7.931687987442568,0.08870521255743125
3.440000000000003e-06,7.9965325,7.922922955589005,0.07360954441099476
3.460000000000003e-06,7.9508649,7.911071205708554,0.03979369429144608
3.480000000000003e-06,7.8977262,7.896268471872358,0.0014577281276419995
3.500000000000003e-06,7.8539448,7.878894316277207,-0.024949516277207096
3.520000000000003e-06,7.8145349,7.859509782882673,-0.044974882882673484
3.540000000000003e-06,7.7838596,7.838780458403312,-0.05492085840331118
3.560000000000003e-06,7.765035,7.817398296848243,-0.05236329684824259
3.580000000000003e-06,7.7499587,7.796013823611255,-0.04605512361125541
3.6000000000000032e-06,7.7436174,7.775186749535423,-0.03156934953542301
3.620000000000003e-06,7.7485041,7.755358474697864,-0.006854374697864429
3.6400000000000033e-06,7.7621259,7.736845331964933,0.025280568035067397
3.660000000000003e-06,7.7701479,7.719847545069316,0.050300354930684854
3.6800000000000033e-06,7.7557418,7.704466515074249,0.05127528492575095
3.700000000000003e-06,7.7301267,7.690722757103047,0.03940394289695259
3.7200000000000033e-06,7.6957966,7.678568656983394,0.01722794301660624
3.740000000000003e-06,7.6602312,7.667893603726597,-0.007662403726596878
3.7600000000000034e-06,7.6321564,7.658522866841319,-0.026366466841318825
3.780000000000003e-06,7.6072097,7.650214648506109,-0.04300494850610903
3.800000000000003e-06,7.5910005,7.6426612109549605,-0.05166071095496072
3.820000000000003e-06,7.5922548,7.635499526012307,-0.04324472601230678
3.840000000000003e-06,7.6066102,7.628334656954818,-0.02172445695481784
3.860000000000003e-06,7.6284574,7.620775600352709,0.007681799647291321
3.8800000000000035e-06,7.6478242,7.612479458439877,0.035344741560122905
3.900000000000003e-06,7.6553619,7.603196640796133,0.05216525920386683
3.920000000000003e-06,7.652317,7.592808264494769,0.05950873550523106
3.940000000000003e-06,7.624978,7.581347560879992,0.0436304391200073
3.960000000000004e-06,7.5926665,7.568999813182562,0.023666686817438
3.980000000000003e-06,7.5684713,7.556079461605663,0.012391838394337107
4.000000000000003e-06,7.5343179,7.542987492387421,-0.008669592387421154
4.020000000000003e-06,7.4908299,7.530156069108801,-0.0393261691088016
4.040000000000004e-06,7.4560818,7.517989856794059,-0.061908056794059085
4.0600000000000035e-06,7.4431626,7.506814201012433,-0.06365160101243283
4.080000000000003e-06,7.4564352,7.4968390066762165,-0.0404038066762169
4.100000000000003e-06,7.4796951,7.488143898482417,-0.00844879848241753
4.120000000000004e-06,7.4867649,7.480685725312637,0.006079174687362965
4.1400000000000036e-06,7.4863706,7.474324909305773,0.012045690694226785
4.160000000000003e-06,7.4965871,7.468863723477456,0.027723376522543752
4.180000000000003e-06,7.5105585,7.464087908683216,0.046470591316784216
4.200000000000004e-06,7.5108339,7.459803089664905,0.051030810335094934
4.220000000000004e-06,7.4911808,7.455858977482556,0.03532182251744409
4.2400000000000035e-06,7.4696741,7.452157121120472,0.01751697887952819
4.260000000000003e-06,7.4513001,7.448641603385835,0.0026584966141651734
4.280000000000004e-06,7.4248402,7.445275847186367,-0.0204356471863667
4.300000000000004e-06,7.4040065,7.442011755095736,-0.03800525509573571
4.3200000000000035e-06,7.4000179,7.438759094651178,-0.03874119465117776
4.340000000000003e-06,7.401656,7.435363065031085,-0.033707065031085115
4.360000000000004e-06,7.3964551,7.43159640649034,-0.035141306490340085
4.380000000000004e-06,7.395634,7.427169649487361,-0.03153564948736065
4.400000000000004e-06,7.411035,7.42175973116997,-0.010724731169969637
4.420000000000003e-06,7.4283228,7.41505377059164,0.013269029408360389
4.440000000000004e-06,7.4337862,7.406801748806456,0.026984451193544423
4.460000000000004e-06,7.4311647,7.396869683341649,0.03429501665835133
4.480000000000004e-06,7.4254446,7.385284096148935,0.04016050385106418
4.5000000000000035e-06,7.418496,7.372259353996196,0.046236646003804616
4.520000000000004e-06,7.4034626,7.3582016400389945,0.04526095996100565
4.540000000000004e-06,7.3734886,7.343686523535486,0.029802076464513938
4.560000000000004e-06,7.3373001,7.329410930214546,0.00788916978545462
4.580000000000004e-06,7.3054927,7.316124314071207,-0.010631614071206386
4.600000000000004e-06,7.2724568,7.304547377990641,-0.0320905779906413
4.620000000000004e-06,7.2419321,7.295289108205765,-0.053357008205765055
4.640000000000004e-06,7.2319933,7.2887736483085845,-0.05678034830858447
4.660000000000004e-06,7.2357846,7.2851874081994845,-0.04940280819948484
4.680000000000004e-06,7.2514369,7.284453895411261,-0.03301699541126091
4.700000000000004e-06,7.273341,7.286239567766402,-0.012898567766401747
4.720000000000004e-06,7.2927715,7.289989361289914,0.002782138710085924
4.740000000000004e-06,7.3147145,7.294986362572027,0.019728137427972747
4.760000000000004e-06,7.3316906,7.300427092318692,0.0312635076813077
4.780000000000004e-06,7.3387139,7.305502420927138,0.03321147907286193
4.800000000000004e-06,7.3376543,7.309474283436345,0.02818001656365432
4.820000000000004e-06,7.3359911,7.311739863025514,0.024251236974485835
4.8400000000000045e-06,7.3318547,7.311877326984345,0.01997737301565472
4.860000000000004e-06,7.3233754,7.309669998017425,0.013705401982575083
4.880000000000004e-06,7.3142927,7.305108578034289,0.009184121965711611
4.900000000000004e-06,7.2965042,7.298373437211066,-0.0018692372110660216
4.9200000000000046e-06,7.2768663,7.289800897474588,-0.012934597474587584
4.940000000000004e-06,7.262235,7.279838768823748,-0.017603768823747146
4.960000000000004e-06,7.2482477,7.268997016064623,-0.020749316064622825
4.980000000000004e-06,7.2411372,7.257799255882728,-0.016662055882727955
5.000000000000005e-06,7.237163,7.246739860301937,-0.009576860301937273
5.0200000000000045e-06,7.2282224,7.236250003141579,-0.008027603141578687
5.040000000000004e-06,7.2174321,7.226674370031614,-0.009242270031614375
5.060000000000004e-06,7.2116478,7.218258760328298,-0.006610960328297999
5.080000000000005e-06,7.2152323,7.2111475835068175,0.004084716493182761
5.1000000000000045e-06,7.2188367,7.205389300247864,0.013447399752135603
5.120000000000004e-06,7.2199676,7.200947205841562,0.01902039415843859
5.140000000000004e-06,7.2130156,7.197712745373691,0.015302854626309426
5.160000000000004e-06,7.1979813,7.195518943647322,0.002462356352678441
5.180000000000005e-06,7.1885769,7.194152487454745,-0.005575587454744735
5.200000000000004e-06,7.1823092,7.193364188588324,-0.011054988588324655
5.220000000000004e-06,7.1829177,7.192878515224799,-0.009960815224799191
5.240000000000004e-06,7.1922724,7.192403264221949,-0.00013086422194863445
5.260000000000005e-06,7.1960379,7.1916402278997875,0.004397672100212802
5.2800000000000045e-06,7.1917217,7.1902971542516445,0.001424545748355932
5.300000000000004e-06,7.1861795,7.188100779905416,-0.001921279905416462
5.320000000000004e-06,7.1843969,7.184810458435436,-0.00041355843543566806
5.340000000000005e-06,7.1788945,7.180231886398768,-0.0013373863987675705
5.360000000000005e-06,7.1684255,7.174230475369325,-0.005804975369325227
5.380000000000004e-06,7.1573528,7.166743894869073,-0.009391094869073413
5.400000000000004e-06,7.1494165,7.157793159607495,-0.008376659607495007
5.420000000000005e-06,7.1520959,7.147491315571296,0.00460458442870415
5.440000000000005e-06,7.1554186,7.136048299941711,0.01937030005828877
5.4600000000000045e-06,7.1475427,7.123770079933126,0.02377262006687353
5.480000000000004e-06,7.1315836,7.111050066753472,0.02053353324652818
5.500000000000005e-06,7.1106575,7.098351382793575,0.012306117206425604
5.520000000000005e-06,7.0866346,7.086179868316577,0.0004547316834226933
5.5400000000000046e-06,7.0688638,7.075049414063094,-0.006185614063094036
5.560000000000004e-06,7.0592141,7.065442784504838,-0.0062286845048378225
5.580000000000005e-06,7.0470902,7.057772137283323,-0.010681937283322895
5.600000000000005e-06,7.0287516,7.052343791119198,-0.023592191119198525
5.620000000000005e-06,7.0172869,7.049331500009398,-0.032044600009397683
5.6400000000000044e-06,7.0226705,7.048761623525038,-0.026091123525037396
5.660000000000005e-06,7.0424096,7.050512122147261,-0.008102522147260593
5.680000000000005e-06,7.0615457,7.054325304488824,0.0072203955111760365
5.700000000000005e-06,7.0757161,7.059832061871056,0.015884038128944233
5.7200000000000045e-06,7.0917764,7.066583554616801,0.02519284538319866
5.740000000000005e-06,7.0960146,7.07408550166799,0.021929098332010177
5.760000000000005e-06,7.0921709,7.081830550598711,0.010340349401289473
5.780000000000005e-06,7.091464,7.089325455778202,0.0021385442217978223
5.800000000000005e-06,7.0957631,7.096111494696936,-0.00034839469693626057
5.820000000000005e-06,7.1038218,7.101778167551576,0.0020436324484247592
5.840000000000005e-06,7.1013045,7.105971378837543,-0.004666878837542576
5.860000000000005e-06,7.0925742,7.108397911426684,-0.015823711426684817
5.880000000000005e-06,7.0907199,7.108828171750691,-0.018108271750691074
5.900000000000005e-06,7.0988579,7.1070989592097025,-0.008241059209702861
5.920000000000005e-06,7.1057694,7.103117359129894,0.002652040870105843
5.940000000000005e-06,7.1039751,7.0968658571304575,0.007109242869542953
5.960000000000005e-06,7.0984605,7.088407747625845,0.010052752374154927
5.9800000000000054e-06,7.0848626,7.077891261988579,0.006971338011420691
6.000000000000005e-06,7.0706605,7.065550773124049,0.005109726875950571
6.020000000000005e-06,7.0558542,7.051703852142429,0.004150347857570402
6.040000000000005e-06,7.0367038,7.036743609650066,-3.980965006622483e-05
6.0600000000000055e-06,7.0194419,7.021126412870122,-0.0016845128701215017
6.080000000000005e-06,7.0003285,7.005355585352808,-0.005027085352807603
6.100000000000005e-06,6.9837263,6.989961998404635,-0.006235698404634782
6.120000000000005e-06,6.9739988,6.975482523585804,-0.001483723585803176
6.140000000000006e-06,6.9723923,6.962437151632534,0.009955148367466471
6.160000000000005e-06,6.9676879,6.951305304472798,0.016382595527201893
6.180000000000005e-06,6.9480435,6.942501697081576,0.00554180291842421
6.200000000000005e-06,6.9352731,6.936352284964159,-0.0010791849641593743
6.220000000000006e-06,6.93,6.9330714104947555,-0.0030714104947557885
6.2400000000000055e-06,6.9228752,6.932741995331483,-0.009866795331483047
6.260000000000005e-06,6.9226243,6.9353011520011005,-0.012676852001100691
6.280000000000005e-06,6.9236372,6.940533668962432,-0.016896468962432465
6.300000000000006e-06,6.9277837,6.94807541074055,-0.02029171074055025
6.3200000000000056e-06,6.9431659,6.957427806770927,-0.01426190677092709
6.340000000000005e-06,6.9647974,6.967983350956134,-0.0031859509561336097
6.360000000000005e-06,6.9883156,6.979060550315113,0.009255049684886885
6.380000000000006e-06,7.006241,6.9899453350465794,0.01629566495342072
6.400000000000006e-06,7.0160803,6.999934955558831,0.016145344441168774
6.4200000000000054e-06,7.0203265,7.008380145691869,0.01194635430813129
6.440000000000005e-06,7.0233421,7.014721869802899,0.008620230197101009
6.460000000000005e-06,7.0251268,7.018520060236873,0.006606739763126868
6.480000000000006e-06,7.0238109,7.0194730306704844,0.00433786932951552
6.5000000000000055e-06,7.0206406,7.017427428200694,0.003213171799306025
6.520000000000005e-06,7.0068897,7.012379527858654,-0.005489827858653484
6.540000000000005e-06,6.9925305,7.004469347305986,-0.011938847305986044
6.560000000000006e-06,6.981302,6.993969433597643,-0.012667433597642663
6.580000000000006e-06,6.9675948,6.98127016479013,-0.01367536479013065
6.600000000000005e-06,6.9613814,6.966862949981366,-0.00548154998136674
6.620000000000005e-06,6.9595456,6.951321864003438,0.008223735996562453
6.640000000000006e-06,6.9533613,6.935283257274383,0.01807804272561686
6.660000000000006e-06,6.9422053,6.919422108734258,0.022783191265742353
6.6800000000000055e-06,6.9242072,6.904423716952906,0.01978348304709332
6.700000000000005e-06,6.9012367,6.890949954682776,0.010286745317223733
6.720000000000006e-06,6.8826426,6.87960064491121,0.003041955088789905
6.740000000000006e-06,6.8646852,6.870872277302791,-0.006187077302790556
6.760000000000006e-06,6.8473643,6.865117797126183,-0.01775349712618368
6.780000000000005e-06,6.8375358,6.862512168508189,-0.024976368508188962
6.800000000000006e-06,6.8339526,6.863028600302429,-0.029076000302429073
6.820000000000006e-06,6.8403542,6.866429631482302,-0.02607543148230196
6.840000000000006e-06,6.8536243,6.872275751507344,-0.018651451507343708
6.8600000000000055e-06,6.871893,6.879952093956512,-0.008059093956512164
6.880000000000006e-06,6.8945369,6.888711358305069,0.005825541694931324
6.900000000000006e-06,6.9109603,6.8977289321865625,0.0132313678134377
6.920000000000006e-06,6.9230319,6.906164617117969,0.0168672828820311
6.9400000000000056e-06,6.9357377,6.913224670765068,0.022513029234931814
6.960000000000006e-06,6.9403517,6.918218121194501,0.02213357880549882
6.980000000000006e-06,6.9374967,6.920602346241223,0.01689435375877668
7.000000000000006e-06,6.9309123,6.920014506297391,0.010897793702609349
7.020000000000006e-06,6.9205983,6.916287293323548,0.00431100667645179
7.040000000000006e-06,6.9084238,6.909449311679165,-0.001025511679165092
7.060000000000006e-06,6.8925189,6.899711957205189,-0.007193057205189035
7.080000000000006e-06,6.8747535,6.887445717573429,-0.012692217573428977
7.100000000000006e-06,6.8576203,6.873149295595724,-0.015528995595723849
7.120000000000006e-06,6.8473519,6.857414854054009,-0.010062954054009587
7.140000000000006e-06,6.8395851,6.840892061441772,-0.0013069614417720032
7.160000000000006e-06,6.8318265,6.824252656166619,0.007573843833380778
7.180000000000006e-06,6.8284387,6.808156247905847,0.020282452094153136
7.2000000000000065e-06,6.814463,6.793217415221954,0.021245584778045945
7.220000000000006e-06,6.7874062,6.779974147015463,0.007432052984537307
7.240000000000006e-06,6.7566169,6.768858394616174,-0.012241494616174187
7.260000000000006e-06,6.7345602,6.760170683619865,-0.0256104836198654
7.2800000000000065e-06,6.7255988,6.7540617858282435,-0.028462985828243248
7.300000000000006e-06,6.7259926,6.75052472185792,-0.024532121857919975
7.320000000000006e-06,6.7338718,6.749399525876314,-0.015527725876314236
7.340000000000006e-06,6.7454966,6.7503914259191875,-0.00489482591918744
7.360000000000007e-06,6.7589969,6.753100903144114,0.005895996855885599
7.380000000000006e-06,6.7737492,6.757062088988831,0.016687111011169264
7.400000000000006e-06,6.7847669,6.761784601948754,0.022982298051245742
7.420000000000006e-06,6.7932961,6.7667934724100345,0.026502627589965577
7.440000000000007e-06,6.7949739,6.77166231578195,0.023311584218049575
7.4600000000000065e-06,6.7885534,6.776036276648335,0.012517123351664772
7.480000000000006e-06,6.7846297,6.779643205351438,0.004986494648561823
7.500000000000006e-06,6.7775932,6.78229364420416,-0.00470044420416027
7.520000000000007e-06,6.76869,6.783872056461237,-0.015182056461236826
7.540000000000007e-06,6.7616594,6.784322969793939,-0.022663569793938798
7.560000000000006e-06,6.757125,6.783636118490783,-0.026511118490782692
7.580000000000006e-06,6.7625659,6.781834192433126,-0.019268292433126
7.600000000000007e-06,6.7748653,6.778965520763977,-0.0041002207639770916
7.620000000000007e-06,6.7840508,6.775102210868628,0.008948589131372309
7.640000000000006e-06,6.7863825,6.770342406478217,0.016040093521783483
7.660000000000006e-06,6.78373,6.7648139720137515,0.018916027986248807
7.680000000000006e-06,6.7773396,6.758676441178505,0.018663158821495607
7.700000000000006e-06,6.7697041,6.75211854986654,0.01758555013346008
7.720000000000006e-06,6.7583301,6.745349886810734,0.01298021318926601
7.740000000000007e-06,6.7388545,6.738586804161632,0.00026769583836827593
7.760000000000007e-06,6.7156397,6.732034399867569,-0.01639469986756925
7.780000000000007e-06,6.6974113,6.7258677767977595,-0.028456476797759755
7.800000000000007e-06,6.6872855,6.720216527523326,-0.03293102752332633
7.820000000000006e-06,6.6914946,6.715156157752758,-0.023661557752757467
7.840000000000006e-06,6.7013127,6.710708845034168,-0.009396145034168413
7.860000000000006e-06,6.7086371,6.706853806285029,0.0017832937149711015
7.880000000000006e-06,6.7197001,6.703545211132064,0.016154888867935924
7.900000000000007e-06,6.7257756,6.700733696987502,0.025041903012498423
7.920000000000007e-06,6.7274868,6.698386604343912,0.029100195656088346
7.940000000000007e-06,6.7229635,6.696502252466027,0.026461247533972276
7.960000000000007e-06,6.7115821,6.6951148391896504,0.01646726081034977
7.980000000000007e-06,6.6977053,6.694288573858844,0.003416726141155735
8.000000000000006e-06,6.6875653,6.694101973128901,-0.006536673128900716
8.020000000000006e-06,6.6799154,6.694625334296768,-0.0147099342967687
8.040000000000006e-06,6.6741323,6.695895800577935,-0.021763500577934636
8.060000000000008e-06,6.6764484,6.697894902651431,-0.021446502651430777
8.080000000000007e-06,6.6818773,6.700532990452559,-0.018655690452558993
8.100000000000007e-06,6.6897954,6.7036437319824875,-0.013848331982487139
8.120000000000007e-06,6.7008258,6.7069901424947105,-0.006164342494710873
8.140000000000007e-06,6.7099821,6.710281760907896,-0.0002996609078955714
8.160000000000007e-06,6.716641,6.713200932001231,0.0034400679987687255
8.180000000000006e-06,6.7232952,6.715434916767001,0.00786028323299881
8.200000000000006e-06,6.7280743,6.716709852795706,0.011364447204294414
8.220000000000008e-06,6.7297314,6.716822424972098,0.012908975027902336
8.240000000000008e-06,6.7282664,6.715665422072338,0.01260097792766146
8.260000000000007e-06,6.7267952,6.7132440611381226,0.013551138861877199
8.280000000000007e-06,6.7246944,6.709680960464543,0.01501343953545664
8.300000000000007e-06,6.7169776,6.705208831758356,0.011768768241643635
8.320000000000007e-06,6.7080075,6.700151257252777,0.00785624274722263
8.340000000000007e-06,6.6959139,6.694893243629699,0.0010206563703007987
8.360000000000006e-06,6.6800733,6.689844493870855,-0.009771193870855122
8.380000000000008e-06,6.6723275,6.685399342031511,-0.013071842031511238
8.400000000000008e-06,6.6676901,6.681897856338101,-0.01420775633810134
8.420000000000007e-06,6.6605516,6.679592587767484,-0.019040987767484197
8.440000000000007e-06,6.661507,6.678624808856421,-0.01711780885642078
8.460000000000007e-06,6.6643235,6.679012963061796,-0.014689463061795749
8.480000000000007e-06,6.6671309,6.680654595310169,-0.013523695310168726
8.500000000000007e-06,6.6761617,6.683341427810563,-0.007179727810563641
8.520000000000007e-06,6.6876763,6.686785647514094,0.0008906524859053633
8.540000000000008e-06,6.7016745,6.690654051153805,0.01102044884619513
8.560000000000008e-06,6.7119234,6.694605629833781,0.01731777016621905
8.580000000000008e-06,6.7171763,6.698327655833567,0.01884864416643328
8.600000000000007e-06,6.7267819,6.7015655026085845,0.025216397391415235
8.620000000000007e-06,6.7320142,6.704142309901727,0.027871890098272623
8.640000000000007e-06,6.7229008,6.705966104702408,0.01693469529759195
8.660000000000007e-06,6.7069206,6.707023939358448,-0.00010333935844819564
8.680000000000007e-06,6.6959155,6.707364753439195,-0.011449253439194784
8.700000000000008e-06,6.6942481,6.707074599045779,-0.012826499045778483
8.720000000000008e-06,6.687583,6.706249125698172,-0.018666125698172387
8.740000000000008e-06,6.6790364,6.7049685244821955,-0.025932124482195285
8.760000000000008e-06,6.6773339,6.703279513685543,-0.02594561368554338
8.780000000000007e-06,6.6824752,6.701187611146865,-0.018712411146864838
8.800000000000007e-06,6.6919672,6.698661091397501,-0.006693891397500984
8.820000000000007e-06,6.6958373,6.695645910357008,0.0001913896429917017
8.840000000000007e-06,6.7009411,6.692088848822606,0.008852251177393633
8.860000000000008e-06,6.7079016,6.687964569765446,0.019937030234553177
8.880000000000008e-06,6.7073695,6.683301481776178,0.024068018223822207
8.900000000000008e-06,6.7005912,6.67820136039964,0.02238983960035945
8.920000000000008e-06,6.6937992,6.672848573177321,0.02095062682267912
8.940000000000008e-06,6.6857466,6.667506332287522,0.018240267712477554
8.960000000000007e-06,6.6733169,6.662499394980725,0.010817505019274698
8.980000000000007e-06,6.657133,6.658184736294308,-0.0010517362943076591
9.000000000000007e-06,6.6428046,6.654913645666892,-0.012109045666892193
9.020000000000009e-06,6.6346942,6.65299018433252,-0.018295984332519666
9.040000000000008e-06,6.6296853,6.652631732866906,-0.022946432866906008
9.060000000000008e-06,6.6240381,6.6539372905477085,-0.02989919054770862
9.080000000000008e-06,6.625855,6.656868248056458,-0.031013248056458664
9.100000000000008e-06,6.6426149,6.661244663157407,-0.018629763157407275
9.120000000000008e-06,6.6643455,6.666757826949238,-0.002412326949237986
9.140000000000007e-06,6.6841908,6.672997431421721,0.011193368578278573
9.160000000000007e-06,6.7002804,6.679489412917766,0.020790987082233592
9.180000000000009e-06,6.7045117,6.685739074372134,0.01877262562786619
9.200000000000008e-06,6.7081033,6.691273706398934,0.016829593601066506
9.220000000000008e-06,6.7104317,6.695679595804918,0.014752104195082438
9.240000000000008e-06,6.7114969,6.698629691361731,0.01286720863826929
9.260000000000008e-06,6.7125455,6.699899869775172,0.012645630224827897
9.280000000000008e-06,6.7029816,6.699373403966695,0.003608196033304978
9.300000000000008e-06,6.6909076,6.697034730952415,-0.0061271309524153494
9.320000000000007e-06,6.6819325,6.692954851413609,-0.011022351413608966
9.340000000000009e-06,6.6766793,6.687271526228064,-0.010592226228063772
9.360000000000009e-06,6.6701621,6.680167716144834,-0.010005616144834306
9.380000000000008e-06,6.663627,6.671851410939815,-0.008224410939814852
9.400000000000008e-06,6.6564505,6.662539263829285,-0.006088763829285249
9.420000000000008e-06,6.6455162,6.652445522250694,-0.006929322250694092
9.440000000000008e-06,6.6320702,6.641776817970142,-0.009706617970142162
9.460000000000008e-06,6.6254615,6.6307325301147495,-0.0052710301147493865
9.480000000000007e-06,6.624444,6.619509658654677,0.004934341345323112
9.500000000000007e-06,6.6209152,6.608310438586059,0.012604761413940402
9.520000000000009e-06,6.609889,6.597350387517308,0.01253861248269228
9.540000000000009e-06,6.5969746,6.5868643115255985,0.010110288474401763
9.560000000000008e-06,6.5852883,6.57710813587364,0.008180164126359912
9.580000000000008e-06,6.5742065,6.568355212464934,0.005851287535065808
9.600000000000008e-06,6.5643526,6.5608867520068666,0.003465847993133764
9.620000000000008e-06,6.5544801,6.55497699754714,-0.0004968975471397741
9.640000000000008e-06,6.5458352,6.550874552549712,-0.005039352549712106
9.660000000000007e-06,6.5415342,6.548781829614716,-0.007247629614716367
9.680000000000007e-06,6.5459399,6.548834848475184,-0.0028949484751841226
9.700000000000009e-06,6.5509496,6.5510855684456075,-0.00013596844560748167
9.720000000000009e-06,6.5515774,6.555488655187425,-0.003911255187424523
9.740000000000008e-06,6.5515628,6.56189419459435,-0.010331394594349952
9.760000000000008e-06,6.5565153,6.570047485074882,-0.013532185074882186
9.780000000000008e-06,6.5676812,6.5795966261350785,-0.011915426135078455
9.800000000000008e-06,6.5838137,6.590108033273009,-0.0062943332730087675
9.820000000000008e-06,6.6042893,6.601089171634502,0.0032001283654974344
9.840000000000007e-06,6.6210056,6.612016831371969,0.008988768628030996
9.860000000000007e-06,6.6314694,6.622368438234423,0.009100961765577509
9.880000000000009e-06,6.6431598,6.631653473894915,0.011506326105084952
9.900000000000009e-06,6.6498441,6.639442191385464,0.010401908614536381
9.920000000000008e-06,6.6465362,6.645389381064786,0.0011468189352141778
9.940000000000008e-06,6.6463244,6.649251777965842,-0.002927377965842304
9.960000000000008e-06,6.649209,6.650898562916823,-0.0016895629168232063
9.980000000000008e-06,6.6495804,6.650315071326662,-0.0007346713266622729
1e-05,6.6493084,6.647600160663708,0.001708239336291939
1.002e-05,6.6465233,6.6429577485440685,0.003565551455931626
1.004e-05,6.6468343,6.636682989783585,0.0101513102164148
1.006e-05,6.640269,6.629143592210179,0.011125407789821296
1.008e-05,6.6237112,6.620757002585171,0.0029541974148283856
1.01e-05,6.6090028,6.611964672708752,-0.0029618727087523666
1.012e-05,6.5911578,6.603205257519673,-0.012047457519672733
1.014e-05,6.576409,6.594889162359582,-0.018480162359582053
1.016e-05,6.5697423,6.5873770449185844,-0.017634744918584744
1.018e-05,6.5692881,6.580964485149999,-0.011676385149999469
1.02e-05,6.57193,6.575874064911815,-0.003944064911815204
1.022e-05,6.5739285,6.572254768198187,0.001673731801813183
1.024e-05,6.5821396,6.570187279730597,0.01195232026940296
1.026e-05,6.5853444,6.569692775840128,0.015651624159872313
1.028e-05,6.5860359,6.570742399737282,0.01529350026271814
1.03e-05,6.5879535,6.5732648724145974,0.014688627585402791
1.032e-05,6.5842415,6.577150537172327,0.007090962827673408
1.034e-05,6.5817556,6.582251360412691,-0.0004957604126909487
1.036e-05,6.5836124,6.588377719559176,-0.004765319559176362
1.038e-05,6.5854488,6.5952939001170705,-0.009845100117070515
1.04e-05,6.5866415,6.6027148687008985,-0.016073368700898705
1.042e-05,6.5921767,6.6103069769392375,-0.018130276939237966
1.044e-05,6.6033014,6.617694779604868,-0.01439337960486764
1.046e-05,6.6150294,6.6244751876989625,-0.009445787698962427
1.048e-05,6.6248679,6.630238868022052,-0.005370968022051947
1.05e-05,6.6359333,6.634597376870048,0.001335923129951233
1.052e-05,6.6494719,6.637213243203363,0.012258656796636735
1.054e-05,6.659251,6.637829322779111,0.02142167722088928
1.056e-05,6.6596614,6.636293405650994,0.02336799434900616
1.058e-05,6.6525728,6.632574411178633,0.019998388821366397
1.06e-05,6.6392322,6.626767581400719,0.012464618599281607
1.062e-05,6.6264955,6.619087725730981,0.007407774269019285
1.064e-05,6.6075068,6.609851435025675,-0.002344635025674613
1.066e-05,6.5816429,6.5994508766154985,-0.017807976615498156
1.068e-05,6.565109,6.588322975403599,-0.02321397540359893
1.07e-05,6.5541656,6.576918240148906,-0.02275264014890599
1.072e-05,6.5525527,6.565673074564829,-0.013120374564829618
1.074e-05,6.5559074,6.554988188486643,0.0009192115133567214
1.076e-05,6.5498939,6.545214043071273,0.004679856928726522
1.078e-05,6.5451075,6.536642653942094,0.008464846057906428
1.08e-05,6.5390555,6.529503996052772,0.009551503947228035
1.082e-05,6.5336075,6.523964887404403,0.009642612595596844
1.084e-05,6.5293869,6.52012847994893,0.00925842005107036
1.086e-05,6.5214079,6.518033133460568,0.003374766539431917
1.088e-05,6.5165261,6.517650276995136,-0.0011241769951357838
1.09e-05,6.5159881,6.518881688748867,-0.0028935887488668044
1.092e-05,6.5185479,6.521557282205951,-0.003009382205950928
1.094e-05,6.5198425,6.5254348570979,-0.005592357097899736
1.096e-05,6.5211188,6.530203335512423,-0.009084535512423386
1.098e-05,6.5248699,6.535490807185969,-0.010620907185969308
1.1e-05,6.5304725,6.540878299800733,-0.010405799800732751
1.102e-05,6.5373033,6.54591957843378,-0.00861627843377999
1.104e-05,6.5428694,6.550166478382577,-0.0072970783825772045
1.106e-05,6.5527803,6.553198357443952,-0.0004180574439516249
1.108e-05,6.5657898,6.554653341198525,0.011136458801475513
1.11e-05,6.572549,6.554258292551001,0.0182907074489993
1.112e-05,6.5711882,6.551854070610392,0.0193341293896081
1.114e-05,6.5610841,6.547412854313133,0.013671245686867728
1.116e-05,6.5497163,6.541045160042328,0.00867113995767177
1.118e-05,6.5358383,6.532995514263678,0.0028427857363215736
1.12e-05,6.5194505,6.52362720971025,-0.004176709710250748
1.122e-05,6.5074088,6.5133978275136934,-0.005989027513693124
1.124e-05,6.4990899,6.502828024234864,-0.003738124234863527
1.126e-05,6.490131,6.4924664021278495,-0.0023354021278496617
1.128e-05,6.4799091,6.482853192520584,-0.0029440925205834745
1.13e-05,6.4727872,6.474485169167099,-0.001697969167098634
1.132e-05,6.4662722,6.467783847705461,-0.0015116477054615274
1.134e-05,6.4591178,6.463068710736743,-0.003950910736743474
1.136e-05,6.4544405,6.460536933215689,-0.006096433215689423
1.138e-05,6.4534868,6.46025083105399,-0.006764031053990038
1.14e-05,6.453141,6.462133954551335,-0.008992954551335863
1.142e-05,6.4571429,6.465976333962591,-0.008833433962591286
1.144e-05,6.4636229,6.471448823791984,-0.007825923791983769
1.146e-05,6.4719581,6.478125795826991,-0.006167695826991171
1.148e-05,6.4902508,6.485514650591786,0.0047361494082140965
1.15e-05,6.5035429,6.493089853931642,0.010453046068358063
1.152e-05,6.5099649,6.50032862172258,0.009636278277420196
1.154e-05,6.5176195,6.506745157834651,0.01087434216534966
1.156e-05,6.5215205,6.5119206035773045,0.009599896422695764
1.158e-05,6.5210451,6.515526521838753,0.005518578161247234
1.16e-05,6.5186863,6.51734063355071,0.0013456664492901282
1.162e-05,6.5188072,6.517254446671544,0.001552753328456724
1.164e-05,6.5133058,6.515273208427013,-0.001967408427012707
1.166e-05,6.5084148,6.511509172258515,-0.0030943722585154987
1.168e-05,6.505381,6.5061694778277195,-0.0007884778277196247
1.17e-05,6.4967255,6.499540029667857,-0.002814529667857002
1.172e-05,6.4893042,6.491966688839371,-0.0026624888393707025
1.174e-05,6.4818707,6.483834928300502,-0.0019642283005021355
1.176e-05,6.4731788,6.475548896763105,-0.0023700967631050673
1.178e-05,6.4675914,6.467510612069951,8.078793004884233e-05
1.18e-05,6.4669787,6.460099782724972,0.006878917275027874
1.182e-05,6.4632384,6.453654581707508,0.009583818292491664
1.184e-05,6.4538775,6.44845365926738,0.005423840732619922
1.186e-05,6.4432591,6.444699875175764,-0.0014407751757641307
1.188e-05,6.4357464,6.442506655258981,-0.006760255258980941
1.19e-05,6.4313397,6.441888366577695,-0.010548666577695265
1.192e-05,6.4262996,6.442756397244331,-0.0164567972443308
1.194e-05,6.4262356,6.444922508886603,-0.01868690888660307
1.196e-05,6.4367575,6.448110423542292,-0.011352923542292004
1.198e-05,6.4522559,6.4519755614352565,0.0002803385647434098
1.2e-05,6.4658753,6.456131543048559,0.009743756951441362
1.202e-05,6.4769926,6.46018083587047,0.016811764129530005
1.204e-05,6.4787521,6.463746151965845,0.015005948034155558
1.206e-05,6.4730237,6.466499147629363,0.006524552370636982
1.208e-05,6.472273,6.4681836225927745,0.004089377407225925
1.21e-05,6.473384,6.468631478065609,0.004752521934391574
1.212e-05,6.4695009,6.4677707918875535,0.001730108112446338
1.214e-05,6.4624938,6.465626247723808,-0.0031324477238081627
1.216e-05,6.4592189,6.462312750218206,-0.0030938502182058514
1.218e-05,6.4596765,6.458023401476922,0.0016530985230778228
1.22e-05,6.4551409,6.453013141872508,0.0021277581274921076
1.222e-05,6.4474822,6.447579334350611,-9.713435061176057e-05
1.224e-05,6.44231,6.442040512103892,0.00026948789610781176
1.226e-05,6.4371315,6.436714506449676,0.0004169935503233191
1.228e-05,6.427584,6.431897224293004,-0.004313224293003515
1.23e-05,6.4211471,6.4278433906214065,-0.006696290621406753
1.232e-05,6.4215603,6.424750543343047,-0.0031902433430470722
1.234e-05,6.4176052,6.422747409590079,-0.005142209590079716
1.236e-05,6.4136451,6.421887482388342,-0.008242382388341518
1.238e-05,6.4190294,6.422148185646686,-0.0031187856466861064
1.24e-05,6.4256557,6.423435517659545,0.002220182340455068
1.242e-05,6.4272918,6.425593552615897,0.0016982473841027357
1.244e-05,6.4307936,6.42841774057111,0.0023758594288905144
1.246e-05,6.4336684,6.431670683706847,0.00199771629315304
1.248e-05,6.4346699,6.435099020302273,-0.0004291203022726009
1.25e-05,6.4406543,6.438450155773045,0.0022041442269555844
1.252e-05,6.4472591,6.441487743940134,0.005771356059866228
1.254e-05,6.4488751,6.444004989520449,0.004870110479551215
1.256e-05,6.4504886,6.445835037985568,0.004653562014431678
1.258e-05,6.4496068,6.446857998687068,0.002748801312931981
1.26e-05,6.4437371,6.447004525536414,-0.003267425536414237
1.262e-05,6.438489,6.4462562866373005,-0.007767286637300863
1.264e-05,6.4388491,6.444643959900348,-0.005794859900348115
1.266e-05,6.4398316,6.442243466326077,-0.002411866326077039
1.268e-05,6.4414362,6.439170949092279,0.002265250907720784
1.27e-05,6.4417934,6.435576620348243,0.00621677965175671
1.272e-05,6.4390337,6.431637233310405,0.007396466689595371
1.274e-05,6.4362736,6.427546792555947,0.008726807444053186
1.276e-05,6.4285273,6.423505284076468,0.0050220159235321304
1.278e-05,6.4195345,6.419705657674436,-0.00017115767443609542
1.28e-05,6.4117884,6.416319899239987,-0.004531499239987191
1.282e-05,6.4052894,6.413485603405106,-0.008196203405105962
1.284e-05,6.4012843,6.411294808445414,-0.010010508445414068
1.286e-05,6.3972805,6.409786856544363,-0.012506356544363051
1.288e-05,6.395148,6.408946661541288,-0.013798661541287949
1.29e-05,6.4029895,6.408709049412508,-0.005719549412507519
1.292e-05,6.4108329,6.4089688809528145,0.0018640190471854723
1.294e-05,6.4168087,6.409595631484753,0.007213068515246945
1.296e-05,6.4234103,6.410450225631439,0.012960074368560726
1.298e-05,6.4244052,6.411401454530809,0.013003745469190697
1.3e-05,6.4235332,6.412339380407022,0.011193819592977938
1.302e-05,6.4220409,6.413183733176837,0.008857166823163176
1.304e-05,6.4193053,6.413886262767973,0.00541903723202708
1.306e-05,6.4159499,6.414427106537036,0.0015227934629642448
1.308e-05,6.4113518,6.414806257099491,-0.0034544570994903268
1.31e-05,6.4067579,6.415032020584571,-0.008274120584570888
1.312e-05,6.4046614,6.41510883752767,-0.01044743752767019
1.314e-05,6.401323,6.415026932944324,-0.013703932944324038
1.316e-05,6.4011056,6.4147559445690145,-0.013650344569014372
1.318e-05,6.4040093,6.414243978900346,-0.010234678900345351
1.32e-05,6.4069182,6.413422550007462,-0.006504350007462634
1.322e-05,6.4154419,6.412216706879262,0.0032251931207385454
1.324e-05,6.4245944,6.410558546068948,0.01403585393105189
1.326e-05,6.4287664,6.408401475689046,0.020364924310953825
1.328e-05,6.4217253,6.40573228863815,0.01599301136185005
1.33e-05,6.4128204,6.4025784777407075,0.010241922259292657
1.332e-05,6.4032991,6.3990092392274,0.004289860772599852
1.334e-05,6.3906687,6.39512997792333,-0.004461277923329732
1.336e-05,6.3842784,6.391071443603656,-0.006793043603655846
1.338e-05,6.3791425,6.386975559146124,-0.007833059146123311
1.34e-05,6.3733911,6.382980391691881,-0.009589291691880497
1.342e-05,6.3707643,6.379206590565156,-0.008442290565155552
1.344e-05,6.3700158,6.375747105758967,-0.005731305758967409
1.346e-05,6.369276,6.3726612754327085,-0.00338527543270839
1.348e-05,6.3710382,6.369973582513692,0.0010646174863078173
1.35e-05,6.3728095,6.367676664446136,0.0051328355538640125
1.352e-05,6.3696039,6.3657376347303,0.003866265269700797
1.354e-05,6.364538,6.364106519806493,0.0004314801935070278
1.356e-05,6.3613518,6.362725632704718,-0.0013738327047185805
1.358e-05,6.3600455,6.361538897317095,-0.0014933973170947468
1.36e-05,6.3599961,6.360500346366197,-0.0005042463661970586
1.362e-05,6.3605805,6.359581124561052,0.0009993754389485687
1.364e-05,6.3636687,6.358774325865435,0.0048943741345652825
1.366e-05,6.3698841,6.358096961076842,0.011787138923158302
1.368e-05,6.3680081,6.357588410383617,0.010419689616383288
1.37e-05,6.3605339,6.357304984872721,0.003228915127278853
1.372e-05,6.3561876,6.357310754644252,-0.0011231546442518336
1.374e-05,6.3537228,6.357665507115955,-0.003942707115955457
1.376e-05,6.3556326,6.358411352128961,-0.0027787521289610595
1.378e-05,6.3556846,6.35955987867833,-0.003875278678330041
1.38e-05,6.3520094,6.3610818292628055,-0.009072429262805493
1.382e-05,6.35084,6.3629010590181165,-0.012061059018116715
1.384e-05,6.3527996,6.364894154702982,-0.012094554702981597
1.386e-05,6.3572653,6.366896496506943,-0.009631196506942885
1.388e-05,6.3654839,6.368714731106421,-0.0032308311064213058
1.39e-05,6.3737158,6.370144651707467,0.0035711482925329108
1.392e-05,6.3788451,6.370992529121551,0.00785257087844915
1.394e-05,6.3802487,6.371097235168982,0.009151464831018252
1.396e-05,6.3797963,6.370350219650339,0.009446080349660768
1.398e-05,6.384344,6.36871059131741,0.015633408682589334
1.4e-05,6.3826732,6.366213142750176,0.01646005724982391
1.402e-05,6.372291,6.3629680510782505,0.00932294892174923
1.404e-05,6.3594302,6.359152107230239,0.0002780927697614288
1.406e-05,6.3465842,6.354992562947823,-0.0084083629478231
1.408e-05,6.3387392,6.350745803049817,-0.012006603049816711
1.41e-05,6.3334022,6.346673750424759,-0.013271550424758694
1.412e-05,6.3343132,6.343020996376783,-0.00870779637678254
1.414e-05,6.3352394,6.339995140857124,-0.00475574085712438
1.416e-05,6.3368045,6.337751940650093,-0.0009474406500924459
1.418e-05,6.3396317,6.33638589321462,0.003245806785379557
1.42e-05,6.340605,6.33592608469361,0.004678915306389975
1.422e-05,6.339101,6.336336648039622,0.002764351960378164
1.424e-05,6.3344968,6.337521033545163,-0.00302423354516268
1.426e-05,6.3361414,6.339329401024451,-0.0031880010244513812
1.428e-05,6.3396722,6.341568632473518,-0.001896432473517784
1.43e-05,6.3407267,6.344014565805006,-0.0032878658050057297
1.432e-05,6.3430444,6.346425986031353,-0.003381586031353301
1.434e-05,6.349742,6.34855971283444,0.0011822871655597922
1.436e-05,6.3583264,6.350185873830774,0.008140526169226447
1.438e-05,6.3582023,6.351102242529264,0.007100057470736054
1.44e-05,6.356849,6.351146462235632,0.005702537764368465
1.442e-05,6.3548899,6.350205170386964,0.004684729613035898
1.444e-05,6.3485855,6.348219476683518,0.000366023316482611
1.446e-05,6.3410523,6.345186804749481,-0.004134504749480961
1.448e-05,6.3335369,6.341159607084147,-0.007622707084146363
1.45e-05,6.3291557,6.336241759690054,-0.007086059690053936
1.452e-05,6.3285322,6.330583446277507,-0.0020512462775075235
1.454e-05,6.327927,6.324375055568465,0.003551944431534615
1.456e-05,6.3211074,6.317840166049091,0.0032672339509085546
1.458e-05,6.3174226,6.311227290919761,0.006195309080239575
1.46e-05,6.313133,6.304799882436253,0.008333117563746661
1.462e-05,6.304499,6.298824213246745,0.0056747867532545015
1.464e-05,6.2958837,6.293555122142245,0.0023285778577548655
1.466e-05,6.289157,6.2892201409809445,-6.31409809441763e-05
1.468e-05,6.282449,6.286003084657856,-0.003554084657856116
1.47e-05,6.2788763,6.284028646186138,-0.005152346186137358
1.472e-05,6.2784389,6.283349783594451,-0.004910883594450688
1.474e-05,6.2755274,6.2839396721739895,-0.008412272173989876
1.476e-05,6.2726351,6.285689742253385,-0.01305464225338504
1.478e-05,6.274125,6.288414860765155,-0.014289860765154927
1.48e-05,6.2831134,6.291866045749306,-0.008752645749305898
1.482e-05,6.2946144,6.295750216300237,-0.001135816300236847
1.484e-05,6.3055116,6.299755444584067,0.005756155415933328
1.486e-05,6.3139353,6.303579195698334,0.01035610430166578
1.488e-05,6.3198857,6.306956384843145,0.012929315156855026
1.49e-05,6.3233627,6.3096839414072505,0.01367875859274914
1.492e-05,6.3243664,6.311638977852269,0.012727422147730927
1.494e-05,6.3228967,6.312788512740448,0.010108187259552537
1.496e-05,6.3177072,6.313189820355029,0.004517379644971342
1.498e-05,6.3119142,6.3129816860971,-0.0010674860970993905
1.5e-05,6.308011,6.312367950588173,-0.004356950588173092
1.502e-05,6.3053742,6.311595556665227,-0.006221356665227162
1.504e-05,6.304004,6.310929757982622,-0.006925757982622294
1.506e-05,6.3039004,6.310629186131688,-0.00672878613168848
1.508e-05,6.3044401,6.310923177248034,-0.006483077248033986
1.51e-05,6.3049998,6.311993244970438,-0.0069934449704378565
1.512e-05,6.3086959,6.313959961416788,-0.005264061416787591
1.514e-05,6.3149052,6.316875845750543,-0.001970645750542843
1.516e-05,6.3217578,6.3207242134597434,0.00103358654025687
1.518e-05,6.327384,6.325423368288286,0.0019606317117144556
1.52e-05,6.3330302,6.330835096644177,0.0021951033558229582
1.522e-05,6.3399429,6.336776205066916,0.003166694933083747
1.524e-05,6.3450062,6.343031821827715,0.001974378172285185
1.526e-05,6.3525829,6.349369311029079,0.003213588970920611
1.528e-05,6.3608033,6.355551859409508,0.005251440590491541
1.53e-05,6.3621882,6.361351053139062,0.000837146860938276
1.532e-05,6.3642168,6.366558049026527,-0.0023412490265268815
1.534e-05,6.366889,6.37099323696544,-0.004104236965440045
1.536e-05,6.3677121,6.374514516985334,-0.006802416985333792
1.538e-05,6.3735417,6.377024376721563,-0.003482676721563216
1.54e-05,6.3793918,6.378475800859758,0.0009159991402416523
1.542e-05,6.3846389,6.3788767213271775,0.005762178672822138
1.544e-05,6.3886598,6.378292371477423,0.010367428522576994
1.546e-05,6.383352,6.376844727154548,0.00650727284545205
1.548e-05,6.376818,6.374708340515679,0.0021096594843212912
1.55e-05,6.3727974,6.372102299765029,0.0006951002349708801
1.552e-05,6.368797,6.369278629264246,-0.00048162926424577535
1.554e-05,6.3660635,6.366507972982783,-0.0004444729827826066
1.556e-05,6.3602338,6.364063747761768,-0.00382994776176826
1.558e-05,6.355671,6.362206095866848,-0.006535095866848195
1.56e-05,6.3542448,6.361166940713965,-0.006922140713965241
1.562e-05,6.3559551,6.361137262240498,-0.005182162240497945
1.564e-05,6.3614252,6.362257351642982,-0.0008321516429816711
1.566e-05,6.3669153,6.364610320243771,0.0023049797562286756
1.568e-05,6.3774116,6.368218643170164,0.00919295682983634
1.57e-05,6.3829416,6.3730431767471565,0.00989842325284318
1.572e-05,6.3797659,6.378984036259543,0.0007818637404568562
1.574e-05,6.3822197,6.38588299884844,-0.0036632988484397444
1.576e-05,6.3890563,6.393527588672502,-0.004471288672501572
1.578e-05,6.3940429,6.401657460125383,-0.00761456012538364
1.58e-05,6.3996727,6.409973885970858,-0.010301185970858384
1.582e-05,6.4084386,6.418152992770266,-0.009714392770265867
1.584e-05,6.4178478,6.425862907428827,-0.00801510742882705
1.586e-05,6.4310164,6.432784271982251,-0.0017678719822509237
1.588e-05,6.4442043,6.438632760760847,0.005571539239152656
1.59e-05,6.4530486,6.4431814605043725,0.009867139495627342
1.592e-05,6.4637818,6.44628045703926,0.01750134296074002
1.594e-05,6.4683013,6.447870898513896,0.02043040148610409
1.596e-05,6.4634908,6.447991280435643,0.015499519564357023
1.598e-05,6.4530898,6.446774712240784,0.006315087759215743
1.6e-05,6.4408377,6.444437325602026,-0.0035996256020256467
1.602e-05,6.4292275,6.441259463063609,-0.012031963063609652
1.604e-05,6.4176359,6.437562449961484,-0.01992654996148424
1.606e-05,6.4185281,6.4336842748825545,-0.01515617488255483
1.608e-05,6.4238015,6.4299572494697665,-0.006155749469766825
1.61e-05,6.4253537,6.426689802259352,-0.001336102259352323
1.612e-05,6.4275472,6.424153321021995,0.003393878978005027
1.614e-05,6.4266424,6.422573814771465,0.004068585228535149
1.616e-05,6.4251321,6.422127421447867,0.0030046785521324892
1.618e-05,6.4292488,6.422938510182067,0.006310289817933246
1.62e-05,6.430267,6.425079212923281,0.005187787076718742
1.622e-05,6.4325495,6.428569522552375,0.003979977447625238
1.624e-05,6.4367193,6.43337751047473,0.003341789525269867
1.626e-05,6.4365439,6.439419682202328,-0.002875782202328203
1.628e-05,6.4407486,6.4465619346325225,-0.005813334632522427
1.63e-05,6.4462171,6.454621905678376,-0.008404805678376093
1.632e-05,6.4566889,6.463373608998884,-0.006684708998884403
1.634e-05,6.4702941,6.472555059848376,-0.002260959848375599
1.636e-05,6.4795533,6.481879156268315,-0.00232585626831483
1.638e-05,6.4888292,6.491047516660406,-0.002218316660406394
1.64e-05,6.4999915,6.499766447976788,0.00022505202321188023
1.642e-05,6.5117934,6.50776382123053,0.004029578769469744
1.644e-05,6.521742,6.514805382181076,0.006936617818923629
1.646e-05,6.5292137,6.5207089374172025,0.008504762582797198
1.648e-05,6.5317154,6.525354973242434,0.0063604267575660955
1.65e-05,6.5298702,6.528692617345599,0.0011775826544013768
1.652e-05,6.5311571,6.530740392456642,0.0004167075433576528
1.654e-05,6.5349526,6.531581802048292,0.0033707979517076936
1.656e-05,6.5344007,6.531356285449299,0.0030444145507013687
1.658e-05,6.5326175,6.530246428502028,0.0023710714979721104
1.66e-05,6.5296029,6.528462570250102,0.0011403297498988607
1.662e-05,6.5197473,6.526226180248912,-0.006478880248912411
1.664e-05,6.5130227,6.523753591556318,-0.010730891556318234
1.666e-05,6.5144152,6.5212417636140785,-0.006826563614078296
1.668e-05,6.5145757,6.518857592037831,-0.004281892037830914
1.67e-05,6.5110111,6.5167318358000985,-0.005720735800098353
1.672e-05,6.5093306,6.514958093293449,-0.005627493293449248
1.674e-05,6.5082874,6.513596585949291,-0.005309185949290196
1.676e-05,6.5122443,6.512681892689749,-0.0004375926897495219
1.678e-05,6.5205779,6.512233230950463,0.00834466904953679
1.68e-05,6.5245624,6.51226543251324,0.012296967486760124
1.682e-05,6.5254442,6.5127985375053115,0.012645662494688459
1.684e-05,6.5244693,6.513864083501798,0.010605216498201564
1.686e-05,6.5235074,6.515506759001528,0.008000640998472086
1.688e-05,6.5188186,6.51778101635797,0.0010375836420299933
1.69e-05,6.5141425,6.520743276096621,-0.006600776096620464
1.692e-05,6.5175813,6.524441256877744,-0.006859956877744544
1.694e-05,6.5216559,6.5289025300233074,-0.00724663002330761
1.696e-05,6.5232496,6.534124516528173,-0.010874916528173628
1.698e-05,6.5279717,6.540067840105416,-0.01209614010541582
1.7e-05,6.5370684,6.546654330923241,-0.009585930923241115
1.702e-05,6.5511627,6.553770148259626,-0.0026074482596261106
1.704e-05,6.5683848,6.561273551595456,0.007111248404543247
1.706e-05,6.5825018,6.569005954876541,0.013495845123459027
1.708e-05,6.5885273,6.576804286870921,0.011723013129079085
1.71e-05,6.588954,6.5845125704854075,0.0044414295145926985
1.712e-05,6.5943773,6.591991068579482,0.002386231420517859
1.714e-05,6.6010574,6.599122129099816,0.001935270900184527
1.716e-05,6.6071247,6.605812685009078,0.001312014990921817
1.718e-05,6.6088396,6.6119939959962934,-0.0031543959962938573
1.72e-05,6.6080718,6.6176196028456795,-0.009547802845679243
1.722e-05,6.6166632,6.62266262513097,-0.005999425130970515
1.724e-05,6.6221481,6.62711346056795,-0.004965360567949162
1.726e-05,6.6270195,6.63097862123456,-0.003959121234559326
1.728e-05,6.6368867,6.6342809292588445,0.002605770741155311
1.73e-05,6.6430238,6.6370607430853825,0.005963056914617404
1.732e-05,6.6454305,6.63937746178668,0.00605303821332015
1.734e-05,6.6447299,6.641310381441231,0.0034195185587684307
1.736e-05,6.6440382,6.642958094806367,0.0010801051936324413
1.738e-05,6.6446017,6.644435962229747,0.00016573777025286063
1.74e-05,6.6470436,6.645871584955558,0.0011720150444416433
1.742e-05,6.6488707,6.64739854389813,0.0014721561018697926
1.744e-05,6.6475898,6.649148880485903,-0.0015590804859026974
1.746e-05,6.6500567,6.6512449210839675,-0.0011882210839671004
1.748e-05,6.6531546,6.6537911192172,-0.0006365192171999823
1.75e-05,6.6543901,6.656866612482313,-0.0024765124823131757
1.752e-05,6.6568796,6.660519151719032,-0.0036395517190319637
1.754e-05,6.6593762,6.6647609573621205,-0.005384757362120851
1.756e-05,6.6674892,6.669566888584441,-0.0020776885844409065
1.758e-05,6.678102,6.674875064821725,0.003226935178274992
1.76e-05,6.6849818,6.680589781531798,0.004392018468202252
1.762e-05,6.687505,6.686586306098509,0.0009186939014904638
1.764e-05,6.6937742,6.6927170379188,0.0010571620812003246
1.766e-05,6.6981796,6.698818598551038,-0.0006389985510386609
1.768e-05,6.7000979,6.70471959781471,-0.004621697814709336
1.77e-05,6.7088778,6.710248972836516,-0.0013711728365164433
1.772e-05,6.7139237,6.7152448345318625,-0.0013211345318628887
1.774e-05,6.7158585,6.719563663771575,-0.0037051637715750374
1.776e-05,6.721538,6.723089516160959,-0.0015515161609593875
1.778e-05,6.7284691,6.725742676267955,0.0027264237320450135
1.78e-05,6.7335351,6.727486993918153,0.006048106081847138
1.782e-05,6.736736,6.728334991381391,0.00840100861860904
1.784e-05,6.7362016,6.728349841524496,0.007851758475504234
1.786e-05,6.7319319,6.727643566212167,0.0042883337878327765
1.788e-05,6.7239267,6.726371288872247,-0.0024445888722475217
1.79e-05,6.7215349,6.724721978658504,-0.0031870786585042055
1.792e-05,6.7210167,6.722906659833342,-0.0018899598333419476
1.794e-05,6.7148927,6.721145368367022,-0.006252668367022096
1.796e-05,6.7137582,6.719654167378381,-0.005895967378380718
1.798e-05,6.715743,6.718633335168615,-0.0028903351686153655
1.8e-05,6.7196006,6.718257493460231,0.001343106539768435
1.802e-05,6.7215911,6.718668029443682,0.0029230705563181303
1.804e-05,6.7210911,6.71996779161544,0.0011233083845594294
1.806e-05,6.7212166,6.7222178172984846,-0.001001217298484569
1.808e-05,6.7219675,6.725435809671157,-0.003468309671156966
1.81e-05,6.7314459,6.72959614329464,0.0018497567053596953
1.812e-05,6.7409263,6.734631224184233,0.006295075815766715
1.814e-05,6.7423061,6.740434027428696,0.001872072571304173
1.816e-05,6.7455574,6.746861655499281,-0.0013042554992805933
1.818e-05,6.7506802,6.753739883381786,-0.0030596833817861935
1.82e-05,6.7576739,6.760868847098416,-0.0031949470984153905
1.822e-05,6.7659153,6.768030158999109,-0.002114858999109792
1.824e-05,6.7716645,6.774995701553019,-0.0033312015530189143
1.826e-05,6.7755446,6.78153817183661,-0.005993571836610201
1.828e-05,6.7825417,6.7874431816942495,-0.004901481694249199
1.83e-05,6.7914093,6.792522395454014,-0.001113095454014612
1.832e-05,6.7996538,6.7966268126133516,0.0030269873866481944
1.834e-05,6.8097684,6.799658920663164,0.010109479336835925
1.836e-05,6.8142736,6.801582175463768,0.012691424536232176
1.838e-05,6.8137928,6.802426273116462,0.011366526883537453
1.84e-05,6.8070793,6.802287064665769,0.004792235334230455
1.842e-05,6.7978726,6.801320703387035,-0.003448103387035495
1.844e-05,6.7955209,6.799732511123401,-0.004211611123401404
1.846e-05,6.7956611,6.797761821778423,-0.002100721778422354
1.848e-05,6.7920604,6.795664487682585,-0.003604087682584911
1.85e-05,6.7897046,6.79369478579821,-0.0039901857982096445
1.852e-05,6.789217,6.792088261359579,-0.002871261359579158
1.854e-05,6.7881043,6.79104674193456,-0.0029424419345600583
1.856e-05,6.7876126,6.790726421797451,-0.0031138217974504556
1.858e-05,6.7877419,6.791229580421533,-0.0034876804215322466
1.86e-05,6.7928551,6.792600171807691,0.0002549281923087676
1.862e-05,6.7979658,6.7948232139601545,0.0031425860398455185
1.864e-05,6.7980879,6.797827645888631,0.0002602541113683188
1.866e-05,6.7994538,6.801492150997121,-0.002038350997120908
1.868e-05,6.8064262,6.805653396882403,0.0007728031175968653
1.87e-05,6.8109023,6.81011617055984,0.0007861294401605434
1.872e-05,6.8135055,6.814664920981018,-0.0011594209810183997
1.874e-05,6.8173518,6.819076225745968,-0.0017244257459676504
1.876e-05,6.822441,6.823131686915612,-0.0006906869156111384
1.878e-05,6.8281498,6.826630732808396,0.0015190671916043286
1.88e-05,6.8307384,6.829402749615006,0.0013356503849948353
1.882e-05,6.8339461,6.831317910308563,0.0026281896914372993
1.884e-05,6.8346567,6.832296058639145,0.0023606413608554533
1.886e-05,6.8334932,6.832313077018548,0.001180122981452314
1.888e-05,6.8317022,6.831404312547639,0.00029788745236025704
1.89e-05,6.8292835,6.829664818113408,-0.00038131811340846866
1.892e-05,6.82686,6.827246336665482,-0.00038633666548193446
1.894e-05,6.825678,6.8243510774995215,0.0013269225004783891
1.896e-05,6.8257375,6.821222396085148,0.004515103914851437
1.898e-05,6.8232988,6.818132529112001,0.005166270887999147
1.9e-05,6.8221012,6.815367623762132,0.006733576237867744
1.902e-05,6.8171584,6.813210505923045,0.003947894076955727
1.904e-05,6.8078469,6.811921981392698,-0.0040750813926972995
1.906e-05,6.8060086,6.81172189873244,-0.005713298732439753
1.908e-05,6.8060346,6.8127715793606525,-0.006736979360652207
1.91e-05,6.806055,6.815159372687802,-0.009104372687802176
1.912e-05,6.8110558,6.818890928152479,-0.007835128152478887
1.914e-05,6.8185439,6.823885317137786,-0.005341417137786131
1.916e-05,6.8297657,6.829977488501865,-0.00021178850186487352
1.918e-05,6.8391116,6.8369268321970695,0.0021847678029303097
1.92e-05,6.8447118,6.844430998176741,0.0002808018232585141
1.922e-05,6.8540456,6.852143692584134,0.0019019074158661553
1.924e-05,6.8639962,6.859694989798985,0.004301210201014705
1.926e-05,6.8677077,6.8667127084655,0.0009949915345002225
1.928e-05,6.872659,6.872843526435122,-0.0001845264351221232
1.93e-05,6.8800968,6.877772696697956,0.0023241033020431345
1.932e-05,6.8837882,6.881241426126426,0.0025467738735738266
1.934e-05,6.8824868,6.8830611541829425,-0.0005743541829428267
1.936e-05,6.8830482,6.883124117451534,-7.591745153412433e-05
1.938e-05,6.8854725,6.881409723076014,0.0040627769239858225
1.94e-05,6.8847733,6.8779863811138435,0.006786918886156457
1.942e-05,6.8797041,6.873008579468539,0.006695520531460275
1.944e-05,6.8683951,6.8667091929813395,0.0016859070186603375
1.946e-05,6.8558322,6.859387360503211,-0.003555160503211141
1.948e-05,6.8463783,6.851392694274639,-0.0050143942746396775
1.95e-05,6.8406563,6.843106947742423,-0.0024506477424228734
1.952e-05,6.8336802,6.834924408556442,-0.001244208556442139
1.954e-05,6.828566,6.827232177890119,0.0013338221098813108
1.956e-05,6.8228211,6.820391259026109,0.0024298409738907623
1.958e-05,6.8139522,6.814719162179772,-0.0007669621797719017
1.96e-05,6.8088151,6.810474630936085,-0.0016595309360845079
1.962e-05,6.8061633,6.807845100048132,-0.0016818000481322315
1.964e-05,6.8035037,6.806937525637807,-0.0034338256378063647
1.966e-05,6.8014595,6.8077732025121644,-0.006313702512164454
1.968e-05,6.8031472,6.81028705277293,-0.007139852772930055
1.97e-05,6.8129296,6.814331616865269,-0.0014020168652688625
1.972e-05,6.8245734,6.819685604172681,0.004887795827318797
1.974e-05,6.8293529,6.826066427793743,0.0032864722062573293
1.976e-05,6.8316308,6.83314579906005,-0.0015149990600500374
1.978e-05,6.8370165,6.840567317231705,-0.003550817231705139
1.98e-05,6.8473797,6.847965038279205,-0.0005853382792047057
1.982e-05,6.8583577,6.854982092003817,0.003375607996183305
1.984e-05,6.8674573,6.8612884224641775,0.0061688775358224035
1.986e-05,6.8734319,6.866596692718959,0.006835207281040923
1.988e-05,6.8712951,6.870675460633799,0.0006196393662012412
1.99e-05,6.8697727,6.873358983358066,-0.003586283358065323
1.992e-05,6.8757207,6.874553383149909,0.0011673168500907494
1.994e-05,6.8760504,6.874239246064828,0.0018111539351712835
1.996e-05,6.8701383,6.8724709108695246,-0.0023326108695247427
1.998e-05,6.8673333,6.869372754312368,-0.002039454312368072
2e-05,6.8638958,6.865132770027033,-0.0012369700270333794
2.002e-05,6.8604489,6.85999370126217,0.0004551987378293987
2.004e-05,6.8582397,6.854241909043248,0.003997790956752567
2.006e-05,6.8553984,6.848194064604062,0.007204335395938344
2.008e-05,6.8500551,6.842181736108646,0.007873363891353513
2.01e-05,6.8409635,6.836534090820667,0.004429409179333099
2.012e-05,6.8312396,6.831559294663476,-0.0003196946634762554
2.014e-05,6.8227532,6.827525700610172,-0.004772500610171981
2.016e-05,6.8130114,6.824644415597252,-0.011633015597252161
2.018e-05,6.8107399,6.823055124031303,-0.012315224031302918
2.02e-05,6.8134456,6.82281696948075,-0.00937136948075068
2.022e-05,6.8180123,6.8239058071175975,-0.005893507117597174
2.024e-05,6.8244397,6.826218328381035,-0.0017786283810350412
2.026e-05,6.8271186,6.8295826280191125,-0.0024640280191121633
2.028e-05,6.8360213,6.833773949213703,0.0022473507862965647
2.03e-05,6.8461619,6.838533739381505,0.007628160618494917
2.032e-05,6.8531776,6.843589819950159,0.009587780049841399
2.034e-05,6.8601846,6.848675435099872,0.011509164900128432
2.036e-05,6.8628197,6.853545225620418,0.009274474379582287
2.038e-05,6.8635757,6.8579867718673455,0.005588928132654658
2.04e-05,6.8612064,6.861827176676702,-0.0006207766767012401
2.042e-05,6.8563348,6.8649350437536665,-0.008600243753666525
2.044e-05,6.8595564,6.867218937516668,-0.007662537516668344
2.046e-05,6.8621456,6.868623796021076,-0.0064781960210762435
2.048e-05,6.8647254,6.869126720464285,-0.004401320464284986
2.05e-05,6.8697888,6.868733153233397,0.001055646766602969
2.052e-05,6.8704805,6.867473879893463,0.0030066201065368503
2.054e-05,6.8686703,6.865402770815671,0.003267529184328488
2.056e-05,6.8643581,6.8625948678198245,0.001763232180175045
2.058e-05,6.8587906,6.859144361703797,-0.0003537617037974172
2.06e-05,6.8550842,6.855162131788331,-7.793178833104264e-05
2.062e-05,6.8532388,6.850772706963273,0.0024660930367268463
2.064e-05,6.8457755,6.846110662970129,-0.00033516297012869956
2.066e-05,6.8389269,6.841316569733206,-0.0023896697332066452
2.068e-05,6.8364324,6.836532667001521,-0.0001002670015211038
2.07e-05,6.8308125,6.83189848147636,-0.001085981476359521
2.072e-05,6.8276767,6.827546585216095,0.00013011478390456688
2.074e-05,6.8251551,6.823598635155645,0.001556464844354899
2.076e-05,6.8201319,6.820161764148997,-2.986414899730505e-05
2.078e-05,6.8163466,6.81732535469522,-0.0009787546952200188
2.08e-05,6.8144227,6.815158228010616,-0.0007355280106162709
2.082e-05,6.813737,6.813706300002467,3.069999753257946e-05
2.084e-05,6.8130424,6.812990757608117,5.164239188282238e-05
2.086e-05,6.8142088,6.813006783078657,0.001202016921343585
2.088e-05,6.8147434,6.813722821809265,0.0010205781907348666
2.09e-05,6.8146462,6.815080381061823,-0.00043418106182269156
2.092e-05,6.8195263,6.816994375369292,0.002531924630707394
2.094e-05,6.8219046,6.819354093349095,0.002550506650904616
2.096e-05,6.8186643,6.822024941173358,-0.00336064117335777
2.098e-05,6.8216477,6.824851214558426,-0.003203514558426157
2.1e-05,6.8264932,6.827660235524548,-0.0011670355245483321
2.102e-05,6.8263453,6.830268200622954,-0.003922900622954195
2.104e-05,6.8249436,6.832487978435465,-0.007544378435464516
2.106e-05,6.8285211,6.83413887144894,-0.0056177714489402675
2.108e-05,6.8327147,6.835058036460343,-0.002343336460342904
2.11e-05,6.8369012,6.835112841573929,0.001788358426070502
2.112e-05,6.8423276,6.834212975619059,0.008114624380940683
2.114e-05,6.8427614,6.832320752026391,0.010440647973608996
2.116e-05,6.8425652,6.82945793101992,0.013107268980079745
2.118e-05,6.836753,6.825707635462399,0.011045364537601188
2.12e-05,6.823455,6.821210566272918,0.0022444337270819403
2.122e-05,6.8126436,6.816155621748772,-0.00351202174877141
2.124e-05,6.8030727,6.810765970367865,-0.007693270367864713
2.126e-05,6.798482,6.805282349447753,-0.006800349447752652
2.128e-05,6.7938856,6.799945663692388,-0.006060063692387985
2.13e-05,6.7867905,6.794980809754763,-0.008190309754762204
2.132e-05,6.7884153,6.790583182062776,-0.002167882062776627
2.134e-05,6.7869177,6.786908696513631,9.003486368897029e-06
2.136e-05,6.7847912,6.784067548954521,0.0007236510454786682
2.138e-05,6.7851521,6.78212141829052,0.0030306817094807315
2.14e-05,6.7817677,6.781083508646607,0.0006841913533923716
2.142e-05,6.7846106,6.780920717759409,0.003689882240590414
2.144e-05,6.7868246,6.781557275220066,0.0052673247799344125
2.146e-05,6.7828005,6.782879356980014,-7.885698001430796e-05
2.148e-05,6.7812645,6.784740414506807,-0.003475914506807065
2.15e-05,6.7847098,6.786967214364662,-0.0022574143646618694
2.152e-05,6.787527,6.7893667811381055,-0.0018397811381056783
2.154e-05,6.7903396,6.791734487028117,-0.0013948870281170755
2.156e-05,6.7906546,6.793863427562888,-0.0032088275628883167
2.158e-05,6.7897185,6.7955550317371225,-0.005836531737122286
2.16e-05,6.7950109,6.796630631483188,-0.0016197314831876142
2.162e-05,6.7965595,6.796943458678324,-0.00038395867832452524
2.164e-05,6.7974807,6.796390240904528,0.0010904590954723403
2.166e-05,6.799021,6.7949212769395135,0.004099723060486227
2.168e-05,6.8005574,6.792547677634127,0.008009722365872385
2.17e-05,6.8020898,6.789344435897148,0.012745364102851653
2.172e-05,6.7961394,6.785448197841529,0.010691202158471746
2.174e-05,6.7889389,6.781049089216303,0.00788981078369666
2.176e-05,6.779242,6.776376701749934,0.002865298250066317
2.178e-05,6.765179,6.771681254799218,-0.006502254799218399
2.18e-05,6.756722,6.767211810922328,-0.010489810922328147
2.182e-05,6.755741,6.763194003374401,-0.007453003374400247
2.184e-05,6.7516405,6.7598098626580825,-0.008169362658082768
2.186e-05,6.7481604,6.757181994241046,-0.009021594241046316
2.188e-05,6.7496634,6.7553636988750965,-0.005700298875096266
2.19e-05,6.7511636,6.7543358273177505,-0.0031722273177505755
2.192e-05,6.7520377,6.754010359641452,-0.0019726596414519904
2.194e-05,6.7547787,6.754239982000027,0.0005387179999729597
2.196e-05,6.7568944,6.754832367596483,0.002062032403516767
2.198e-05,6.7596314,6.755567495754109,0.004063904245890981
2.2e-05,6.7648596,6.75621617404877,0.008643425951230022
2.202e-05,6.7632304,6.756557963656359,0.00667243634364123
2.204e-05,6.7609762,6.756396951909586,0.004579248090413657
2.206e-05,6.7587203,6.755574254323531,0.0031460456764689226
2.208e-05,6.7521002,6.753976689828199,-0.0018764898281986575
2.21e-05,6.7479719,6.751541630470042,-0.003569730470042387
2.212e-05,6.7450891,6.748258447679425,-0.003169347679424561
2.214e-05,6.7428289,6.7441671771720735,-0.0013382771720733544
2.216e-05,6.7386979,6.739354998834503,-0.0006570988345027118
2.218e-05,6.7345663,6.733950952447867,0.0006153475521326612
2.22e-05,6.7291879,6.728119099468285,0.0010688005317156524
2.222e-05,6.7250558,6.72205018624671,0.003005613753289893
2.224e-05,6.723417,6.715951806959461,0.00746519304053983
2.226e-05,6.7161691,6.710037123819803,0.006131976180197007
2.228e-05,6.7045579,6.704512401506408,4.549849359225533e-05
2.23e-05,6.6935697,6.6995639552869255,-0.00599425528692521
2.232e-05,6.6869442,6.695345513617664,-0.008401313617663497
2.234e-05,6.6846814,6.691967273529978,-0.007285873529978559
2.236e-05,6.6861582,6.689487906594203,-0.0033297065942026194
2.238e-05,6.6870119,6.687910422929856,-0.0008985229298561492
2.24e-05,6.6878658,6.687182256731329,0.0006835432686713716
2.242e-05,6.6856035,6.687199402339428,-0.0015959023394280791
2.244e-05,6.6852115,6.68781404545531,-0.0026025454553098015
2.246e-05,6.6879366,6.688844914427689,-0.0009083144276891275
2.248e-05,6.6925322,6.690089446078593,0.002442753921406471
2.25e-05,6.6977521,6.691336750548667,0.006415349451332375
2.252e-05,6.6998565,6.692380285749822,0.0074762142501780815
2.254e-05,6.6982223,6.693029204280414,0.00519309571958626
2.256e-05,6.6934728,6.693117591344668,0.00035520865533200663
2.258e-05,6.6887246,6.692511248278144,-0.0037866482781447885
2.26e-05,6.6864708,6.691112154237578,-0.004641354237577389
2.262e-05,6.684842,6.688861076470149,-0.004019076470148875
2.264e-05,6.6819684,6.685738879112433,-0.0037704791124335557
2.266e-05,6.6803432,6.681766907185851,-0.001423707185851164
2.268e-05,6.6793432,6.677006498652489,0.002336701347511294
2.27e-05,6.6789686,6.671557335188526,0.007411264811474361
2.272e-05,6.6767266,6.66555410760679,0.011172492393209943
2.274e-05,6.6638915,6.659160959276172,0.004730540723827836
2.276e-05,6.6485657,6.652563449348589,-0.00399774934858943
2.278e-05,6.6432146,6.64595829200857,-0.002743692008569276
2.28e-05,6.6359964,6.6395416724077805,-0.0035452724077806863
2.282e-05,6.6306506,6.633497276422569,-0.002846676422568528
2.284e-05,6.6271775,6.627985204252415,-0.0008077042524146094
2.286e-05,6.6199677,6.623132749951315,-0.0031650499513151686
2.288e-05,6.6121376,6.619027760106488,-0.006890160106488352
2.29e-05,6.6105432,6.615715009250445,-0.005171809250444248
2.292e-05,6.6158082,6.613195732550525,0.0026124674494747424
2.294e-05,6.6142208,6.611430106027501,0.002790693972499092
2.296e-05,6.6138837,6.6103421085098,0.0035415914901992807
2.298e-05,6.6141737,6.609825966407123,0.004347733592877212
2.3e-05,6.6107279,6.6097533686848875,0.0009745313151121593
2.302e-05,6.6104024,6.609980824289052,0.00042157571094758595
2.304e-05,6.6057181,6.610356810907134,-0.004638710907133969
2.306e-05,6.6054009,6.6107286096634414,-0.005327709663441205
2.308e-05,6.6138139,6.610948835093041,0.002865064906958814
2.31e-05,6.6147522,6.610881612235732,0.003870587764267519
2.312e-05,6.6119555,6.610408185930209,0.0015473140697910281
2.314e-05,6.6116566,6.609431618554159,0.0022249814458410455
2.316e-05,6.6082463,6.607880254200501,0.00036604579949894855
2.318e-05,6.6060876,6.6057097848010695,0.00037781519893087534
2.32e-05,6.6008177,6.602903949260369,-0.002086249260369044
2.322e-05,6.5967998,6.5994740471757085,-0.0026742471757081887
2.324e-05,6.5946568,6.595457515218915,-0.0008007152189151157
2.326e-05,6.5918958,6.590915785884972,0.000980014115027572
2.328e-05,6.5872702,6.585931546031868,0.001338653968131709
2.33e-05,6.5789104,6.580605395149169,-0.001694995149168932
2.332e-05,6.5761656,6.575051831648684,0.0011137683513160468
2.334e-05,6.5740498,6.5693944850319665,0.004655314968033508
2.336e-05,6.5688233,6.563760543967654,0.005062756032345739
2.338e-05,6.5592398,6.558274413022241,0.0009653869777590529
2.34e-05,6.551532,6.553050803534836,-0.0015188035348359108
2.342e-05,6.5457,6.5481877208876895,-0.0024877208876894485
2.344e-05,6.5398741,6.543760056660731,-0.0038859566607314378
2.346e-05,6.5346777,6.539814612057457,-0.005136912057457366
2.348e-05,6.5313573,6.53636731310801,-0.005010013108010192
2.35e-05,6.5317828,6.5334031444521,-0.0016203444520996868
2.352e-05,6.5290982,6.530878978531125,-0.0017807785311250157
2.354e-05,6.5282897,6.528729081547123,-0.0004393815471228635
2.356e-05,6.5268648,6.52687271610519,-7.916105190020062e-06
2.358e-05,6.5273167,6.525222990622644,0.002093709377356312
2.36e-05,6.5290221,6.52369594583738,0.005326154162619723
2.362e-05,6.5251252,6.522218822268517,0.0029063777314828343
2.364e-05,6.5218588,6.520736530795968,0.0011222692040320226
2.366e-05,6.5229626,6.519215550612839,0.00374704938716075
2.368e-05,6.5246973,6.517644762252914,0.0070525377470858075
2.37e-05,6.5227,6.516033036509931,0.006666963490069122
2.372e-05,6.5175939,6.514403744993844,0.003190155006155493
2.374e-05,6.5075091,6.512786775094765,-0.005277675094764511
2.376e-05,6.5030414,6.51120909774671,-0.008167697746710445
2.378e-05,6.5054373,6.509685308514885,-0.004248008514885271
2.38e-05,6.5041014,6.508209666636982,-0.004108266636982272
2.382e-05,6.50215,6.50675093577804,-0.004600935778039883
2.384e-05,6.4983368,6.505250889023199,-0.0069140890231995655
2.386e-05,6.498271,6.503626829828093,-0.005355829828093128
2.388e-05,6.5025764,6.501777971191157,0.0007984288088422886
2.39e-05,6.5025272,6.499595012574734,0.0029321874252659086
2.392e-05,6.4999935,6.496971798731059,0.0030217012689410794
2.394e-05,6.496845,6.493817638072589,0.003027361927411043
2.396e-05,6.4961981,6.490068779267425,0.006129320732575216
2.398e-05,6.4911968,6.485697682789075,0.0054991172109248865
2.4e-05,6.4849575,6.480719016282934,0.004238483717066366
2.402e-05,6.4818432,6.47519169942421,0.006651500575790337
2.404e-05,6.4718818,6.46921679516895,0.002665004831050588
2.406e-05,6.4588131,6.462931551522455,-0.0041184515224541585
2.408e-05,6.4532326,6.456500378855184,-0.0032677788551840337
2.41e-05,6.4457913,6.450103909136923,-0.004312609136923662
2.412e-05,6.4383593,6.44392742825274,-0.005568128252740223
2.414e-05,6.4334297,6.43814986706223,-0.004720167062230551
2.416e-05,6.4291329,6.432934233411825,-0.003801333411825425
2.418e-05,6.4304552,6.428419953652111,0.002035246347888986
2.42e-05,6.4324098,6.424717156667505,0.007692643332495308
2.422e-05,6.4281406,6.421902584407399,0.006238015592600732
2.424e-05,6.4201409,6.420016676404014,0.00012422359598573962
2.426e-05,6.4177595,6.419061515834753,-0.0013020158347529787
2.428e-05,6.4153872,6.418999657912962,-0.0036124579129621637
2.43e-05,6.4136472,6.419754188014968,-0.006106988014968451
2.432e-05,6.416279,6.4212104987407,-0.004931498740699425
2.434e-05,6.4214128,6.42322017194742,-0.0018073719474198668
2.436e-05,6.4302955,6.425607052989476,0.004688447010523511
2.438e-05,6.4323315,6.428175230521979,0.0041562694780212794
2.44e-05,6.4300141,6.430718343756193,-0.0007042437561928239
2.442e-05,6.4333155,6.433029547855897,0.00028595214410298553
2.444e-05,6.4335099,6.43491156730223,-0.001401667302229903
2.446e-05,6.4337136,6.436186430291308,-0.002472830291307737
2.448e-05,6.4370431,6.43670457728441,0.00033852271559009495
2.45e-05,6.437889,6.436353032540327,0.0015359674596728823
2.452e-05,6.4368744,6.435062256660364,0.0018121433396354192
2.454e-05,6.4358692,6.432811232620712,0.0030579673792878737
2.456e-05,6.4305103,6.429630341589386,0.0008799584106142788
2.458e-05,6.4226676,6.425601678882767,-0.0029340788827676434
2.46e-05,6.4216904,6.42085660868273,0.0008337913172704603
2.462e-05,6.4200994,6.4155704896295775,0.0045289103704222455
2.464e-05,6.4135319,6.409954580649047,0.0035773193509527346
2.466e-05,6.4107137,6.404245197410642,0.006468502589357605
2.468e-05,6.4060349,6.398690331524062,0.007344568475938118
2.47e-05,6.3932627,6.393534234294389,-0.00027153429438886434
2.472e-05,6.3823697,6.389000888152184,-0.006631188152184109
2.474e-05,6.3770954,6.385277734827899,-0.008182334827899318
2.476e-05,6.376193,6.38250132275551,-0.006308322755510076
2.478e-05,6.3752997,6.380746516464739,-0.005446816464738546
2.48e-05,6.3712989,6.380020552117092,-0.008721652117091416
2.482e-05,6.3735395,6.380262641704879,-0.0067231417048789766
2.484e-05,6.380776,6.381349161608131,-0.0005731616081305901
2.486e-05,6.3892688,6.383103791144746,0.0061650088552536175
2.488e-05,6.3946552,6.385311373478699,0.009343826521300613
2.49e-05,6.3913259,6.387733894521609,0.0035920054783913358
2.492e-05,6.3898761,6.3901269456226455,-0.0002508456226451017
2.494e-05,6.3934221,6.392255336399636,0.0011667636003647175
2.496e-05,6.394485,6.393906969487656,0.0005780305123446183
2.498e-05,6.3943112,6.394904468614864,-0.0005932686148639732
2.5e-05,6.3941473,6.395114277049825,-0.0009669770498250685
2.502e-05,6.3952399,6.394453045604866,0.0007868543951339291
2.504e-05,6.3969656,6.3928911638038715,0.004074436196128239
2.506e-05,6.3943382,6.390453299488097,0.0038849005119026003
2.508e-05,6.3892279,6.387215857910081,0.0020120420899187863
2.51e-05,6.3835044,6.3833014073353,0.0002029926646995861
2.512e-05,6.3777912,6.3788703448708475,-0.0010791448708475926
2.514e-05,6.3739581,6.3741103231044764,-0.00015222310447615683
2.516e-05,6.368888,6.369224139272612,-0.0003361392726120016
2.518e-05,6.3613343,6.3644168673134605,-0.0030825673134602383
2.52e-05,6.3581528,6.359883006425748,-0.0017302064257478378
2.522e-05,6.358097,6.355794355562345,0.0023026444376545996
2.524e-05,6.3524412,6.352289219879075,0.00015198012092554336
2.526e-05,6.3480413,6.349463444309521,-0.00142214430952059
2.528e-05,6.3473903,6.3473636967325975,2.6603267402336428e-05
2.53e-05,6.3417624,6.345983399369263,-0.004220999369263012
2.532e-05,6.3380135,6.345261685752743,-0.007248185752743552
2.534e-05,6.3411296,6.3450856726524805,-0.003956072652480103
2.536e-05,6.3448783,6.345296127153344,-0.00041782715334370835
2.538e-05,6.3492596,6.345696273782952,0.003563326217047802
2.54e-05,6.3511566,6.346063108843804,0.005093491156196173
2.542e-05,6.3468297,6.346160318070089,0.0006693819299110615
2.544e-05,6.3450046,6.3457518380085425,-0.0007472380085422614
2.546e-05,6.3469277,6.344615241459131,0.0023124585408691445
2.548e-05,6.3451204,6.342554342390546,0.0025660576094539422
2.55e-05,6.3377128,6.33941060040275,-0.001697800402749472
2.552e-05,6.3303143,6.335073039011316,-0.00475873901131596
2.554e-05,6.3272877,6.329486486662631,-0.0021987866626309582
2.556e-05,6.323647,6.322657970664287,0.0009890293357130986
2.558e-05,6.3168991,6.314661001703783,0.002238098296216684
2.56e-05,6.3070442,6.305637322399992,0.0014068776000080163
2.562e-05,6.2959521,6.295795568337803,0.00015653166219742332
2.564e-05,6.2867384,6.285406277819366,0.0013321221806341654
2.566e-05,6.2812727,6.274792770131725,0.006479929868274503
2.568e-05,6.2751923,6.2643175459556115,0.01087475404438809
2.57e-05,6.2647574,6.254364066116616,0.010393333883383704
2.572e-05,6.2549541,6.245314129384868,0.00963997061513222
2.574e-05,6.2420427,6.237521675009504,0.004521024990495448
2.576e-05,6.2278925,6.231284647003992,-0.00339214700399193
2.578e-05,6.2174899,6.226817412066525,-0.009327512066525045
2.58e-05,6.2064724,6.224226888430851,-0.017754488430851367
2.582e-05,6.1998264,6.223495790036026,-0.02366939003602564
2.584e-05,6.202538,6.224476053367421,-0.021938053367421162
2.586e-05,6.2096213,6.226894532801902,-0.017273232801901628
2.588e-05,6.224815,6.230371506735655,-0.005556506735654665
2.59e-05,6.2400166,6.234450681110829,0.005565918889170796
2.592e-05,6.2483702,6.238637592992247,0.009732607007753025
2.594e-05,6.2586013,6.242442004857949,0.01615929514205039
2.596e-05,6.2657245,6.245419308497186,0.02030519150281407
2.598e-05,6.2678699,6.247206185594064,0.020663714405936062
2.6e-05,6.2650371,6.247546696164915,0.017490403835084933
2.602e-05,6.2553562,6.246306405471978,0.009049794528021238
2.604e-05,6.2438139,6.243473885588109,0.00034001441189079884
2.606e-05,6.2335265,6.239150650165455,-0.005624150165455255
2.608e-05,6.2251176,6.233531987549186,-0.008414387549185776
2.61e-05,6.2160942,6.2268820102105344,-0.010787810210534765
2.612e-05,6.2070775,6.219506458908938,-0.012428958908938803
2.614e-05,6.2011833,6.211726465801806,-0.010543165801805365
2.616e-05,6.1971651,6.203855749017169,-0.006690649017168759
2.618e-05,6.1931528,6.196182752935296,-0.003029952935295732
2.62e-05,6.190393,6.188958236649353,0.0014347633506472945
2.622e-05,6.1870158,6.1823879210948,0.004627878905200333
2.624e-05,6.1805275,6.176629175661081,0.0038983243389187905
2.626e-05,6.1771606,6.171790429791904,0.005370170208095715
2.628e-05,6.1756691,6.167932021080589,0.007737078919411111
2.63e-05,6.1698202,6.165067464891859,0.004752735108141337
2.632e-05,6.1639766,6.163164565151871,0.0008120348481286399
2.634e-05,6.1612548,6.162146302419189,-0.0008915024191891163
2.636e-05,6.1610308,6.161891938604945,-0.0008611386049448555
2.638e-05,6.1564484,6.162239157866478,-0.005790757866477314
2.64e-05,6.1518706,6.162988243386259,-0.011117643386259424
2.642e-05,6.1535297,6.163909239743015,-0.010379539743015087
2.644e-05,6.1551933,6.16475274570599,-0.009559445705990655
2.646e-05,6.1630941,6.165264404452973,-0.0021703044529726156
2.648e-05,6.168506,6.1652023678167245,0.00330363218327534
2.65e-05,6.1689358,6.164356185825148,0.004579614174851976
2.652e-05,6.1737326,6.162564943102938,0.01116765689706245
2.654e-05,6.1747939,6.15973220432991,0.015061695670089748
2.656e-05,6.1683802,6.155835509188799,0.012544690811200354
2.658e-05,6.1607239,6.150928757269899,0.00979514273010107
2.66e-05,6.1512011,6.145136767041416,0.0060643329585836625
2.662e-05,6.1398115,6.138642425030998,0.001169074969002537
2.664e-05,6.1265553,6.131667948904309,-0.0051126489043094026
2.666e-05,6.1139253,6.124452669125373,-0.010527369125372665
2.668e-05,6.1044142,6.117230241253383,-0.01281604125338287
2.67e-05,6.0949057,6.110208245368582,-0.015302545368582443
2.672e-05,6.0922553,6.103552688046161,-0.011297388046161316
2.674e-05,6.0939697,6.0973790621206,-0.003409362120600612
2.676e-05,6.0907007,6.091750504339428,-0.0010498043394280288
2.678e-05,6.0874344,6.086682458774125,0.0007519412258751856
2.68e-05,6.0866639,6.082152340775611,0.004511559224388506
2.682e-05,6.0871425,6.078112139698065,0.009030360301935048
2.684e-05,6.0851303,6.0745017146034215,0.010628585396578849
2.686e-05,6.0787574,6.07126069188807,0.007496708111929706
2.688e-05,6.0748798,6.068337333046521,0.0065424669534790425
2.69e-05,6.0672647,6.06569343499802,0.0015712650019796826
2.692e-05,6.060898,6.063305115097722,-0.00240711509772229
2.694e-05,6.058896,6.061160045175025,-0.002264045175024876
2.696e-05,6.0562724,6.059252194597789,-0.002979794597789187
2.698e-05,6.0524037,6.057575361403855,-0.005171661403855055
2.7e-05,6.0510296,6.056116737515628,-0.005087137515628726
2.702e-05,6.0527734,6.05485153866669,-0.0020781386666897106
2.704e-05,6.0520256,6.053739399381585,-0.0017137993815845576
2.706e-05,6.053149,6.052722850684652,0.00042614931534856737
2.708e-05,6.0536499,6.051727838365556,0.0019220616344437502
2.71e-05,6.0529049,6.0506659752235095,0.0022389247764902365
2.712e-05,6.0534071,6.049438092576144,0.003969007423855864
2.714e-05,6.0464304,6.047938668345725,-0.001508268345724595
2.716e-05,6.0407005,6.046060830923807,-0.005360330923807055
2.718e-05,6.0424501,6.043701794992598,-0.0012516949925984733
2.72e-05,6.0404599,6.040768670166346,-0.00030877016634622834
2.722e-05,6.0365997,6.03718452664672,-0.0005848266467198826
2.724e-05,6.0327393,6.0328944388156005,-0.0001551388156002531
2.726e-05,6.0301253,6.027871057925152,0.002254242074847923
2.728e-05,6.0287575,6.022119161166309,0.006638338833691471
2.73e-05,6.0205332,6.015678614387763,0.004854585612236839
2.732e-05,6.0060757,6.008625296923192,-0.002549596923191899
2.734e-05,5.9972267,6.0010697795165,-0.00384307951649987
2.736e-05,5.9921165,5.99315384344755,-0.001037343447550576
2.738e-05,5.986382,5.985045133107251,0.0013368668927489225
2.74e-05,5.9787765,5.976930260177597,0.0018462398224032839
2.742e-05,5.9730396,5.9690065895168845,0.00403301048311544
2.744e-05,5.9660546,5.961472877316882,0.004581722683117739
2.746e-05,5.9559517,5.954518998129068,0.0014327018709323625
2.748e-05,5.9470937,5.948315197790103,-0.0012214977901034985
2.75e-05,5.9376108,5.943001583517747,-0.005390783517746911
2.752e-05,5.9324889,5.938678801886451,-0.006189901886450855
2.754e-05,5.9317281,5.935400939882953,-0.003672839882953305
2.756e-05,5.9303417,5.93317154552625,-0.0028298455262500966
2.758e-05,5.9277062,5.931943331375343,-0.004237131375342429
2.76e-05,5.9300545,5.9316216990523305,-0.0015671990523307144
2.762e-05,5.9330233,5.932071806425884,0.000951493574116391
2.764e-05,5.9322497,5.933128544335144,-0.0008788443351441799
2.766e-05,5.9345894,5.934608520058475,-1.9120058475152746e-05
2.768e-05,5.9400422,5.936322974628048,0.0037192253719515733
2.77e-05,5.9423752,5.9380904890888955,0.0042847109111043835
2.772e-05,5.9447052,5.939748355970753,0.004956844029246454
2.774e-05,5.9482787,5.941161624638689,0.007117075361311009
2.776e-05,5.9468629,5.942229098874707,0.004633801125293324
2.778e-05,5.9404577,5.942885966232778,-0.0024282662327781424
2.78e-05,5.9390352,5.943103211870978,-0.004068011870978161
2.782e-05,5.9388555,5.942884397412988,-0.004028897412988286
2.784e-05,5.9405418,5.942260629279928,-0.001718829279927725
2.786e-05,5.9434708,5.941284533231101,0.0021862667688994364
2.788e-05,5.9414099,5.940023860196632,0.0013860398033678223
2.79e-05,5.9387218,5.938555127744421,0.00016667225557842613
2.792e-05,5.9341598,5.936957576838891,-0.002797776838891153
2.794e-05,5.9314633,5.935307709713109,-0.003844409713108732
2.796e-05,5.9325023,5.933674688177819,-0.0011723881778182843
2.798e-05,5.935407,5.932116817166401,0.0032901828335987204
2.8e-05,5.9326982,5.930679199038538,0.002019000961461792
2.802e-05,5.9274921,5.929392498784271,-0.0019003987842705072
2.804e-05,5.9266438,5.928272701256669,-0.0016289012566694794
2.806e-05,5.9270366,5.927321773770951,-0.0002851737709512747
2.808e-05,5.9274241,5.926529189298163,0.0008949107018363378
2.81e-05,5.9271826,5.925874252889424,0.0013083471105757027
2.812e-05,5.9238191,5.925329126161142,-0.0015100261611413757
2.814e-05,5.9210729,5.924862415339294,-0.003789515339293281
2.816e-05,5.9233066,5.924443183377027,-0.00113658337702649
2.818e-05,5.9255338,5.924045215181723,0.0014885848182775163
2.82e-05,5.9227689,5.923651268244587,-0.000882368244586651
2.822e-05,5.9231142,5.923256908110373,-0.000142708110373313
2.824e-05,5.9253232,5.922873424082538,0.0024497759174622047
2.826e-05,5.9237863,5.9225292774424485,0.001257022557551224
2.828e-05,5.9241127,5.922269546517963,0.0018431534820368967
2.83e-05,5.9312884,5.922152898539163,0.00913550146083697
2.832e-05,5.9372112,5.922245760625939,0.014965439374060807
2.834e-05,5.9312852,5.922613640650673,0.008671559349326508
2.836e-05,5.9216125,5.92331004937939,-0.0016975493793900398
2.838e-05,5.9169185,5.924364210752761,-0.007445710752760348
2.84e-05,5.9134635,5.925769535014198,-0.012306035014198358
2.842e-05,5.9081309,5.927475342429887,-0.019344442429887643
2.844e-05,5.9084003,5.929384295039331,-0.020983995039331127
2.846e-05,5.9142715,5.931357336372927,-0.017085836372927155
2.848e-05,5.924498,5.933226728157953,-0.008728728157953114
2.85e-05,5.9365867,5.93481619764763,0.0017705023523699737
2.852e-05,5.946174,5.935965571792934,0.0102084282070658
2.854e-05,5.9607388,5.9365559470558695,0.02418285294413014
2.856e-05,5.9690627,5.936530765920108,0.03253193407989219
2.858e-05,5.9630428,5.935908371409728,0.02713442859027193
2.86e-05,5.9570139,5.9347827657168954,0.022231134283104304
2.862e-05,5.9466131,5.933311278995779,0.013301821004221281
2.864e-05,5.9287233,5.931690297012437,-0.0029669970124377443
2.866e-05,5.9089539,5.930122593849029,-0.021168693849029196
2.868e-05,5.8966554,5.928781657528326,-0.03212625752832565
2.87e-05,5.8955676,5.927779256616096,-0.03221165661609593
2.872e-05,5.9000808,5.92714211551827,-0.027061315518270845
2.874e-05,5.907079,5.926801979108231,-0.01972297910823073
2.876e-05,5.9178084,5.926600925015113,-0.008792525015112851
2.878e-05,5.9297758,5.926311092401246,0.0034647075987539466
2.88e-05,5.9404884,5.9256655890886245,0.01482281091137505
2.882e-05,5.9462066,5.924395623749929,0.021810976250071334
2.884e-05,5.9438136,5.922268132758694,0.02154546724130668
2.886e-05,5.9389187,5.919118401827753,0.019800298172246933
2.888e-05,5.9315218,5.9148732915056685,0.016648508494331082
2.89e-05,5.919753,5.909562365798548,0.010190634201451942
2.892e-05,5.9067289,5.903316133302048,0.0034127666979522076
2.894e-05,5.8949426,5.8963524195206425,-0.0014098195206422304
2.896e-05,5.8806544,5.888953359594729,-0.008298959594728927
2.898e-05,5.8719668,5.881436478796167,-0.009469678796167003
2.9e-05,5.8632699,5.874123747023917,-0.010853847023917673
2.902e-05,5.8520705,5.867312374250264,-0.015241874250263798
2.904e-05,5.8464713,5.861250544781936,-0.01477924478193593
2.906e-05,5.8452255,5.856120380036136,-0.010894880036135923
2.908e-05,5.8495795,5.852029276155391,-0.0024497761553909925
2.91e-05,5.8508075,5.849009512126253,0.0017979878737470756
2.912e-05,5.8532721,5.847024862137362,0.006247237862638144
2.914e-05,5.8569733,5.845982098768941,0.010991201231059122
2.916e-05,5.8550554,5.845744895280808,0.009310504719191925
2.918e-05,5.8562444,5.846147751025577,0.010096648974422529
2.92e-05,5.8555538,5.847008091880681,0.008545708119319428
2.922e-05,5.849244,5.8481354946107444,0.001108505389255221
2.924e-05,5.8454176,5.849337880522765,-0.003920280522764941
2.926e-05,5.8415814,5.850425338387439,-0.008843938387439465
2.928e-05,5.8439682,5.85121278815316,-0.007244588153159981
2.93e-05,5.8469686,5.851522853266139,-0.004554253266138453
2.932e-05,5.8424794,5.8511900614188255,-0.00871066141882526
2.934e-05,5.8442124,5.850066963747517,-0.005854563747517361
2.936e-05,5.8502977,5.848032113748291,0.0022655862517089176
2.938e-05,5.8501396,5.84499920136103,0.005140398638970645
2.94e-05,5.8474779,5.840926099481885,0.006551800518115769
2.942e-05,5.843559,5.835822278812532,0.007736721187468376
2.944e-05,5.8377595,5.82975308036599,0.008006419634010165
2.946e-05,5.8307027,5.822839692927656,0.007863007072343997
2.948e-05,5.8174022,5.8152542676156544,0.00214793238434563
2.95e-05,5.8065839,5.807210294594809,-0.0006263945948097316
2.952e-05,5.7988709,5.798949046513008,-7.814651300819264e-05
2.954e-05,5.786784,5.7907234362037805,-0.003939436203780566
2.956e-05,5.777179,5.782780956536969,-0.005601956536969155
2.958e-05,5.7694324,5.7753474506794795,-0.005915050679479172
2.96e-05,5.7604278,5.768613325410449,-0.00818552541044859
2.962e-05,5.7551514,5.762723493424903,-0.007572093424903059
2.964e-05,5.7529801,5.757771838087672,-0.00479173808767186
2.966e-05,5.7532906,5.753800380858435,-0.000509780858434894
2.968e-05,5.7548365,5.750802677833689,0.004033822166310763
2.97e-05,5.7551245,5.748730398928416,0.006394101071584224
2.972e-05,5.754778,5.747501687312094,0.00727631268790585
2.974e-05,5.7525503,5.747009849684249,0.005540450315750789
2.976e-05,5.7490647,5.7471311889228165,0.0019335110771834252
2.978e-05,5.7493073,5.74773126305276,0.001576036947239956
2.98e-05,5.7495384,5.748669388838738,0.0008690111612619233
2.982e-05,5.7472649,5.749801668827802,-0.0025367688278015166
2.984e-05,5.7462263,5.750983134332898,-0.004756834332898308
2.986e-05,5.7470458,5.752069744515186,-0.005023944515185619
2.988e-05,5.7478536,5.752920955712736,-0.005067355712736088
2.99e-05,5.751143,5.753403371765757,-0.0022603717657574407
2.992e-05,5.7537974,5.75339563876427,0.0004017612357296585
2.994e-05,5.7551935,5.752794342923871,0.0023991570761285885
2.996e-05,5.7553313,5.751520321415446,0.0038109785845543698
2.998e-05,5.7510944,5.749524597367671,0.00156980263232942
3e-05,5.7487153,5.746793138479581,0.001922161520418797
3.002e-05,5.7488174,5.743349781163118,0.005467618836882515
3.004e-05,5.7426748,5.739256891069217,0.0034179089307828647
3.006e-05,5.7321573,5.734613598966768,-0.0024562989667682444
3.008e-05,5.7247439,5.72955173851931,-0.004807838519310437
3.01e-05,5.7223044,5.724229869691101,-0.0019254696911010782
3.012e-05,5.7204762,5.718825902078658,0.001650297921342414
3.014e-05,5.7155197,5.713528785554619,0.001990914445380909
3.016e-05,5.7093046,5.708529586058643,0.000775013941357372
3.018e-05,5.7043239,5.704012151384815,0.0003117486151849036
3.02e-05,5.7018244,5.700143569521738,0.001680830478261619
3.022e-05,5.7005593,5.697064703686138,0.003494596313862175
3.024e-05,5.6961659,5.694881201250762,0.0012846987492372008
3.026e-05,5.6930072,5.693655505973471,-0.0006483059734705421
3.028e-05,5.6904593,5.693400560518636,-0.0029412605186367458
3.03e-05,5.6847827,5.694076035411239,-0.009293335411238779
3.032e-05,5.684703,5.695587972862973,-0.010884972862973186
3.034e-05,5.6889736,5.69779258237701,-0.00881898237701062
3.036e-05,5.6982179,5.700504499480268,-0.0022865994802678813
3.038e-05,5.70558,5.70350914875921,0.002070851240790539
3.04e-05,5.7116832,5.706578098046923,0.005105101953077451
3.042e-05,5.7183973,5.7094856840917725,0.008911615908227866
3.044e-05,5.7213591,5.712024914238798,0.00933418576120193
3.046e-05,5.7236848,5.71402076482448,0.00966403517552017
3.048e-05,5.7203887,5.715339460561197,0.005049239438802644
3.05e-05,5.7177032,5.715893022524281,0.001810177475718433
3.052e-05,5.7156281,5.715639167017426,-1.106701742603633e-05
3.054e-05,5.708554,5.714577357910234,-0.006023357910233784
3.056e-05,5.7052064,5.712742321026619,-0.007535921026619263
3.058e-05,5.7024689,5.710196537603356,-0.00772763760335593
3.06e-05,5.6997191,5.707023119464654,-0.007304019464653422
3.062e-05,5.7025665,5.703320064997143,-0.0007535649971437408
3.064e-05,5.7010387,5.699196306131957,0.0018423938680429686
3.066e-05,5.6970057,5.694769345494533,0.0022363545054666645
3.068e-05,5.6942071,5.690163818800679,0.004043281199320958
3.07e-05,5.6895264,5.68551010282229,0.004016297177710015
3.072e-05,5.6842106,5.680942123597561,0.0032684764024395463
3.074e-05,5.6795062,5.676593733561138,0.0029124664388620047
3.076e-05,5.676036,5.672593338991458,0.0034426610085418474
3.078e-05,5.6731766,5.669056807819935,0.004119792180064863
3.08e-05,5.6678119,5.666079036661257,0.001732863338743229
3.082e-05,5.660565,5.663724893633718,-0.0031598936337182693
3.084e-05,5.658292,5.662020563212501,-0.0037285632125003687
3.086e-05,5.6553835,5.660946543520912,-0.005563043520911748
3.088e-05,5.6499696,5.6604336013703405,-0.010464001370340092
3.09e-05,5.6501527,5.660362817372592,-0.010210117372592364
3.092e-05,5.6540633,5.6605704393293985,-0.006507139329398726
3.094e-05,5.6610783,5.660857631502101,0.00022066849789847964
3.096e-05,5.6680815,5.661004448191933,0.007077051808067836
3.098e-05,5.668217,5.660786653739717,0.007430346260282938
3.1e-05,5.6633541,5.65999357736033,0.003360522639670016
3.102e-05,5.660349,5.658445155207173,0.0019038447928272362
3.104e-05,5.6585782,5.656006613580817,0.0025715864191830917
3.106e-05,5.6524323,5.652599691613092,-0.00016739161309153872
3.108e-05,5.6481446,5.648209706461489,-6.510646148871757e-05
3.11e-05,5.6494548,5.642888053810372,0.006566746189627715
3.112e-05,5.6463904,5.636749933772173,0.009640466227826217
3.114e-05,5.635835,5.629967283602617,0.005867716397383482
3.116e-05,5.6233986,5.622757200367073,0.0006413996329266425
3.118e-05,5.6121973,5.615366603956667,-0.0031693039566667025
3.12e-05,5.6016084,5.608054428124207,-0.006446028124207359
3.122e-05,5.594125,5.601073032104238,-0.006948032104237889
3.124e-05,5.5891225,5.5946506349994145,-0.005528134999414291
3.126e-05,5.5841076,5.588976360258189,-0.004868760258188942
3.128e-05,5.5809502,5.584189026033299,-0.003238826033299169
3.13e-05,5.5796501,5.58037026374954,-0.0007201637495395374
3.132e-05,5.5783378,5.577542012775757,0.0007957872242432273
3.134e-05,5.5795064,5.575668007052987,0.0038383929470127143
3.136e-05,5.5806626,5.5746585933086426,0.0060040066913575885
3.138e-05,5.5755737,5.57437813415076,0.0011955658492395216
3.14e-05,5.5692259,5.5746543552314565,-0.005428455231456297
3.142e-05,5.5672287,5.575289225557123,-0.008060525557122666
3.144e-05,5.5708287,5.5760711555464155,-0.00524245554641567
3.146e-05,5.5756632,5.576788281708675,-0.0011250817086745357
3.148e-05,5.5779919,5.577242321749841,0.0007495782501587556
3.15e-05,5.5840478,5.5772620502161985,0.006785749783801087
3.152e-05,5.590091,5.5767150768410545,0.013375923158945646
3.154e-05,5.5861492,5.575516494663731,0.010632705336269588
3.156e-05,5.5784558,5.573633209394901,0.004822590605099819
3.158e-05,5.5707505,5.57108336362389,-0.00033286362388995627
3.16e-05,5.5649032,5.567931080415384,-0.0030278804153844874
3.162e-05,5.5596673,5.564277511221209,-0.004610211221208971
3.164e-05,5.5537963,5.5602496545023214,-0.006453354502321318
3.166e-05,5.5516531,5.555988531708483,-0.004335431708482496
3.168e-05,5.5488749,5.551638119780953,-0.0027632197809523973
3.17e-05,5.5442154,5.547336059025106,-0.003120659025106498
3.172e-05,5.5407905,5.543206703729639,-0.0024162037296386885
3.174e-05,5.5379772,5.539356654694432,-0.001379454694431459
3.176e-05,5.5370219,5.535872552817512,0.0011493471824879364
3.178e-05,5.5373013,5.532820631303722,0.004480668696277945
3.18e-05,5.5344528,5.530247338959269,0.004205461040731606
3.182e-05,5.5303463,5.528180299493183,0.002166000506816701
3.184e-05,5.5293446,5.52662898917656,0.0027156108234400733
3.186e-05,5.5283316,5.525584767687384,0.0027468323126154104
3.188e-05,5.5266836,5.525020207832577,0.001663392167422728
3.19e-05,5.5237775,5.524887971428839,-0.0011104714288396877
3.192e-05,5.5196132,5.5251197368756735,-0.0055065368756732624
3.194e-05,5.5204236,5.525625864503142,-0.0052022645031417625
3.196e-05,5.5212222,5.526296527265801,-0.005074327265800704
3.198e-05,5.5226325,5.527004882772723,-0.004372382772722894
3.2e-05,5.5271474,5.5276125279282855,-0.0004651279282859022
3.202e-05,5.5297807,5.527977043409661,0.0018036565903392088
3.204e-05,5.530533,5.52796101987391,0.0025719801260901676
3.206e-05,5.5306509,5.527441667589542,0.0032092324104580072
3.208e-05,5.5282645,5.526320005858269,0.0019444941417310346
3.21e-05,5.525867,5.524528700969969,0.0013382990300305764
3.212e-05,5.5253283,5.5220378099819785,0.003290490018021508
3.214e-05,5.5222855,5.5188579201483,0.0034275798516993916
3.216e-05,5.5192321,5.515040411625839,0.00419168837416084
3.218e-05,5.5118051,5.510674820454336,0.0011302795456638037
3.22e-05,5.5024971,5.5058835571734095,-0.003386457173409241
3.222e-05,5.4950477,5.500814519171251,-0.005766819171251214
3.224e-05,5.4944428,5.495632337335877,-0.0011895373358772332
3.226e-05,5.4932032,5.490509029083489,0.0026941709165111405
3.228e-05,5.4863433,5.485614687417556,0.0007286125824439438
3.23e-05,5.4788492,5.481108632792032,-0.002259432792032001
3.232e-05,5.4744607,5.477131320992578,-0.0026706209925784208
3.234e-05,5.4769173,5.473797258209385,0.0031200417906154243
3.236e-05,5.4743767,5.471189153047608,0.003187546952391429
3.238e-05,5.4693317,5.469353498028983,-2.1798028983610607e-05
3.24e-05,5.4667688,5.468297769005279,-0.0015289690052791016
3.242e-05,5.4598323,5.467989498862785,-0.008157198862784654
3.244e-05,5.4578705,5.46835755553401,-0.010487055534009748
3.246e-05,5.4664931,5.469295890968295,-0.0028027909682952767
3.248e-05,5.4744808,5.470669724468852,0.0038110755311482336
3.25e-05,5.4812104,5.472323626820477,0.008886773179523466
3.252e-05,5.4841904,5.474090496526965,0.010099903473035354
3.254e-05,5.480928,5.475800230999409,0.005127769000590199
3.256e-05,5.4776558,5.477287121751098,0.00036867824890229883
3.258e-05,5.4756207,5.4783955468873495,-0.0027748468873491916
3.26e-05,5.4729527,5.478984147075243,-0.006031447075243612
3.262e-05,5.472145,5.47892910241459,-0.006784102414589377
3.264e-05,5.4725745,5.478127241113569,-0.005552741113568516
3.266e-05,5.4761113,5.476499507779225,-0.0003882077792249916
3.268e-05,5.4771457,5.473994902738661,0.0031507972613393775
3.27e-05,5.4744314,5.470594538482932,0.0038368615170680798
3.272e-05,5.4710846,5.466315119805211,0.004769480194789288
3.274e-05,5.4652356,5.461211053994958,0.0040245460050414295
3.276e-05,5.4587546,5.455374542791939,0.0033800572080604496
3.278e-05,5.4479022,5.448933320147148,-0.0010311201471484566
3.28e-05,5.4401578,5.442046071357539,-0.0018882713575392174
3.282e-05,5.4330284,5.434895895646209,-0.0018674956462083614
3.284e-05,5.4252669,5.427682372816299,-0.002415472816299058
3.286e-05,5.4206128,5.420612832000764,-3.2000763816597555e-08
3.288e-05,5.4147036,5.413893329561094,0.0008102704389063575
3.29e-05,5.4094089,5.407719700083819,0.0016891999161812166
3.292e-05,5.4041056,5.402268928248855,0.0018366717511453245
3.294e-05,5.399417,5.397691051880228,0.0017259481197715587
3.296e-05,5.39285,5.3941018583003,-0.0012518583003000572
3.298e-05,5.3887675,5.391576747299982,-0.0028092472999814433
3.3e-05,5.3865466,5.390146244507398,-0.0035996445073980254
3.302e-05,5.3843176,5.3897936863256675,-0.005476086325667318
3.304e-05,5.3870667,5.390455506318839,-0.003388806318838533
3.306e-05,5.3929243,5.392024321989785,0.0008999780102145749
3.308e-05,5.3962807,5.394354695725722,0.0019260042742779149
3.31e-05,5.3958897,5.397271118012463,-0.0013814180124631648
3.312e-05,5.4011001,5.400577533476314,0.0005225665236858745
3.314e-05,5.4081726,5.4040676375486685,0.0041049624513318506
3.316e-05,5.4114979,5.407535178280029,0.0039627217199704745
3.318e-05,5.4116994,5.410783569344703,0.0009158306552965456
3.32e-05,5.4125165,5.413634264423977,-0.0011177644239772633
3.322e-05,5.4164425,5.415933554369304,0.0005089456306954787
3.324e-05,5.4184915,5.4175576615061445,0.0009338384938555322
3.326e-05,5.4167938,5.418416148500744,-0.001622348500744053
3.328e-05,5.4163358,5.418453721350462,-0.002117921350462737
3.33e-05,5.4214804,5.417650517240289,0.0038298827597111895
3.332e-05,5.4197618,5.416020951410904,0.0037408485890955134
3.334e-05,5.4111801,5.413611181772605,-0.0024310817726052036
3.336e-05,5.4082007,5.410495284637586,-0.002294584637586361
3.338e-05,5.4070842,5.406770328169074,0.00031387183092590476
3.34e-05,5.4034675,5.402550612524665,0.0009168874753342493
3.342e-05,5.4004671,5.397961352844946,0.002505747155054472
3.344e-05,5.3968362,5.393132043025307,0.0037041569746927294
3.346e-05,5.388212,5.388189742296768,2.225770323249776e-05
3.348e-05,5.3783351,5.383252622118869,-0.004917522118868867
3.35e-05,5.3721917,5.378424260273295,-0.006232560273295107
3.352e-05,5.3704053,5.373789262430012,-0.003383962430012488
3.354e-05,5.36799,5.369410715589369,-0.0014207155893695145
3.356e-05,5.3643221,5.365329710718955,-0.0010076107189549433
3.358e-05,5.3643878,5.361566810185547,0.002820989814453334
3.36e-05,5.3613312,5.358125018102446,0.0032061818975543943
3.362e-05,5.3570223,5.354993632503827,0.002028667496172254
3.364e-05,5.3552011,5.352152345349923,0.0030487546500772567
3.366e-05,5.3496352,5.349575086556406,6.0113443593579063e-05
3.368e-05,5.3453104,5.3472333208854375,-0.0019229208854376623
3.37e-05,5.3428501,5.34509872269109,-0.002248622691090496
3.372e-05,5.3397619,5.343145298649041,-0.003383398649041247
3.374e-05,5.3441483,5.34135105445806,0.00279724554193983
3.376e-05,5.3441676,5.339699214281185,0.0044683857188143605
3.378e-05,5.3391968,5.338178878391475,0.0010179216085246523
3.38e-05,5.3360903,5.336784955436638,-0.0006946554366376034
3.382e-05,5.3336013,5.335517284664673,-0.0019159846646727985
3.384e-05,5.3367163,5.334379013676275,0.002337286323724541
3.386e-05,5.338579,5.333374416802075,0.005204583197925494
3.388e-05,5.3335802,5.332506399928617,0.0010738000713832463
3.39e-05,5.3248364,5.3317740058268965,-0.006937605826896842
3.392e-05,5.3204495,5.331170354730538,-0.010720854730537965
3.394e-05,5.3260291,5.330681539054783,-0.004652439054782853
3.396e-05,5.3322268,5.330286869207644,0.0019399307923562148
3.398e-05,5.3353032,5.329960482226048,0.00534271777395201
3.4e-05,5.3365049,5.329673841222186,0.006831058777814647
3.402e-05,5.3339621,5.3293983411570425,0.004563758842957455
3.404e-05,5.3301678,5.329107255735654,0.0010605442643463192
3.406e-05,5.3307314,5.328776569267368,0.001954830732632473
3.408e-05,5.3294204,5.328384667270214,0.0010357327297860763
3.41e-05,5.3231185,5.327911247716276,-0.00479274771627658
3.412e-05,5.319928,5.327336075576369,-0.007408075576369022
3.414e-05,5.3192258,5.326638298811692,-0.0074124988116919255
3.416e-05,5.3216349,5.325796931386422,-0.004162031386421461
3.418e-05,5.3252857,5.324792766365596,0.000492933634403947
3.42e-05,5.3295552,5.323611482005355,0.005943717994644437
3.422e-05,5.3307041,5.322247220241584,0.008456879758416136
3.424e-05,5.3262393,5.320705646132766,0.005533653867233923
3.426e-05,5.3199007,5.319005554086799,0.0008951459132005013
3.428e-05,5.3172969,5.317178441611367,0.00011845838863244751
3.43e-05,5.3153115,5.31526595994357,4.5540056429871356e-05
3.432e-05,5.3126985,5.313315578733563,-0.0006170787335628702
3.434e-05,5.3125741,5.311375063934245,0.0011990360657545551
3.436e-05,5.3087054,5.309486479343961,-0.0007810793439606556
3.438e-05,5.3054552,5.307680453198635,-0.002225253198634647
3.44e-05,5.3040697,5.3059714515814385,-0.001901751581438127
3.442e-05,5.2983164,5.304354770794547,-0.006038370794547276
3.444e-05,5.2950527,5.3028058664902105,-0.007753166490210184
3.446e-05,5.2955254,5.301282433740306,-0.005757033740306561
3.448e-05,5.2953717,5.299729305211496,-0.00435760521149664
3.45e-05,5.2989548,5.298085749148524,0.0008690508514757056
3.452e-05,5.3062746,5.29629420231206,0.009980397687940012
3.454e-05,5.3073588,5.294309017421097,0.013049782578903546
3.456e-05,5.3003382,5.2921036248746525,0.008234575125347199
3.458e-05,5.2926921,5.289674738502059,0.0030173614979407404
3.46e-05,5.2862897,5.2870428513588275,-0.0007531513588272531
3.462e-05,5.2823778,5.284249057150129,-0.0018712571501291464
3.464e-05,5.27784,5.2813489134606355,-0.003508913460635199
3.466e-05,5.2745461,5.27840445578861,-0.00385835578860938
3.468e-05,5.2743664,5.275475560951409,-0.001109160951409116
3.47e-05,5.272938,5.2726117305866,0.00032626941340030413
3.472e-05,5.2715075,5.269845135005765,0.0016623649942353325
3.474e-05,5.2657121,5.267185534652499,-0.0014734346524987174
3.476e-05,5.258045,5.264617553369455,-0.0065725533694545035
3.478e-05,5.2553622,5.262100704524092,-0.006738504524091304
3.48e-05,5.2539244,5.2595724693109664,-0.005648069310966619
3.482e-05,5.2537316,5.256954481503742,-0.003222881503742059
3.484e-05,5.2560301,5.254161455557019,0.0018686444429816262
3.486e-05,5.2545872,5.251111997775426,0.00347520222457387
3.488e-05,5.2550124,5.247740020517311,0.007272379482689217
3.49e-05,5.2510728,5.244005274496027,0.007067525503972938
3.492e-05,5.2408997,5.2399015884821765,0.0009981115178234745
3.494e-05,5.2382051,5.235461731074077,0.0027433689259233063
3.496e-05,5.2330165,5.2307582735200056,0.0022582264799941854
3.498e-05,5.2315667,5.225900294892295,0.00566640510770533
3.5e-05,5.2294933,5.2210261548807155,0.008467145119284147
3.502e-05,5.2155775,5.2162928998847065,-0.0007153998847062581
3.504e-05,5.2060248,5.2118632428235765,-0.005838442823576706
3.506e-05,5.2014585,5.207891459410205,-0.00643295941020483
3.508e-05,5.198761,5.204509834872485,-0.005748834872484565
3.51e-05,5.1966856,5.20181731306657,-0.005131713066569787
3.512e-05,5.1921158,5.19987170921651,-0.0077559092165104815
3.514e-05,5.1912843,5.19868634896116,-0.00740204896115948
3.516e-05,5.1948149,5.198231406116494,-0.0034165061164941335
3.518e-05,5.2002146,5.198439587519424,0.0017750124805759881
3.52e-05,5.2043669,5.199215203716168,0.005151696283832052
3.522e-05,5.2054021,5.200445171613009,0.004956928386990356
3.524e-05,5.2089294,5.202010246747976,0.006919153252023413
3.526e-05,5.2137022,5.203794842654371,0.009907357345628753
3.528e-05,5.2147348,5.205694134166425,0.009040665833574657
3.53e-05,5.2082876,5.20761769129831,0.0006699087016901473
3.532e-05,5.2043322,5.209489573480018,-0.0051573734800181015
3.534e-05,5.2084782,5.211245504477748,-0.0027673044777483113
3.536e-05,5.210753,5.212828261190626,-0.0020752611906251772
3.538e-05,5.2092867,5.214182608742061,-0.004895908742061472
3.54e-05,5.2109369,5.21525101894906,-0.004314118949060308
3.542e-05,5.213834,5.215971143341973,-0.0021371433419723473
3.544e-05,5.2142385,5.216275677543007,-0.0020371775430065853
3.546e-05,5.2127739,5.216094898179625,-0.0033209981796247234
3.548e-05,5.2113097,5.215361809419267,-0.004052109419267147
3.55e-05,5.2104691,5.214019523097949,-0.0035504230979492846
3.552e-05,5.2102525,5.21203019785309,-0.001777697853089677
3.554e-05,5.213153,5.209384552764211,0.003768447235788841
3.556e-05,5.2141847,5.206110670654211,0.008074029345788603
3.558e-05,5.2127243,5.202280605877535,0.01044369412246482
3.56e-05,5.2093949,5.198013337839139,0.011381562160861058
3.562e-05,5.1998337,5.193472956436877,0.006360743563122995
3.564e-05,5.1896509,5.188861618706555,0.0007892812934455762
3.566e-05,5.1825861,5.184407643958566,-0.0018215439585658189
3.568e-05,5.1761467,5.180349904931844,-0.004203204931843452
3.57e-05,5.170956,5.176920225713213,-0.005964225713213089
3.572e-05,5.1688825,5.174325714539243,-0.00544321453924379
3.574e-05,5.1680561,5.172732858889195,-0.004676758889194943
3.576e-05,5.167854,5.172254877600187,-0.004400877600186703
3.578e-05,5.1695225,5.172943363152616,-0.003420863152615361
3.58e-05,5.1736847,5.174784748274759,-0.001100048274759402
3.582e-05,5.1753544,5.177701660554363,-0.002347260554363295
3.584e-05,5.1770243,5.181558824832629,-0.004534524832628506
3.586e-05,5.1861735,5.186172844484043,6.555159570709179e-07
3.588e-05,5.1953243,5.191324919813748,0.003999380186252566
3.59e-05,5.2026072,5.196775333045433,0.0058318669545673885
3.592e-05,5.2067754,5.202278391459703,0.004497008540297109
3.594e-05,5.2096988,5.207596557270856,0.002102242729144166
3.596e-05,5.2151173,5.212512732441126,0.0026045675588743933
3.598e-05,5.2186679,5.216840033708044,0.0018278662919559707
3.6e-05,5.2203513,5.220428770899719,-7.747089971932297e-05
3.602e-05,5.2232839,5.223170654775966,0.00011324522403377557
3.604e-05,5.2255945,5.225000489645434,0.0005940103545656328
3.606e-05,5.2204271,5.225895753557429,-0.005468653557429093
3.608e-05,5.2208699,5.225874534366494,-0.00500463436649401
3.61e-05,5.2269228,5.224992258185883,0.0019305418141168929
3.612e-05,5.2279915,5.223337502879535,0.004653997120464659
3.614e-05,5.2265692,5.221026979917203,0.005542220082797478
3.616e-05,5.2214095,5.218199628072997,0.0032098719270026166
3.618e-05,5.2131359,5.215009820356381,-0.0018739203563811202
3.62e-05,5.2061097,5.21161993518376,-0.005510235183760592
3.622e-05,5.2040703,5.208192834340282,-0.00412253434028198
3.624e-05,5.2014093,5.204884940812606,-0.0034756408126064287
3.626e-05,5.1962569,5.201840524642428,-0.00558362464242812
3.628e-05,5.1985841,5.199187517752164,-0.0006034177521643258
3.63e-05,5.2034049,5.197034795427724,0.006370104572275714
3.632e-05,5.2026157,5.195470501106963,0.007145198893036664
3.634e-05,5.1999562,5.194560777379852,0.005395422620147805
3.636e-05,5.1966771,5.1943483102818595,0.0023287897181401007
3.638e-05,5.1952721,5.194850408429913,0.0004216915700876456
3.64e-05,5.190755,5.196056796834785,-0.005301796834785044
3.642e-05,5.1893592,5.197927715880194,-0.008568515880194028
3.644e-05,5.1960704,5.2003931210399035,-0.004322721039903499
3.646e-05,5.2015395,5.203353700225615,-0.0018142002256151812
3.648e-05,5.2076375,5.206684090468497,0.0009534095315029134
3.65e-05,5.2143646,5.210238223407993,0.004126376592006764
3.652e-05,5.2154873,5.213856346745711,0.0016309532542893024
3.654e-05,5.2172383,5.217373083042519,-0.0001347830425189045
3.656e-05,5.2214873,5.220625905763788,0.0008613942362121207
3.658e-05,5.2201319,5.223463546884918,-0.003331646884918271
3.66e-05,5.2194059,5.225753983693299,-0.006348083693299422
3.662e-05,5.2280352,5.227391695215457,0.0006435047845432251
3.664e-05,5.2360477,5.228303791955066,0.007743908044933967
3.666e-05,5.237211,5.2284544490413545,0.008756550958645803
3.668e-05,5.2340172,5.227846963123671,0.006170236876329227
3.67e-05,5.2302059,5.22652288597392,0.003683014026079512
3.672e-05,5.2232843,5.224558109857936,-0.0012738098579356816
3.674e-05,5.2151224,5.222056350796163,-0.006933950796162769
3.676e-05,5.2125758,5.219140969437001,-0.006565169437001472
3.678e-05,5.2112817,5.215946302296053,-0.004664602296053033
3.68e-05,5.2099933,5.212609579325406,-0.00261627932540609
3.682e-05,5.2099572,5.209264141843826,0.0006930581561741533
3.684e-05,5.2099281,5.206034210372914,0.0038938896270863665
3.686e-05,5.2049201,5.203031060317194,0.0018890396828057376
3.688e-05,5.1999191,5.200350256550925,-0.0004311565509249604
3.69e-05,5.1999116,5.198069590561986,0.0018420094380138252
3.692e-05,5.1974184,5.196247484135734,0.0011709158642663198
3.694e-05,5.1936862,5.194921773910595,-0.0012355739105949226
3.696e-05,5.1930783,5.194108914922388,-0.0010306149223877625
3.698e-05,5.1931018,5.19380372503366,-0.0007019250336597338
3.7e-05,5.1950022,5.193979827550363,0.00102237244963721
3.702e-05,5.1950397,5.19459093362918,0.0004487663708196976
3.704e-05,5.1913446,5.195573064274896,-0.004228464274896204
3.706e-05,5.1926425,5.1968477727403135,-0.004205272740313681
3.708e-05,5.1970641,5.198326375281288,-0.0012622752812871951
3.71e-05,5.2027398,5.199915078514024,0.0028247214859762337
3.712e-05,5.20406,5.201520695764658,0.002539304235342321
3.714e-05,5.2028945,5.2030564537039075,-0.00016195370390725827
3.716e-05,5.2060993,5.204447308191524,0.0016519918084760832
3.718e-05,5.208688,5.205634239677476,0.003053760322524468
3.72e-05,5.2100377,5.206577128316409,0.0034605716835907074
3.722e-05,5.2070323,5.2072559678015145,-0.0002236678015146154
3.724e-05,5.2059038,5.207670360415257,-0.0017665604152572456
3.726e-05,5.2072757,5.207837432891554,-0.0005617328915539233
3.728e-05,5.2092778,5.207788469405281,0.0014893305947190072
3.73e-05,5.211287,5.207564628365361,0.0037223716346383995
3.732e-05,5.2070717,5.207212120251597,-0.00014042025159710647
3.734e-05,5.2034881,5.206777251235273,-0.003289151235272847
3.736e-05,5.2011596,5.206301815759879,-0.00514221575987861
3.738e-05,5.2013329,5.2058193879058114,-0.004486487905811742
3.74e-05,5.2033844,5.205353009101887,-0.001968609101886898
3.742e-05,5.2035746,5.204914550677043,-0.001339950677043511
3.744e-05,5.2043968,5.204505699476341,-0.0001088994763414064
3.746e-05,5.2064743,5.204120182995442,0.0023541170045575655
3.748e-05,5.2085607,5.2037466073722864,0.004814092627713151
3.75e-05,5.2100328,5.203371175011467,0.006661624988532289
3.752e-05,5.2090206,5.202979606886422,0.006040993113577642
3.754e-05,5.2030311,5.202557834484542,0.0004732655154580101
3.756e-05,5.1982975,5.202091420491975,-0.0037939204919750225
3.758e-05,5.199806,5.201564110461588,-0.001758110461588025
3.76e-05,5.1975845,5.200956255212524,-0.0033717552125240857
3.762e-05,5.1928798,5.200243963616682,-0.007364163616681907
3.764e-05,5.1919235,5.19939973808268,-0.0074762380826802755
3.766e-05,5.1909758,5.198395056150571,-0.007419256150570597
3.768e-05,5.1962697,5.197204920898463,-0.0009352208984632071
3.77e-05,5.2034421,5.195813844623786,0.007628255376213922
3.772e-05,5.2043906,5.194222168542287,0.01016843145771329
3.774e-05,5.2034781,5.192451257179979,0.011026842820021088
3.776e-05,5.1994578,5.190546128492165,0.00891167150783545
3.778e-05,5.1904598,5.188574539338504,0.001885260661496524
3.78e-05,5.1833407,5.1866223081672,-0.003281608167200467
3.782e-05,5.1805937,5.18478547308409,-0.004191773084089689
3.784e-05,5.1759861,5.1831605008962045,-0.007174400896204247
3.786e-05,5.1776205,5.1818340264586755,-0.004213526458675787
3.788e-05,5.181757,5.180873504761347,0.0008834952386536088
3.79e-05,5.1802934,5.180319819690658,-2.641969065830807e-05
3.792e-05,5.1769693,5.18018248968261,-0.00321318968261064
3.794e-05,5.1749011,5.18043778538002,-0.005536685380020501
3.796e-05,5.1778281,5.1810298563055115,-0.0032017563055113385
3.798e-05,5.1801409,5.181874767835202,-0.0017338678352025738
3.8e-05,5.183086,5.182867090017477,0.00021890998252338534
3.802e-05,5.1860399,5.183888367200741,0.0021515327992585043
3.804e-05,5.1890032,5.1848165229860275,0.004186677013972684
3.806e-05,5.1925991,5.185535109144569,0.007063990855431079
3.808e-05,5.1924648,5.185941339541318,0.006523460458681463
3.81e-05,5.1861073,5.18595207493923,0.00015522506076948162
3.812e-05,5.180382,5.185507311442403,-0.005125311442403024
3.814e-05,5.1852611,5.184571168283496,0.0006899317165043328
3.816e-05,5.1882797,5.183130712308219,0.00514898769178096
3.818e-05,5.1813351,5.181193108278747,0.0001419917212528432
3.82e-05,5.1756458,5.1787816134555875,-0.003135813455587666
3.822e-05,5.1743282,5.175930970758043,-0.0016027707580432704
3.824e-05,5.1705261,5.172682821526905,-0.0021567215269051587
3.826e-05,5.1654858,5.169081772939732,-0.0035959729397321283
3.828e-05,5.1641949,5.165172657364091,-0.0009777573640912252
3.83e-05,5.1591744,5.1609993336032005,-0.0018249336032001295
3.832e-05,5.1516706,5.156605154056256,-0.004934554056255536
3.834e-05,5.1504095,5.152034988461749,-0.0016254884617490362
3.836e-05,5.1472886,5.1473384574551995,-4.985745519903162e-05
3.838e-05,5.1429311,5.14257378209214,0.00035731790786019957
3.84e-05,5.1423236,5.137811421460667,0.004512178539332723
3.842e-05,5.14048,5.133136511321329,0.007343488678671406
3.844e-05,5.1380229,5.128649103331294,0.009373796668706191
3.846e-05,5.1330827,5.1244613934292556,0.008621306570744558
3.848e-05,5.1256594,5.1206915493727365,0.004967850627263459
3.85e-05,5.1151295,5.1174543724943184,-0.002324872494318342
3.852e-05,5.1071028,5.114849738422119,-0.007746938422119598
3.854e-05,5.1053189,5.112950361057783,-0.007631461057783007
3.856e-05,5.1041683,5.111790717341756,-0.007622417341755394
3.858e-05,5.1042743,5.1113588608861775,-0.007084560886177371
3.86e-05,5.1081301,5.111592394789275,-0.0034622947892746225
3.862e-05,5.1126194,5.112379225509805,0.00024017449019453352
3.864e-05,5.1140026,5.113563053285631,0.00043954671436896575
3.866e-05,5.1135264,5.11495300578571,-0.001426605785710855
3.868e-05,5.1130603,5.116336461219988,-0.003276161219988083
3.87e-05,5.1157205,5.117493914131815,-0.0017734141318150876
3.872e-05,5.1252466,5.118214619958257,0.007031980041742436
3.874e-05,5.1285499,5.11831164754922,0.010238252450780472
3.876e-05,5.1231379,5.117634923905041,0.005502976094958534
3.878e-05,5.1196063,5.116081007544496,0.0035252924555040366
3.88e-05,5.1160851,5.113598742060837,0.002486357939162964
3.882e-05,5.111951,5.110190520264547,0.0017604797354531243
3.884e-05,5.1059578,5.105909451300866,4.8348699134059814e-05
3.886e-05,5.099352,5.100853152203313,-0.0015011522033132607
3.888e-05,5.092134,5.095155162307183,-0.0030211623071831895
3.89e-05,5.0830573,5.088975115975657,-0.005917815975656993
3.892e-05,5.0758601,5.08248880222696,-0.006628702226960215
3.894e-05,5.0724121,5.075879073115627,-0.0034669731156267147
3.896e-05,5.069597,5.069328237169523,0.000268762830477165
3.898e-05,5.0655446,5.063012143760139,0.0025324562398605366
3.9e-05,5.0590088,5.057095745939508,0.0019130540604921364
3.902e-05,5.0562222,5.051729652268666,0.004492547731334007
3.904e-05,5.0515751,5.047047108682436,0.004527991317564428
3.906e-05,5.0425745,5.043160972161117,-0.0005864721611175128
3.908e-05,5.0404391,5.040160484629289,0.0002786153707114991
3.91e-05,5.0358199,5.038107943907443,-0.0022880439074430825
3.912e-05,5.035573,5.037035605284652,-0.0014626052846518078
3.914e-05,5.0372052,5.036943264593252,0.000261935406747682
3.916e-05,5.0344836,5.0377969661410695,-0.0033133661410698068
3.918e-05,5.0361337,5.039529189858879,-0.0033954898588790527
3.92e-05,5.0390391,5.0420407408851435,-0.0030016408851434306
3.922e-05,5.043823,5.04520439373223,-0.0013813937322302294
3.924e-05,5.0504859,5.048870121465375,0.0016157785346253561
3.926e-05,5.0596512,5.05287149600975,0.006779703990249963
3.928e-05,5.0632163,5.0570326619158275,0.006183638084172216
3.93e-05,5.0618046,5.061175263857977,0.0006293361420235399
3.932e-05,5.0616485,5.065124896475784,-0.003476396475783794
3.934e-05,5.0633713,5.068716973741797,-0.00534567374179673
3.936e-05,5.0682198,5.071802206206867,-0.003582406206867006
3.938e-05,5.0724541,5.074251960367502,-0.0017978603675024019
3.94e-05,5.0754509,5.0759636185043995,-0.0005127185043996008
3.942e-05,5.0778333,5.0768657606966565,0.0009675393033434787
3.944e-05,5.081471,5.076922698071001,0.00454830192899891
3.946e-05,5.0820012,5.076137703115289,0.005863496884710884
3.948e-05,5.0781773,5.074554262667948,0.00362303733205227
3.95e-05,5.0749855,5.07225483968308,0.0027306603169199306
3.952e-05,5.070556,5.069356943937035,0.0011990560629646652
3.954e-05,5.0642654,5.066006697368824,-0.0017412973688237798
3.956e-05,5.0579833,5.062370430100451,-0.004387130100450776
3.958e-05,5.0548261,5.058625070910751,-0.0037989709107515424
3.96e-05,5.0541705,5.054948150676254,-0.0007776506762544599
3.962e-05,5.0541467,5.051508118859316,0.0026385811406841597
3.964e-05,5.051638,5.048455453026338,0.003182546973661715
3.966e-05,5.0472678,5.045914846982159,0.0013529530178413296
3.968e-05,5.0435289,5.043978701526733,-0.0004498015267326849
3.97e-05,5.0404213,5.042702224275934,-0.002280924275933849
3.972e-05,5.0379452,5.0421005854724745,-0.004155385472474293
3.974e-05,5.034231,5.042148658517111,-0.007917658517111015
3.976e-05,5.0348878,5.042783809956689,-0.007896009956689376
3.978e-05,5.0405388,5.043911950298243,-0.003373150298243033
3.98e-05,5.043705,5.045416617306482,-0.0017116173064817275
3.982e-05,5.050619,5.0471703090681554,0.0034486909318447445
3.984e-05,5.059411,5.049046757410727,0.010364242589273154
3.986e-05,5.0613553,5.050932499038433,0.010422800961566558
3.988e-05,5.0595676,5.052736092341707,0.006831507658293212
3.99e-05,5.0602805,5.05439368930829,0.005886810691710487
3.992e-05,5.0578844,5.055870329286238,0.0020140707137619174
3.994e-05,5.0542491,5.057157093593659,-0.0029079935936593415
3.996e-05,5.0549841,5.058264948015809,-0.003280848015808857
3.998e-05,5.0526103,5.059216564091368,-0.006606264091367997
4e-05,5.0546067,5.060037585394104,-0.005430885394104301
4.002e-05,5.0603501,5.060748696742721,-0.00039859674272069157
4.004e-05,5.0592446,5.061359533703555,-0.0021149337035542004
4.006e-05,5.0575225,5.061865057057573,-0.0043425570575728045
4.008e-05,5.0607937,5.0622446284396085,-0.0014509284396089228
4.01e-05,5.0628252,5.062463707569793,0.0003614924302066669
4.012e-05,5.0592538,5.062477829063464,-0.0032240290634648616
4.014e-05,5.0619215,5.062238286779255,-0.00031678677925484067
4.016e-05,5.0683349,5.061698764171627,0.006636135828372858
4.018e-05,5.0660285,5.0608220200256495,0.005206479974350309
4.02e-05,5.0624827,5.059585711112982,0.0028969888870182814
4.022e-05,5.0608138,5.057986565913817,0.002827234086183239
4.024e-05,5.0572822,5.0560424223324985,0.00123977766750194
4.026e-05,5.054381,5.05379201999512,0.0005889800048803906
4.028e-05,5.0508634,5.051292782925203,-0.0004293829252031145
4.03e-05,5.0461062,5.04861708130758,-0.0025108813075807035
4.032e-05,5.0407327,5.045847607679756,-0.0051149076797551984
4.034e-05,5.0397292,5.04307253440735,-0.003343334407349907
4.036e-05,5.0399789,5.040381021162098,-0.0004021211620974796
4.038e-05,5.0364958,5.037859421259527,-0.001363621259526937
4.04e-05,5.0380053,5.035588253876268,0.0024170461237318364
4.042e-05,5.0407679,5.033639760533654,0.007128139466345829
4.044e-05,5.0354347,5.032075734578259,0.003358965421740301
4.046e-05,5.0282385,5.030945353610766,-0.002706853610765947
4.048e-05,5.026035,5.030282949562121,-0.004247949562120823
4.05e-05,5.0275779,5.030105914609933,-0.002528014609933571
4.052e-05,5.0297502,5.030413099235253,-0.0006628992352535334
4.054e-05,5.0337985,5.031184021030063,0.0026144789699369397
4.056e-05,5.0341133,5.032379031424739,0.0017342685752606002
4.058e-05,5.0306945,5.033940425171866,-0.0032459251718659488
4.06e-05,5.0353841,5.035794415401487,-0.0004103154014867272
4.062e-05,5.0407029,5.037853914572582,0.0028489854274180715
4.064e-05,5.0397947,5.04002208306159,-0.00022738306159020283
4.066e-05,5.038892,5.042196601960417,-0.003304601960417486
4.068e-05,5.0404883,5.044274619239979,-0.0037863192399791856
4.07e-05,5.0420903,5.046158303558677,-0.004068003558677091
4.072e-05,5.0461911,5.047760853949764,-0.0015697539497638857
4.074e-05,5.0534139,5.049012613676042,0.004401286323957976
4.076e-05,5.0575258,5.04986667399844,0.007659126001559713
4.078e-05,5.0554105,5.050303160915971,0.00510733908402905
4.08e-05,5.0520541,5.050331411056931,0.0017226889430697057
4.082e-05,5.0524427,5.049989504595148,0.0024531954048523374
4.084e-05,5.0534598,5.049341042955779,0.004118757044221155
4.086e-05,5.0488726,5.0484694913330665,0.0004031086669336048
4.088e-05,5.0430438,5.04747076490069,-0.004426964900689612
4.09e-05,5.0409595,5.046445006050825,-0.005485506050825428
4.092e-05,5.0395035,5.045488646992928,-0.005985146992927959
4.094e-05,5.0405455,5.044687809638528,-0.004142309638528019
4.096e-05,5.0403458,5.04411383241703,-0.003768032417029943
4.098e-05,5.0413975,5.043821290367997,-0.002423790367996226
4.1e-05,5.0461932,5.043848400727195,0.002344799272805176
4.102e-05,5.0485003,5.044219282667875,0.004281017332124826
4.104e-05,5.048942,5.044947245444591,0.003994754555408875
4.106e-05,5.0506346,5.046038175316944,0.0045964246830560995
4.108e-05,5.0485916,5.047493199832928,0.0010984001670717447
4.11e-05,5.0484225,5.049310080951364,-0.0008875809513639865
4.112e-05,5.0544899,5.051483123473754,0.0030067765262460355
4.114e-05,5.0568215,5.054001680354977,0.0028198196450226476
4.116e-05,5.0572873,5.056847550390758,0.00043974960924142437
4.118e-05,5.0565108,5.059991726810995,-0.0034809268109947666
4.12e-05,5.0601012,5.063391102374915,-0.003289902374914888
4.122e-05,5.0661888,5.066985837284591,-0.0007970372845909068
4.124e-05,5.0679173,5.070698084619956,-0.0027807846199552344
4.126e-05,5.0677797,5.074432628459126,-0.0066529284591263504
4.128e-05,5.0732551,5.078079764960485,-0.004824664960485059
4.13e-05,5.083097,5.081520475447711,0.0015765245522896265
4.132e-05,5.08671,5.084633603230249,0.002076396769751021
4.134e-05,5.0872102,5.087304396192945,-9.419619294437354e-05
4.136e-05,5.0889604,5.08943351874774,-0.00047311874774003115
4.138e-05,5.0925838,5.090945534707497,0.0016382652925024388
4.14e-05,5.0987038,5.091795880078086,0.006907919921913752
4.142e-05,5.1023342,5.091975421421808,0.010358778578191341
4.144e-05,5.0984891,5.091511854855,0.00697724514500031
4.146e-05,5.0921544,5.090467532645236,0.0016868673547643098
4.148e-05,5.0870689,5.088933839160668,-0.0018649391606677668
4.15e-05,5.0801162,5.087022859683633,-0.00690665968363291
4.152e-05,5.0787753,5.084857582770128,-0.006082282770127456
4.154e-05,5.0774367,5.082562076481308,-0.005125376481307953
4.156e-05,5.0748539,5.080252938461615,-0.005399038461614936
4.158e-05,5.076636,5.078032922565889,-0.0013969225658891915
4.16e-05,5.0784201,5.07598713341072,0.002432966589279495
4.162e-05,5.0752198,5.074181694343044,0.0010381056569563896
4.164e-05,5.0713982,5.072664439719966,-0.001266239719965867
4.166e-05,5.0744346,5.071467007733865,0.0029675922661347442
4.168e-05,5.0749797,5.070607688083556,0.004372011916443874
4.17e-05,5.0724103,5.070094446492075,0.0023158535079241815
4.172e-05,5.0704657,5.069927678243146,0.0005380217568538015
4.174e-05,5.0678994,5.070102439221063,-0.002203039221063463
4.176e-05,5.0665811,5.070610128902143,-0.0040290289021429615
4.178e-05,5.069627,5.071439764223284,-0.0018127642232839136
4.18e-05,5.0732975,5.072579007913821,0.0007184920861789124
4.182e-05,5.0757226,5.074014999947029,0.0017076000529705482
4.184e-05,5.0781487,5.075734869392306,0.0024138306076935123
4.186e-05,5.0824455,5.077725686927591,0.004719813072409096
4.188e-05,5.0817572,5.079973626839327,0.0017835731606732352
4.19e-05,5.0810699,5.082462247831921,-0.0013923478319206595
4.192e-05,5.0859928,5.0851700277363365,0.0008227722636631185
4.194e-05,5.0865538,5.088067518185871,-0.0015137181858708715
4.196e-05,5.0883618,5.0911146442555575,-0.0027528442555571075
4.198e-05,5.0907933,5.094258727043767,-0.0034654270437677326
4.2e-05,5.0926021,5.097433757805495,-0.004831657805495659
4.202e-05,5.0981507,5.100561304878702,-0.0024106048787020384
4.204e-05,5.1043226,5.103553192428685,0.0007694075713144954
4.206e-05,5.1073782,5.106315787176932,0.0010624128230682928
4.208e-05,5.1104335,5.108755442605445,0.0016780573945549548
4.21e-05,5.1122419,5.1107844631471915,0.0014574368528084136
4.212e-05,5.115297,5.112326901060773,0.0029700989392269506
4.214e-05,5.1177291,5.113323566319435,0.004405533680564844
4.216e-05,5.1145519,5.11373577843556,0.0008161215644406639
4.218e-05,5.1119982,5.113547596705196,-0.0015493967051956048
4.22e-05,5.1125607,5.11276650404416,-0.0002058040441594855
4.222e-05,5.1125,5.111422730165991,0.0010772698340089093
4.224e-05,5.1086996,5.1095675248153265,-0.000867924815326937
4.226e-05,5.1030295,5.107270728706437,-0.004241228706437283
4.228e-05,5.0986056,5.104617972383058,-0.006012372383057851
4.23e-05,5.1016606,5.101707760323495,-4.716032349527666e-05
4.232e-05,5.1059617,5.098648532604437,0.007313167395563092
4.234e-05,5.0996667,5.095555561242331,0.00411113875766933
4.236e-05,5.0946178,5.092547365207081,0.002070434792918796
4.238e-05,5.0920615,5.089741359354795,0.0023201406452049156
4.24e-05,5.0851417,5.0872486944005635,-0.002106994400563167
4.242e-05,5.0813377,5.085168563391511,-0.0038308633915109525
4.244e-05,5.0812726,5.0835824923004465,-0.0023098923004463146
4.246e-05,5.0818299,5.082549214519484,-0.0007193145194843709
4.248e-05,5.0805167,5.082100647483357,-0.0015839474833567735
4.25e-05,5.0810724,5.082239305966734,-0.0011669059667340775
4.252e-05,5.0841202,5.082937285679203,0.0011829143207968684
4.254e-05,5.0877901,5.08413678851331,0.003653311486690569
4.256e-05,5.0877192,5.085752061950247,0.0019671380497534585
4.258e-05,5.085154,5.087672612819648,-0.0025186128196477142
4.26e-05,5.0850808,5.089767634760083,-0.004686834760082803
4.262e-05,5.0887461,5.091891697592099,-0.003145597592099314
4.264e-05,5.0917869,5.093891772533809,-0.002104872533808866
4.266e-05,5.0917102,5.095615537759791,-0.003905337759791294
4.268e-05,5.0947487,5.096920650555269,-0.0021719505552688645
4.27e-05,5.102772,5.097684366088986,0.005087633911013967
4.272e-05,5.1051848,5.0978126039032565,0.007372196096743444
4.274e-05,5.1032335,5.097247391532583,0.005986108467417317
4.276e-05,5.1037736,5.095971649311145,0.007801950688855364
4.278e-05,5.0987024,5.094010578514974,0.004691821485026004
4.28e-05,5.0898896,5.091429428392721,-0.0015398283927208212
4.282e-05,5.0829447,5.088328013079905,-0.00538331307990525
4.284e-05,5.0791141,5.084832863069024,-0.005718763069023858
4.286e-05,5.0765281,5.081088176968037,-0.004560076968036952
4.288e-05,5.0745633,5.077246710733636,-0.0026834107336357604
4.29e-05,5.0744661,5.073461451815135,0.0010046481848657862
4.292e-05,5.0718736,5.069878521710247,0.001995078289753316
4.294e-05,5.0667857,5.066631392508702,0.00015430749129752286
4.296e-05,5.062942,5.063836290950265,-0.0008942909502653862
4.298e-05,5.061589,5.061588604174496,3.95825503929359e-07
4.3e-05,5.0645963,5.059960127801129,0.004636172198870803
4.302e-05,5.0626148,5.058997042626037,0.003617757373963748
4.304e-05,5.0562676,5.0587185709973035,-0.0024509709973035143
4.306e-05,5.0561501,5.059116386531858,-0.002966286531857598
4.308e-05,5.0566535,5.06015501298862,-0.0035015129886195595
4.31e-05,5.058401,5.061773548772408,-0.0033725487724076686
4.312e-05,5.0613926,5.063889000603754,-0.002496400603754445
4.314e-05,5.0618887,5.066401303370534,-0.004512603370534052
4.316e-05,5.0686149,5.069199809454971,-0.0005849094549708056
4.318e-05,5.0772083,5.072170715213156,0.005037584786843574
4.32e-05,5.0808129,5.0752046107215865,0.005608289278413281
4.322e-05,5.0831683,5.07820317141053,0.004965128589470069
4.324e-05,5.0886374,5.081084046787212,0.007553353212787606
4.326e-05,5.0891178,5.083783274310187,0.005334525689812963
4.328e-05,5.0839859,5.086255001746192,-0.0022691017461919927
4.33e-05,5.0850839,5.088468833689807,-0.003384933689806857
4.332e-05,5.085556,5.090405595824191,-0.004849595824190978
4.334e-05,5.0860255,5.092052595093906,-0.0060270950939065315
4.336e-05,5.0877389,5.093399460889811,-0.0056605608898117055
4.338e-05,5.090073,5.094435399204408,-0.00436239920440773
4.34e-05,5.0986366,5.095148268087324,0.003488331912675946
4.342e-05,5.1022109,5.095525405300956,0.0066854946990444475
4.344e-05,5.0976797,5.095555747068644,0.002123952931355255
4.346e-05,5.0956383,5.095232605194487,0.0004056948055133347
4.348e-05,5.0935935,5.094556558724113,-0.000963058724113175
4.35e-05,5.088429,5.093538156832886,-0.0051091568328862635
4.352e-05,5.0894936,5.092200340441476,-0.0027067404414760077
4.354e-05,5.0918011,5.090580545759584,0.0012205542404153391
4.356e-05,5.0903659,5.0887323425700535,0.0016335574299466415
4.358e-05,5.0895507,5.086726270757738,0.0028244292422625605
4.36e-05,5.0912254,5.084649398434121,0.006576001565878897
4.362e-05,5.0891573,5.082603130248444,0.006554169751556316
4.364e-05,5.082723,5.0806989773622355,0.0020240226377641335
4.366e-05,5.0794019,5.0790523430749035,0.00034955692509619496
4.368e-05,5.0748312,5.0777748116513335,-0.0029436116513332777
4.37e-05,5.0702574,5.076965829172442,-0.006708429172442187
4.372e-05,5.0694195,5.076704900168533,-0.007285400168532519
4.374e-05,5.0716944,5.077045408133718,-0.005351008133717805
4.376e-05,5.075212,5.078010892374475,-0.0027988923744750593
4.378e-05,5.0812188,5.079594146171805,0.0016246538281956546
4.38e-05,5.0865989,5.08175897714869,0.004839922851310519
4.382e-05,5.0857427,5.084444049061827,0.0012986509381729405
4.384e-05,5.0867529,5.087568018271288,-0.0008151182712881067
4.386e-05,5.0933691,5.091035196111936,0.0023339038880640928
4.388e-05,5.0962417,5.0947411154608755,0.0015005845391247163
4.39e-05,5.1003568,5.098577543414736,0.0017792565852641218
4.392e-05,5.1057147,5.102436621229557,0.0032780787704433934
4.394e-05,5.1054594,5.106213952764551,-0.000754552764551164
4.396e-05,5.1064465,5.10981062509995,-0.0033641250999503214
4.398e-05,5.1111689,5.113134304301535,-0.00196540430153469
4.4e-05,5.1177566,5.116099643735551,0.0016569562644486169
4.402e-05,5.1218466,5.118628229650973,0.0032183703490265003
4.404e-05,5.1234404,5.120648207425926,0.002792192574073482
4.406e-05,5.1212915,5.122093686471755,-0.0008021864717546734
4.408e-05,5.1191396,5.122904084039538,-0.0037644840395385515
4.41e-05,5.1207245,5.123023701573191,-0.002299201573191745
4.412e-05,5.1229296,5.122401920233421,0.0005276797665789701
4.414e-05,5.1220154,5.120994375157052,0.0010210248429487478
4.416e-05,5.1129962,5.118765343499687,-0.005769143499686713
4.418e-05,5.1095838,5.115691437646135,-0.006107637646135089
4.42e-05,5.1086616,5.111766553530811,-0.003104953530811194
4.422e-05,5.1064899,5.1070078205759755,-0.0005179205759757721
4.424e-05,5.1055618,5.101461989662101,0.004099810337899079
4.426e-05,5.0990214,5.095211350281629,0.0038100497183704007
4.428e-05,5.0937249,5.088378034148662,0.00534686585133759
4.43e-05,5.0871793,5.081125546230298,0.006053753769701409
4.432e-05,5.0775148,5.073656574751614,0.0038582252483863044
4.434e-05,5.0709641,5.066206510067715,0.0047575899322849224
4.436e-05,5.0656573,5.05903257232026,0.0066247276797399834
4.438e-05,5.0578549,5.052398950672468,0.005455949327531684
4.44e-05,5.0475569,5.046558867739292,0.0009980322607079373
4.442e-05,5.0378798,5.0417349948879,-0.003855194887900204
4.444e-05,5.0300698,5.0381001139704615,-0.008030313970461833
4.446e-05,5.0247504,5.035760236161982,-0.011009836161981923
4.448e-05,5.0237912,5.034742413538943,-0.01095121353894335
4.45e-05,5.0253223,5.0349891389848755,-0.009666838984875525
4.452e-05,5.0293444,5.0363605538981355,-0.007016153898135258
4.454e-05,5.032118,5.038644787618187,-0.006526787618187591
4.456e-05,5.0348893,5.041575788404194,-0.006686488404194613
4.458e-05,5.0426447,5.044857095908589,-0.0022123959085886824
4.46e-05,5.0522681,5.048189212462018,0.004078887537982467
4.462e-05,5.0662525,5.051297593760243,0.01495490623975737
4.464e-05,5.0771189,5.053957889408843,0.02316101059115727
4.466e-05,5.0761417,5.056015093368044,0.020126606631955646
4.468e-05,5.0701762,5.057393888028918,0.012782311971081484
4.47e-05,5.0648316,5.058098702314149,0.006732897685850503
4.472e-05,5.0588615,5.058203623096381,0.000657876903618515
4.474e-05,5.052889,5.057833906880202,-0.004944906880201216
4.476e-05,5.0475377,5.0571420822973945,-0.009604382297394132
4.478e-05,5.0415609,5.056282330033105,-0.014721430033104888
4.48e-05,5.038075,5.055386939365366,-0.017311939365366236
4.482e-05,5.0377033,5.054548203397798,-0.016844903397797317
4.484e-05,5.041069,5.053808196022708,-0.012739196022708121
4.486e-05,5.0450561,5.053157588241846,-0.008101488241845978
4.488e-05,5.0546506,5.052543193571895,0.0021074064281050298
4.49e-05,5.0629967,5.051882524523237,0.011114175476762966
4.492e-05,5.062615,5.051082556534333,0.01153244346566673
4.494e-05,5.0634779,5.0500593530264375,0.013418546973562151
4.496e-05,5.0605992,5.048755304070589,0.011843895929411374
4.498e-05,5.0558488,5.047151394621459,0.008697405378541134
4.5e-05,5.0523431,5.045272936336128,0.007070163663871476
4.502e-05,5.0450963,5.043188333657326,0.0019079663426735394
4.504e-05,5.0403408,5.041001521701632,-0.0006607217016316724
4.506e-05,5.033714,5.03883958078676,-0.0051255807867605085
4.508e-05,5.027709,5.036837614831363,-0.00912861483136318
4.51e-05,5.0248189,5.035123225327802,-0.010304325327802566
4.512e-05,5.0244205,5.033802795977984,-0.009382295977983901
4.514e-05,5.0258908,5.032951344132225,-0.007060544132224678
4.516e-05,5.0279829,5.032606973232445,-0.004624073232445625
4.518e-05,5.0350597,5.032770114117762,0.0022895858822380433
4.52e-05,5.0402653,5.033406938860864,0.006858361139135738
4.522e-05,5.0423533,5.034455729511337,0.007897570488663241
4.524e-05,5.0407004,5.0358347128408045,0.004865687159195886
4.526e-05,5.0390463,5.037449976724826,0.0015963232751738943
4.528e-05,5.0386374,5.039202481254325,-0.0005650812543249728
4.53e-05,5.0413436,5.040993680578514,0.0003499194214864332
4.532e-05,5.0415558,5.042729692745323,-0.0011738927453226466
4.534e-05,5.0448836,5.0443242050132655,0.0005593949867348513
4.536e-05,5.0463409,5.045700400301457,0.0006404996985427402
4.538e-05,5.0428114,5.046792204478169,-0.003980804478168842
4.54e-05,5.0448906,5.0475451359705685,-0.002654535970568972
4.542e-05,5.0475924,5.047916992900288,-0.0003245929002879677
4.544e-05,5.0502935,5.047878513192959,0.0024149868070413305
4.546e-05,5.0498777,5.047413995746518,0.0024637042534818576
4.548e-05,5.0482151,5.046521745343514,0.0016933546564859014
4.55e-05,5.0434359,5.0452141797718175,-0.001778279771817104
4.552e-05,5.0411495,5.043517522412967,-0.0023680224129662975
4.554e-05,5.0413559,5.041471122109094,-0.00011522210909387098
4.556e-05,5.0378228,5.039126501819718,-0.0013037018197179506
4.558e-05,5.0367829,5.036546202849701,0.00023669715029939198
4.56e-05,5.0369898,5.033802398890599,0.0031874011094004118
4.562e-05,5.0328342,5.03097516957954,0.0018590304204595398
4.564e-05,5.0280552,5.028150299808716,-9.509980871591495e-05
4.566e-05,5.0245226,5.0254165298273765,-0.0008939298273764607
4.568e-05,5.0228596,5.022862296363436,-2.696363435639171e-06
4.57e-05,5.0199499,5.020572113382114,-0.0006222133821136566
4.572e-05,5.016417,5.018622792566489,-0.0022057925664888955
4.574e-05,5.0184937,5.017079694133475,0.0014140058665246258
4.576e-05,5.0211938,5.015993153079864,0.005200646920135554
4.578e-05,5.0176614,5.015395183303935,0.002266216696064305
4.58e-05,5.0135059,5.015296579698088,-0.0017906796980877715
4.582e-05,5.0112203,5.015684654344808,-0.004464354344808186
4.584e-05,5.0101815,5.0165220057856255,-0.006340505785625616
4.586e-05,5.0141294,5.0177467961967395,-0.0036173961967396195
4.588e-05,5.0187005,5.01927489220002,-0.0005743922000203128
4.59e-05,5.0207788,5.02100392111049,-0.00022512111049000083
4.592e-05,5.0234804,5.022818922001118,0.0006614779988822761
4.594e-05,5.0280518,5.024598964033779,0.003452835966220924
4.596e-05,5.0313776,5.026223938527767,0.005153661472232507
4.598e-05,5.0328346,5.02758072165604,0.005253878343959961
4.6e-05,5.0311764,5.028568049056394,0.002608350943605231
4.602e-05,5.0282728,5.0290997287596335,-0.0008269287596336383
4.604e-05,5.0278636,5.029106186984003,-0.0012425869840031467
4.606e-05,5.0268326,5.028534685628899,-0.0017020856288993969
4.608e-05,5.0245567,5.027348768847533,-0.0027920688475333577
4.61e-05,5.0229059,5.025527550636499,-0.0026216506364997727
4.612e-05,5.0187633,5.023065371490387,-0.004302071490386972
4.614e-05,5.0146219,5.019972171871458,-0.005350271871457757
4.616e-05,5.0142215,5.016274676133501,-0.002053176133501644
4.618e-05,5.0163156,5.012018163280387,0.004297436719613579
4.62e-05,5.0146715,5.007268261834805,0.0074032381651951695
4.622e-05,5.0080428,5.002111951710198,0.005930848289802171
4.624e-05,5.0039085,4.996656922352018,0.00725157764798201
4.626e-05,4.9966593,4.991028691158277,0.0056306088417228395
4.628e-05,4.9831795,4.985365374193873,-0.0021858741938727277
4.63e-05,4.9715715,4.979810581879518,-0.008239081879518828
4.632e-05,4.9661986,4.974505411002846,-0.008306811002845471
4.634e-05,4.9639445,4.9695807438330775,-0.005636243833077259
4.636e-05,4.9623157,4.965150937723122,-0.002835237723121331
4.638e-05,4.9619355,4.961309544029716,0.0006259559702836981
4.64e-05,4.9609341,4.958127125341669,0.0028069746583314625
4.642e-05,4.9586882,4.955650757663867,0.0030374423361330116
4.644e-05,4.9583149,4.953904537920684,0.004410362079316776
4.646e-05,4.956698,4.9528903909525335,0.003807609047466798
4.648e-05,4.9513441,4.952588637119617,-0.0012445371196170285
4.65e-05,4.9534721,4.952958060085851,0.0005140399141492225
4.652e-05,4.9587198,4.953935510118074,0.004784289881925474
4.654e-05,4.9558682,4.955435317837884,0.00043288216211667674
4.656e-05,4.9530206,4.957348967045506,-0.0043283670455060985
4.658e-05,4.9545397,4.959545614482321,-0.005005914482321572
4.66e-05,4.9560611,4.961874131874979,-0.005813031874978947
4.662e-05,4.9594542,4.964167295190725,-0.004713095190725269
4.664e-05,4.962226,4.966248497841739,-0.0040224978417384705
4.666e-05,4.9637532,4.967940954411632,-0.004187754411631772
4.668e-05,4.9721384,4.969078883422111,0.0030595165778892763
4.67e-05,4.976163,4.969519705736049,0.006643294263950494
4.672e-05,4.9745799,4.969155961390611,0.005423938609388834
4.674e-05,4.9748683,4.967925531149544,0.006942768850455749
4.676e-05,4.9701728,4.965818910354362,0.004353889645638098
4.678e-05,4.9636096,4.962882684958886,0.0007269150411142178
4.68e-05,4.960165,4.959218881291272,0.000946118708728072
4.682e-05,4.9560995,4.95498036357563,0.001119136424369671
4.684e-05,4.9507894,4.950362840625485,0.00042655937451474557
4.686e-05,4.9423648,4.9455942900838785,-0.0032294900838785168
4.688e-05,4.9326954,4.9409227394099835,-0.008227339409983436
4.69e-05,4.9317536,4.936603365084498,-0.004849765084497193
4.692e-05,4.9345537,4.932885745118974,0.0016679548810261124
4.694e-05,4.9354864,4.930001806815282,0.005484593184718278
4.696e-05,4.9320586,4.928154650555096,0.0039039494449042422
4.698e-05,4.9305029,4.927508190852926,0.002994709147073671
4.7e-05,4.9308196,4.928177568753602,0.0026420312463981688
4.702e-05,4.9292689,4.930220525334483,-0.0009516253344825643
4.704e-05,4.9320837,4.933630247870601,-0.0015465478706016
4.706e-05,4.9392642,4.938330477496578,0.000933722503422274
4.708e-05,4.9420841,4.94417383205057,-0.00208973205057017
4.71e-05,4.9405433,4.950944343059418,-0.010401043059418136
4.712e-05,4.9433677,4.9583651408236875,-0.014997440823687924
4.714e-05,4.9493108,4.966111996315706,-0.01680119631570598
4.716e-05,4.9608655,4.973832916953684,-0.01296741695368464
4.718e-05,4.9786553,4.981173102770138,-0.0025178027701384664
4.72e-05,4.9970705,4.987803381598764,0.00926711840123673
4.722e-05,5.0129948,4.993449043616128,0.019545756383872792
4.724e-05,5.0226891,4.9979151821059675,0.024773917894032493
4.726e-05,5.0249067,5.001104562172001,0.02380213782799867
4.728e-05,5.0215176,5.0030248281041425,0.01849277189585763
4.73e-05,5.0131451,5.003783407381959,0.009361692618041317
4.732e-05,5.0035286,5.003570441668918,-4.1841668918074504e-05
4.734e-05,4.994538,5.002632039999853,-0.008094039999853031
4.736e-05,4.9855499,5.001237705408148,-0.01568780540814796
4.738e-05,4.9796808,4.999646657712831,-0.019965857712831436
4.74e-05,4.9750609,4.998077846088758,-0.023016946088757706
4.742e-05,4.9772998,4.996687741684075,-0.01938794168407476
4.744e-05,4.9845276,4.995558658927535,-0.011031058927534865
4.746e-05,4.9886418,4.994698603887777,-0.0060568038877768515
4.748e-05,4.997745,4.994051797643411,0.003693202356589431
4.75e-05,5.0056047,4.993517405165233,0.012087294834767448
4.752e-05,5.0091045,4.9929728911104565,0.01613160888954379
4.754e-05,5.0094912,4.992297989444733,0.017193210555267235
4.756e-05,5.004271,4.991395555504607,0.012875444495393573
4.758e-05,5.0015464,4.990206469954597,0.011339930045402902
4.76e-05,4.9950846,4.988717059203814,0.0063675407961865105
4.762e-05,4.9817693,4.986958903899119,-0.005189603899118822
4.764e-05,4.9753126,4.985002165732281,-0.009689565732281302
4.766e-05,4.9738445,4.982944458571411,-0.00909995857141066
4.768e-05,4.9736256,4.980897667301919,-0.007272067301919094
4.77e-05,4.975279,4.978974948168501,-0.003695948168501495
4.772e-05,4.9744417,4.977279577084731,-0.0028378770847314883
4.774e-05,4.9760998,4.975896601206814,0.00020319879318630996
4.776e-05,4.9758907,4.974887611934612,0.001003088065387736
4.778e-05,4.973191,4.974288502192385,-0.0010975021923851358
4.78e-05,4.9748564,4.9741098093601055,0.0007465906398946842
4.782e-05,4.9746542,4.97433913286805,0.00031506713194939806
4.784e-05,4.9725842,4.974945085727087,-0.0023608857270867034
4.786e-05,4.9761257,4.975882235554793,0.00024346444520695343
4.788e-05,4.9802931,4.9770964805035165,0.0031966194964834216
4.79e-05,4.9801003,4.978530282968533,0.0015700170314669748
4.792e-05,4.9830266,4.980127177661302,0.002899422338697555
4.794e-05,4.9859556,4.981835029565054,0.004120570434945847
4.796e-05,4.9857711,4.983607667293472,0.002163432706527857
4.798e-05,4.9887055,4.985404745277261,0.00330075472273883
4.8e-05,4.989773,4.9871899655213205,0.002583034478679025
4.802e-05,4.9858573,4.988928087372148,-0.003070787372148054
4.804e-05,4.9844372,4.9905814331517035,-0.0061442331517032045
4.806e-05,4.9848895,4.992106793394891,-0.007217293394890412
4.808e-05,4.9878374,4.993453657104125,-0.0056162571041245
4.81e-05,4.9920343,4.994564474601276,-0.002530174601275803
4.812e-05,4.9931175,4.995377230856492,-0.0022597308564913376
4.814e-05,4.9966964,4.995830086874381,0.0008663131256190226
4.816e-05,5.0015244,4.995867377966399,0.005657022033600967
4.818e-05,5.0026154,4.995445942600226,0.0071694573997742594
4.82e-05,5.0005925,4.994540656242172,0.006051843757827413
4.822e-05,4.9967023,4.993148195332566,0.0035541046674341104
4.824e-05,4.9953078,4.991288436210652,0.00401936378934753
4.826e-05,4.9907994,4.989003406501927,0.0017959934980735781
4.828e-05,4.9775677,4.986354223401108,-0.00878652340110797
4.83e-05,4.970571,4.983416859898243,-0.012845859898243717
4.832e-05,4.9754186,4.980277762069011,-0.004859162069010381
4.834e-05,4.9771521,4.977030188255779,0.00012191174422060413
4.836e-05,4.9757717,4.973771657878736,0.002000042121264478
4.838e-05,4.9775102,4.97060228339362,0.006907916606380127
4.84e-05,4.9742647,4.967623298592283,0.0066414014077169625
4.842e-05,4.9697751,4.964934966408613,0.004840133591386575
4.844e-05,4.9671577,4.962633253440865,0.004524446559134532
4.846e-05,4.9589332,4.960805089656982,-0.0018718896569822618
4.848e-05,4.9538275,4.959522538999802,-0.005695038999801838
4.85e-05,4.9543337,4.958836630795025,-0.004502930795024618
4.852e-05,4.9560883,4.958771810950244,-0.0026835109502441057
4.854e-05,4.9572215,4.959321912266103,-0.0021004122661025804
4.856e-05,4.9583565,4.960448274836457,-0.002091774836457283
4.858e-05,4.9594933,4.962080301440623,-0.002587001440622849
4.86e-05,4.9631248,4.964118412936725,-0.0009936129367247304
4.862e-05,4.9704976,4.966439105605101,0.004058494394898915
4.864e-05,4.9722626,4.968901607352098,0.003360992647901462
4.866e-05,4.9734058,4.971355512436248,0.002050287563752029
4.868e-05,4.973304,4.97364879218299,-0.0003447921829904388
4.87e-05,4.9713339,4.975635727950847,-0.004301827950846437
4.872e-05,4.9749747,4.977184502881703,-0.002209802881703027
4.874e-05,4.978617,4.9781842989907386,0.00043270100926129373
4.876e-05,4.9772744,4.978551712756576,-0.0012773127565761655
4.878e-05,4.978426,4.978236162288064,0.00018983771193603616
4.88e-05,4.9826952,4.977223804693322,0.005471395306678062
4.882e-05,4.9819793,4.975539390949275,0.006439909050724779
4.884e-05,4.9793948,4.973245509205033,0.006149290794966511
4.886e-05,4.9736951,4.970438853994632,0.003256246005367558
4.888e-05,4.9667498,4.967243522163578,-0.0004937221635783473
4.89e-05,4.9629219,4.9638018049560255,-0.0008799049560250793
4.892e-05,4.9572251,4.960263382491985,-0.0030382824919854556
4.894e-05,4.9515293,4.956774109903838,-0.0052448099038384655
4.896e-05,4.9483274,4.953465661826956,-0.005138261826956203
4.898e-05,4.9451265,4.950447180818087,-0.005320680818087453
4.9e-05,4.9425494,4.9477997865974235,-0.005250386597423606
4.902e-05,4.9437125,4.945574389899155,-0.0018618898991551447
4.904e-05,4.9454995,4.943792777866519,0.001706722133481442
4.906e-05,4.9441705,4.94245147736901,0.001719022630989997
4.908e-05,4.9434653,4.941527548139594,0.0019377518604057897
4.91e-05,4.9452534,4.9409852769706335,0.004268123029366855
4.912e-05,4.945172,4.940782747987791,0.004389252012209077
4.914e-05,4.9463373,4.9408774165014435,0.005459883498556195
4.916e-05,4.945633,4.9412300790785695,0.004402920921430464
4.918e-05,4.9386963,4.941806988088035,-0.003110688088034941
4.92e-05,4.9354994,4.942580260143531,-0.0070808601435308205
4.922e-05,4.9372889,4.943527068946156,-0.006238168946155476
4.924e-05,4.9440645,4.944628251633399,-0.0005637516333996118
4.926e-05,4.9514633,4.945866819521387,0.005596480478613053
4.928e-05,4.9520061,4.94722654174802,0.004779558251979843
4.93e-05,4.950679,4.948690487474604,0.0019885125253962244
4.932e-05,4.9505982,4.950239355259397,0.0003588447406031037
4.934e-05,4.9492708,4.951849596174134,-0.002578796174134368
4.936e-05,4.9491895,4.953491603219945,-0.00430210321994462
4.938e-05,4.9522243,4.9551284230966735,-0.0029041230966733167
4.94e-05,4.9546354,4.956715456013228,-0.0020800560132281376
4.942e-05,4.9551764,4.958201449712856,-0.0030250497128561094
4.944e-05,4.9575867,4.959530831795039,-0.0019441317950388282
4.946e-05,4.9637362,4.960647137232485,0.0030890627675148608
4.948e-05,4.969885,4.961497034656329,0.0083879653436707
4.95e-05,4.9698002,4.962034298934838,0.007765901065162062
4.952e-05,4.9628585,4.962223108991674,0.0006353910083261027
4.954e-05,4.9552925,4.962040322507852,-0.006747822507852774
4.956e-05,4.9533348,4.961476802870668,-0.008142002870667575
4.958e-05,4.9551157,4.960538213243044,-0.0054225132430438805
4.96e-05,4.9587651,4.959245727191733,-0.00048062719173280755
4.962e-05,4.9605435,4.95763680520138,0.0029066947986198244
4.964e-05,4.9629438,4.955765732501595,0.007178067498404772
4.966e-05,4.9634728,4.953703261209286,0.009769538790713739
4.968e-05,4.9565212,4.951534631784974,0.004986568215025855
4.97e-05,4.949568,4.949355513516202,0.00021248648379845747
4.972e-05,4.9438596,4.9472659127145215,-0.003406312714521853
4.974e-05,4.9406425,4.945362656148599,-0.004720156148598775
4.976e-05,4.9399165,4.943731451204639,-0.0038149512046388168
4.978e-05,4.9379419,4.942439631212281,-0.004497731212280698
4.98e-05,4.9390819,4.941530531552025,-0.0024486315520251267
4.982e-05,4.9408433,4.9410201154991675,-0.00017681549916748196
4.984e-05,4.9394864,4.940896095198505,-0.0014096951985047568
4.986e-05,4.939374,4.941119459420154,-0.0017454594201540274
4.988e-05,4.9417527,4.941628068491689,0.00012463150831099057
4.99e-05,4.9453758,4.942341804753095,0.0030339952469047304
4.992e-05,4.944634,4.943168653838578,0.0014653461614217989
4.994e-05,4.9457598,4.944011042683773,0.0017487573162275893
4.996e-05,4.948753,4.944771798390532,0.003981201609468243
4.998e-05,4.9473809,4.945359220358313,0.0020216796416869798
5e-05,4.9447596,4.94569095024855,-0.0009313502485497338
5.002e-05,4.9458754,4.945696546490389,0.00017885350961144297
5.004e-05,4.9488582,4.945318881560845,0.0035393184391550037
5.006e-05,4.9431125,4.9445146418230985,-0.0014021418230987237
5.008e-05,4.9367407,4.943254315176302,-0.006513615176302778
5.01e-05,4.9359752,4.941522111905785,-0.005546911905785379
5.012e-05,4.9352069,4.939316241336062,-0.004109341336062222
5.014e-05,4.9381753,4.936649787976422,0.0015255120235782016
5.016e-05,4.9374012,4.933552096419861,0.0038491035801389017
5.018e-05,4.9328845,4.930070210876684,0.0028142891233162715
5.02e-05,4.9314808,4.926269690526784,0.0052111094732163465
5.022e-05,4.9269576,4.922234125280392,0.004723474719607879
5.024e-05,4.9211844,4.918062887740544,0.00312151225945545
5.026e-05,4.9141613,4.913867000175083,0.00029429982491713247
5.028e-05,4.9046417,4.909763386319719,-0.00512168631971921
5.03e-05,4.9013515,4.9058681228085455,-0.0045166228085458116
5.032e-05,4.9005509,4.902289499267362,-0.0017385992673624173
5.034e-05,4.8991234,4.899121674316714,1.7256832860468307e-06
5.036e-05,4.8958226,4.896439511244298,-0.0006169112442986346
5.038e-05,4.8925183,4.894294912152811,-0.001776612152811552
5.04e-05,4.8917036,4.892714753580654,-0.0010111535806540672
5.042e-05,4.892132,4.891700385482624,0.00043161451737638856
5.044e-05,4.8925562,4.891228554062876,0.0013276459371232008
5.046e-05,4.8898597,4.891253524762273,-0.0013938247622728994
5.048e-05,4.8908984,4.891710126306299,-0.0008117263062992208
5.05e-05,4.8944257,4.8925174167790315,0.0019082832209686984
5.052e-05,4.8960786,4.89358266910206,0.0024959308979397576
5.054e-05,4.8958572,4.894805376463132,0.0010518235368683904
5.056e-05,4.8950078,4.896081013417134,-0.0010732134171336227
5.058e-05,4.8991397,4.89730437654126,0.0018353234587404899
5.06e-05,4.9007737,4.898372445333118,0.0024012546668821244
5.062e-05,4.8967933,4.89918680979345,-0.0023935097934506544
5.064e-05,4.8971709,4.89965579686933,-0.0024848968693298445
5.066e-05,4.8969201,4.899696493074815,-0.002776393074815253
5.068e-05,4.8991572,4.89923687083167,-7.967083166970923e-05
5.07e-05,4.8988959,4.898218144466889,0.0006777555331112239
5.072e-05,4.8948894,4.896597330874774,-0.001707930874773389
5.074e-05,4.8939937,4.8943498397740495,-0.0003561397740492467
5.076e-05,4.8924695,4.8914718158865105,0.0009976841134893277
5.078e-05,4.8915632,4.887981895533875,0.003581304466124813
5.08e-05,4.8875351,4.883922013113194,0.0036130868868058386
5.082e-05,4.8810086,4.879356925261817,0.0016516747381833952
5.084e-05,4.8738533,4.874372247968387,-0.000518947968386918
5.086e-05,4.8685622,4.869071010787961,-0.0005088107879602788
5.088e-05,4.8651353,4.863568951035134,0.0015663489648662932
5.09e-05,4.8585864,4.857988927517131,0.0005974724828687883
5.092e-05,4.8514085,4.852454914977296,-0.001046414977296628
5.094e-05,4.8423549,4.847086082157245,-0.00473118215724444
5.096e-05,4.8351652,4.841991473386423,-0.006826273386423054
5.098e-05,4.8342022,4.8372657597694175,-0.003063559769417523
5.1e-05,4.8357263,4.832986336603628,0.0027399633963725023
5.102e-05,4.8353746,4.82921172646065,0.006162873539349967
5.104e-05,4.8306541,4.825980927946296,0.0046731720537041
5.106e-05,4.8259275,4.823313203248623,0.002614296751376699
5.108e-05,4.8230644,4.821207912007738,0.0018564879922617905
5.11e-05,4.8189484,4.819644311398389,-0.000695911398389093
5.112e-05,4.8142027,4.818581601121484,-0.004378901121484091
5.114e-05,4.8094506,4.8179597601164925,-0.008509160116492609
5.116e-05,4.8090549,4.8177018093023305,-0.008646909302330918
5.118e-05,4.8148851,4.817717982792541,-0.002832882792541014
5.12e-05,4.8188388,4.817911890744195,0.000926909255804631
5.122e-05,4.8196693,4.818188203571698,0.0014810964283018535
5.124e-05,4.8236095,4.81846086302305,0.005148636976949561
5.126e-05,4.8300362,4.818660504626807,0.01137569537319294
5.128e-05,4.8296003,4.818739744593412,0.010860555406588368
5.13e-05,4.8241715,4.818675260587407,0.005496239412593695
5.132e-05,4.8181127,4.818466159198669,-0.00035345919866891506
5.134e-05,4.8139169,4.818128869695027,-0.004211969695027129
5.136e-05,4.8115843,4.817689521320284,-0.006105221320284571
5.138e-05,4.8123614,4.817175221849221,-0.004813821849221078
5.14e-05,4.8137545,4.816605748219172,-0.0028512482191720423
5.142e-05,4.8120242,4.81598693594743,-0.0039627359474305734
5.144e-05,4.8102866,4.815306656283683,-0.005020056283682628
5.146e-05,4.8122811,4.8145338316039075,-0.0022527316039075984
5.148e-05,4.8155151,4.813620522654904,0.0018945773450962378
5.15e-05,4.8137557,4.812506743986651,0.0012489560133488453
5.152e-05,4.8113659,4.811127362691827,0.00023853730817346985
5.154e-05,4.8089688,4.809420263361012,-0.0004514633610126495
5.156e-05,4.8065642,4.807334923983673,-0.0007707239836722835
5.158e-05,4.8041519,4.804840579279088,-0.0006886792790883334
5.16e-05,4.803602,4.801933174054998,0.0016688259450017284
5.162e-05,4.806161,4.7986403044626185,0.007520695537381883
5.164e-05,4.8055958,4.795023352236587,0.010572447763412818
5.166e-05,4.7987901,4.791176133978351,0.007613966021648544
5.168e-05,4.7901065,4.787219717921915,0.002886782078085126
5.17e-05,4.7814148,4.783293623131816,-0.0018788231318156434
5.172e-05,4.7745857,4.7795442848952625,-0.004958584895262241
5.174e-05,4.7677494,4.776112228158436,-0.008362828158436031
5.176e-05,4.7646456,4.773119654947832,-0.008474054947832599
5.178e-05,4.7658976,4.770660053127747,-0.004762453127747257
5.18e-05,4.7665191,4.76879101963835,-0.0022719196383498286
5.182e-05,4.7683799,4.767530893312987,0.0008490066870132651
5.184e-05,4.7677408,4.766859184457373,0.0008816155426272232
5.186e-05,4.7658481,4.766720320731594,-0.0008722207315932096
5.188e-05,4.7645715,4.767029962731876,-0.002458462731876665
5.19e-05,4.7688971,4.7676830354285595,0.0012140645714406872
5.192e-05,4.7744621,4.768562580828504,0.005899519171496337
5.194e-05,4.7756569,4.769548512984387,0.006108387015613559
5.196e-05,4.7755981,4.770525394245219,0.005072705754781026
5.198e-05,4.7730393,4.771388539519111,0.0016507604808886356
5.2e-05,4.7698503,4.772048112172659,-0.0021978121726586863
5.202e-05,4.7691473,4.772431303208945,-0.0032840032089449522
5.204e-05,4.767814,4.772483029716821,-0.004669029716820816
5.206e-05,4.7695899,4.772165732774145,-0.0025758327741449705
5.208e-05,4.7726053,4.771458776301971,0.001146523698029256
5.21e-05,4.7712507,4.770357717270278,0.0008929827297228243
5.212e-05,4.7698891,4.768873457092474,0.001015642907526093
5.214e-05,4.7697669,4.7670311060071064,0.002735793992893143
5.216e-05,4.7671445,4.764868344492899,0.0022761555071006967
5.218e-05,4.7626451,4.762433131442219,0.00021196855778171653
5.22e-05,4.7606319,4.759780746395051,0.0008511536049491397
5.222e-05,4.7573654,4.756970319689359,0.0003950803106409495
5.224e-05,4.7503524,4.754061156615015,-0.0037087566150155737
5.226e-05,4.7476955,4.751109262071721,-0.0034137620717213935
5.228e-05,4.7469016,4.748164491157082,-0.0012628911570820023
5.23e-05,4.743608,4.74526866682571,-0.0016606668257095336
5.232e-05,4.7428009,4.742454827892785,0.0003460721072148232
5.234e-05,4.741364,4.739747556256387,0.0016164437436128054
5.236e-05,4.7386737,4.737164154694876,0.001509545305123261
5.238e-05,4.7341067,4.734716353248781,-0.0006096532487811501
5.24e-05,4.7301562,4.732412218435683,-0.002256018435683238
5.242e-05,4.7324314,4.730257988692748,0.0021734113072522376
5.244e-05,4.7315836,4.728259604876344,0.0033239951236554433
5.246e-05,4.7263663,4.7264237241633476,-5.74241633479744e-05
5.248e-05,4.7248818,4.724758036559484,0.0001237634405164556
5.25e-05,4.7233906,4.723270785616725,0.00011981438327524074
5.252e-05,4.7218928,4.721969509401492,-7.670940149218097e-05
5.254e-05,4.7235047,4.7208591114656,0.0026455885344001118
5.256e-05,4.7257333,4.719939429060302,0.005793870939697854
5.258e-05,4.7198529,4.719202528900438,0.0006503710995620082
5.26e-05,4.7114729,4.718630085961525,-0.0071571859615247035
5.262e-05,4.7080725,4.7181913831423055,-0.010118883142305357
5.264e-05,4.7108982,4.717842588736481,-0.006944388736481066
5.266e-05,4.7174571,4.717527851364133,-7.075136413359218e-05
5.268e-05,4.7215166,4.717182340723887,0.004334259276113528
5.27e-05,4.7224536,4.71673681113289,0.005716788867109912
5.272e-05,4.7190216,4.716122838665896,0.0028987613341033835
5.274e-05,4.71683,4.715277761431019,0.0015522385689807905
5.276e-05,4.7183721,4.714148524715125,0.004223575284874492
5.278e-05,4.7161685,4.712693956780397,0.0034745432196032766
5.28e-05,4.7108427,4.710885345554724,-4.264555472399678e-05
5.282e-05,4.7061344,4.7087055018983275,-0.0025711018983276546
5.284e-05,4.7039133,4.706146766149556,-0.002233466149555774
5.286e-05,4.7023097,4.703208596403875,-0.0008988964038749714
5.288e-05,4.6957142,4.699895419461422,-0.00418121946142147
5.29e-05,4.6909828,4.696215330866957,-0.005232530866957852
5.292e-05,4.6881156,4.69218003926103,-0.00406443926102984
5.294e-05,4.6846197,4.6878061836648,-0.0031864836648001216
5.296e-05,4.6861045,4.683117813537848,0.002986686462151944
5.298e-05,4.6844676,4.678149452113917,0.006318147886082315
5.3e-05,4.6778392,4.672948869125247,0.0048903308747529906
5.302e-05,4.6755683,4.667578593887206,0.00798970611279426
5.304e-05,4.6695527,4.6621153711372845,0.007437328862715198
5.306e-05,4.6585457,4.656647174470142,0.0018985255298584747
5.308e-05,4.6481569,4.651267953727452,-0.003111053727452351
5.31e-05,4.6390096,4.64607087421511,-0.00706127421511038
5.312e-05,4.629234,4.641141244911366,-0.011907244911365744
5.314e-05,4.6275559,4.63655046840263,-0.008994568402630243
5.316e-05,4.6314825,4.632352093399658,-0.0008695933996580862
5.318e-05,4.6285484,4.6285804671728,-3.206717280068716e-05
5.32e-05,4.6274795,4.625251764716522,0.002227735283478083
5.322e-05,4.6320155,4.622366561901327,0.009648938098672843
5.324e-05,4.6303144,4.619912799346194,0.010401600653805687
5.326e-05,4.624246,4.617868015189397,0.006377984810603365
5.328e-05,4.6175502,4.616200093177262,0.0013501068227377289
5.33e-05,4.6108502,4.614866386767642,-0.00401618676764226
5.332e-05,4.6053926,4.6138117468657605,-0.008419146865760396
5.334e-05,4.6030471,4.612966457119907,-0.00991935711990699
5.336e-05,4.6094232,4.612245191395325,-0.0028219913953249076
5.338e-05,4.6139255,4.611547829457744,0.002377670542255572
5.34e-05,4.6153076,4.610762441815285,0.004545158184715348
5.342e-05,4.612323,4.60977023445837,0.0025527655416297534
5.344e-05,4.6049719,4.60845195032956,-0.0034800503295597807
5.346e-05,4.6026033,4.606695205888754,-0.004091905888754077
5.348e-05,4.6033474,4.604402358453219,-0.0010549584532197898
5.35e-05,4.6003484,4.601498558701888,-0.00115015870188806
5.352e-05,4.5985925,4.59793955386257,0.0006529461374293888
5.354e-05,4.5987032,4.593718628037831,0.004984571962169504
5.356e-05,4.5925778,4.588871916430884,0.00370588356911572
5.358e-05,4.5852027,4.583481301741013,0.0017213982589865395
5.36e-05,4.5815639,4.5776742261769385,0.003889673823061379
5.362e-05,4.5741825,4.571620002081783,0.002562497918217055
5.364e-05,4.5674215,4.5655225107825474,0.0018989892174525735
5.366e-05,4.5650209,4.559609488890653,0.005411411109347064
5.368e-05,4.5563851,4.554118900342233,0.0022661996577673094
5.37e-05,4.5471236,4.549283190998912,-0.002159590998911831
5.372e-05,4.5422228,4.545312519214723,-0.003089719214722564
5.374e-05,4.537943,4.542378304076113,-0.0044353040761127005
5.376e-05,4.5355311,4.540598548352482,-0.00506744835248174
5.378e-05,4.5362337,4.540026315365853,-0.003792615365852292
5.38e-05,4.5381809,4.540642480935236,-0.002461580935235297
5.382e-05,4.5382564,4.542353511610507,-0.004097111610507298
5.384e-05,4.5408232,4.5449946153455025,-0.004171415345502361
5.386e-05,4.544635,4.548338218728152,-0.0037032187281518247
5.388e-05,4.550315,4.552107351526986,-0.001792351526985314
5.39e-05,4.5553704,4.555993151795244,-0.0006227517952437367
5.392e-05,4.5579313,4.559675352305258,-0.0017440523052583146
5.394e-05,4.5661004,4.562844308306845,0.0032560916931547723
5.396e-05,4.5717754,4.565222914349313,0.00655248565068689
5.398e-05,4.5712169,4.566586665016251,0.0046302349837485934
5.4e-05,4.5706576,4.566780180075553,0.003877419924446457
5.402e-05,4.5688512,4.56572876225111,0.0031224377488898725
5.404e-05,4.5689139,4.563443945379228,0.005469954620772377
5.406e-05,4.5689761,4.5600224361894055,0.008953663810594925
5.408e-05,4.5640517,4.555638306986002,0.008413393013998238
5.41e-05,4.5578804,4.5505287925851166,0.00735160741488361
5.412e-05,4.5448531,4.544974641080222,-0.00012154108022155441
5.414e-05,4.5287096,4.539276649774348,-0.010567049774348192
5.416e-05,4.5225385,4.533730645250746,-0.011192145250746854
5.418e-05,4.521977,4.5286035168198495,-0.006626516819849826
5.42e-05,4.5158065,4.524112813342863,-0.008306313342862914
5.422e-05,4.5115065,4.520411878013468,-0.008905378013468024
5.424e-05,4.5153098,4.517581708201008,-0.002271908201008088
5.426e-05,4.5128814,4.515629889694276,-0.0027484896942757686
5.428e-05,4.5098303,4.514496186621126,-0.004665886621125992
5.43e-05,4.5161287,4.514063729316998,0.002064970683002265
5.432e-05,4.5211814,4.514174261052565,0.007007138947434655
5.434e-05,4.5224951,4.514645595008564,0.00784950499143644
5.436e-05,4.5213167,4.515289336645485,0.006027363354514925
5.438e-05,4.5176463,4.515927101389971,0.0017191986100293377
5.44e-05,4.5152234,4.516403882134027,-0.0011804821340266614
5.442e-05,4.5190343,4.516597751004587,0.0024365489954130126
5.444e-05,4.5222233,4.516425538455302,0.005797761544698687
5.446e-05,4.5179345,4.515844444139614,0.0020900558603855757
5.448e-05,4.515517,4.514849759106254,0.000667240893745813
5.45e-05,4.5162175,4.513469116437137,0.0027483835628627773
5.452e-05,4.5144266,4.511753960454418,0.0026726395455822782
5.454e-05,4.5088979,4.509769188484122,-0.0008712884841219903
5.456e-05,4.5027476,4.507582141456048,-0.004834541456047781
5.458e-05,4.4959761,4.50525228372858,-0.009276183728579745
5.46e-05,4.4910764,4.502822956911161,-0.011746556911161221
5.462e-05,4.4942816,4.500316411319025,-0.006034811319024946
5.464e-05,4.4968658,4.497732848543487,-0.000867048543486959
5.466e-05,4.4950897,4.495053514022954,3.6185977045910533e-05
5.468e-05,4.4951859,4.492247149697604,0.002938750302395654
5.47e-05,4.4921685,4.489278562160556,0.0028899378394440234
5.472e-05,4.4922704,4.486117787284491,0.00615261271550871
5.474e-05,4.4917519,4.482748326547832,0.009003573452167402
5.476e-05,4.4850038,4.479173142307549,0.005830657692451169
5.478e-05,4.4788819,4.475417495928998,0.003464404071002569
5.48e-05,4.4721399,4.471528255214198,0.0006116447858017793
5.482e-05,4.4678942,4.467569894744163,0.00032430525583659886
5.484e-05,4.4630286,4.463617936987688,-0.0005893369876872612
5.486e-05,4.452557,4.459750940278476,-0.007193940278476418
5.488e-05,4.4452053,4.456042302731198,-0.010837002731198808
5.49e-05,4.4478295,4.452553105132642,-0.004723605132642028
5.492e-05,4.4523272,4.449326933292616,0.0030002667073842915
5.494e-05,4.4493497,4.446387132735365,0.002962567264635396
5.496e-05,4.4445064,4.443736421613399,0.000769978386601089
5.498e-05,4.439044,4.441358435862565,-0.0023144358625648564
5.5e-05,4.4391952,4.439220682741535,-2.5482741534688103e-05
5.502e-05,4.4399739,4.4372784303992425,0.002695469600757505
5.504e-05,4.4363942,4.4354791194614025,0.0009150805385971239
5.506e-05,4.4384283,4.433766910096843,0.0046613899031573425
5.508e-05,4.4311181,4.432087029409405,-0.0009689294094048506
5.51e-05,4.4238126,4.4303897024100705,-0.006577102410070701
5.512e-05,4.4264842,4.428633598596703,-0.002149398596703378
5.514e-05,4.4279141,4.426788803788791,0.001125296211208493
5.516e-05,4.4287258,4.424839257469267,0.0038865425307328394
5.518e-05,4.4276728,4.422784426791769,0.004888373208230767
5.52e-05,4.4222623,4.42063987153879,0.0016224284612098572
5.522e-05,4.4181037,4.418436409092701,-0.0003327090927012222
5.524e-05,4.4164434,4.416217801550486,0.00022559844951430819
5.526e-05,4.4135419,4.414037144681526,-0.0004952446815256195
5.528e-05,4.4093994,4.411952330159378,-0.002552930159378519
5.53e-05,4.4077555,4.410021036742967,-0.0022655367429669226
5.532e-05,4.4092335,4.408295693877525,0.0009378061224749601
5.534e-05,4.4088475,4.406818777886239,0.002028722113760928
5.536e-05,4.4072207,4.4056186884816375,0.0016020115183623673
5.538e-05,4.4031068,4.404706376735092,-0.0015995767350922563
5.54e-05,4.4008686,4.4040728980275015,-0.003204298027501551
5.542e-05,4.4029994,4.403688114499815,-0.0006887144998151129
5.544e-05,4.4007733,4.403500788865786,-0.0027274888657862206
5.546e-05,4.4010466,4.4034402389192016,-0.002393638919201635
5.548e-05,4.4056889,4.403419570132486,0.0022693298675147133
5.55e-05,4.406598,4.403340323188128,0.0032576768118719457
5.552e-05,4.4031505,4.4030982248634425,5.227513655725602e-05
5.554e-05,4.3997093,4.402589670901695,-0.0028803709016953505
5.556e-05,4.3968981,4.401718607422316,-0.004820507422316211
5.558e-05,4.3978333,4.400403535529493,-0.002570235529492315
5.56e-05,4.4012683,4.39858432956399,0.002683970436009986
5.562e-05,4.3997241,4.396228397607844,0.0034957023921560193
5.564e-05,4.3988102,4.3933355131530085,0.005474686846991261
5.566e-05,4.394787,4.3899405557586775,0.004846444241322523
5.568e-05,4.3876546,4.386113507559091,0.0015410924409096083
5.57e-05,4.3848923,4.381956345185645,0.002935954814354602
5.572e-05,4.3796441,4.377596850333109,0.002047249666890849
5.574e-05,4.3725334,4.373179737158335,-0.000646337158334731
5.576e-05,4.3697929,4.3688558038688825,0.0009370961311176984
5.578e-05,4.3645668,4.3647700450084495,-0.0002032450084490378
5.58e-05,4.3568551,4.361049811166694,-0.004194711166694454
5.582e-05,4.3516439,4.357794172483546,-0.006150272483545827
5.584e-05,4.3483102,4.355065613394834,-0.006755413394833987
5.586e-05,4.3481005,4.352885017181039,-0.004784517181039227
5.588e-05,4.3497682,4.351230560217287,-0.0014623602172871841
5.59e-05,4.3489507,4.350040664845941,-0.0010899648459412603
5.592e-05,4.3487643,4.349220663405427,-0.000456363405427318
5.594e-05,4.3479626,4.348652415712097,-0.0006898157120973636
5.596e-05,4.3465455,4.348205847527491,-0.0016603475274905577
5.598e-05,4.3507457,4.34775121616787,0.0029944838321300793
5.6e-05,4.354954,4.347170817404629,0.007783182595371585
5.602e-05,4.3573004,4.346368825317966,0.010931574682033762
5.604e-05,4.3546689,4.345278077408719,0.0093908225912811
5.606e-05,4.3476828,4.34386297901046,0.003819820989540368
5.608e-05,4.3413281,4.342118320762802,-0.0007902207628021074
5.61e-05,4.3356049,4.340064552543778,-0.004459652543777892
5.612e-05,4.3292668,4.337740713590294,-0.008473913590293591
5.614e-05,4.3241836,4.335196581549289,-0.011012981549289869
5.616e-05,4.3265881,4.332485577763631,-0.0058974777636304765
5.618e-05,4.3296244,4.329659572653424,-3.5172653423565237e-05
5.62e-05,4.3283061,4.326766099193376,0.0015400008066235316
5.622e-05,4.3263729,4.32384781354868,0.002525086451320213
5.624e-05,4.3238248,4.320943551260483,0.002881248739516451
5.626e-05,4.3206619,4.31809011718431,0.002571782815690149
5.628e-05,4.3187539,4.3153239831072385,0.0034299168927613977
5.63e-05,4.3156078,4.312682252118876,0.002925547881124757
5.632e-05,4.3118469,4.310202504289367,0.0016443957106329066
5.634e-05,4.3074712,4.307921419789705,-0.00045021978970449794
5.636e-05,4.3043505,4.305872349339508,-0.0015218493395083854
5.638e-05,4.3056012,4.304082224926049,0.0015189750739512675
5.64e-05,4.301251,4.30256833895083,-0.0013173389508303046
5.642e-05,4.2950396,4.301335564696778,-0.006295964696778178
5.644e-05,4.2944461,4.30037456448335,-0.005928464483350382
5.646e-05,4.2969775,4.299661422741849,-0.002683922741849365
5.648e-05,4.3013872,4.2991589077849435,0.002228292215056271
5.65e-05,4.3033124,4.29881922175552,0.004493178244480589
5.652e-05,4.3033764,4.298587765201971,0.004788634798029712
5.654e-05,4.2990861,4.2984072781499005,0.000678821850099709
5.656e-05,4.2966741,4.298221789863253,-0.0015476898632531544
5.658e-05,4.2986336,4.297980041497355,0.0006535585026448132
5.66e-05,4.2956154,4.297638291249978,-0.0020228912499780094
5.662e-05,4.295099,4.297162558144048,-0.0020635581440480166
5.664e-05,4.2970841,4.296530386686098,0.0005537133139021932
5.666e-05,4.2953383,4.295732156773289,-0.00039385677328862556
5.668e-05,4.2936009,4.294771867192157,-0.0011709671921567022
5.67e-05,4.2943651,4.293667226080935,0.0006978739190648398
5.672e-05,4.2951378,4.292448811899542,0.002688988100458367
5.674e-05,4.2984119,4.29115803394387,0.007253866056129432
5.676e-05,4.2967084,4.289843650039346,0.006864749960653782
5.678e-05,4.2881572,4.288556750649209,-0.00039955064920960126
5.68e-05,4.2864704,4.287344430005365,-0.0008740300053649008
5.682e-05,4.282922,4.2862427731734005,-0.0033207731734004042
5.684e-05,4.2781355,4.2852701387854095,-0.007134638785409209
5.686e-05,4.2802134,4.284421867086726,-0.004208467086725953
5.688e-05,4.2779367,4.283667441662304,-0.005730741662304695
5.69e-05,4.276915,4.282950816533973,-0.006035816533973559
5.692e-05,4.2802645,4.282194163907349,-0.001929663907348278
5.694e-05,4.2811292,4.281304783024235,-0.0001755830242355927
5.696e-05,4.2826253,4.280184413576362,0.0024408864236384886
5.698e-05,4.2853762,4.278739797774579,0.0066364022254212784
5.7e-05,4.2837725,4.2768931150436,0.006879384956400614
5.702e-05,4.2790606,4.274590930183887,0.0044696698161130755
5.704e-05,4.2731102,4.271810554947967,0.0012996450520326164
5.706e-05,4.2702843,4.268563157539121,0.001721142460879399
5.708e-05,4.2662199,4.264893437663156,0.0013264623368440809
5.71e-05,4.2590473,4.260876093855715,-0.0018287938557151051
5.712e-05,4.2574921,4.256609590657372,0.0008825093426283459
5.714e-05,4.2565682,4.252207897383684,0.004360302616316147
5.716e-05,4.2494193,4.2477909601587625,0.0016283398412371142
5.718e-05,4.2397852,4.243474744189635,-0.0036895441896351855
5.72e-05,4.2307819,4.239361787505713,-0.008579887505712591
5.722e-05,4.2261491,4.235533296736134,-0.009384196736133887
5.724e-05,4.2277565,4.2320437534656055,-0.004287253465605545
5.726e-05,4.2281249,4.228918675744302,-0.0007937757443015059
5.728e-05,4.2285007,4.22615563465826,0.00234506534174006
5.73e-05,4.2263908,4.223728046046341,0.0026627539536585587
5.732e-05,4.2242881,4.221590842224065,0.0026972577759352134
5.734e-05,4.2246858,4.219686970854348,0.004998829145651307
5.736e-05,4.2238441,4.217953741969957,0.005890358030042897
5.738e-05,4.2186466,4.216328278691368,0.0023183213086319654
5.74e-05,4.2115862,4.214751665051727,-0.00316546505172699
5.742e-05,4.2082723,4.213171763727997,-0.004899463727997322
5.744e-05,4.2074583,4.211544989059723,-0.004086689059723092
5.746e-05,4.2072741,4.209837442168749,-0.002563342168748761
5.748e-05,4.2114597,4.208025700148478,0.0034339998515218184
5.75e-05,4.2131589,4.206097286250061,0.007061613749939077
5.752e-05,4.2086321,4.204050606051961,0.004581493948038862
5.754e-05,4.2034886,4.201894079078221,0.0015945209217793632
5.756e-05,4.1977283,4.199644383281063,-0.0019160832810634076
5.758e-05,4.1907279,4.197324068995508,-0.0065961689955083
5.76e-05,4.1874736,4.194959101165295,-0.007485501165295005
5.762e-05,4.1879652,4.192576981433071,-0.004611781433070838
5.764e-05,4.1903328,4.190205914626861,0.0001268853731390962
5.766e-05,4.1927063,4.187875079005216,0.004831220994784502
5.768e-05,4.1907228,4.185615607927543,0.005107192072456357
5.77e-05,4.1887452,4.18346159285295,0.005283607147049452
5.772e-05,4.183657,4.181450395540362,0.0022066044596380507
5.774e-05,4.1773279,4.179621794522945,-0.002293894522945372
5.776e-05,4.1759904,4.178015857041998,-0.002025457041997747
5.778e-05,4.1783978,4.176669757258814,0.0017280427411856536
5.78e-05,4.1789409,4.1756139453497925,0.00332695465020727
5.782e-05,4.1732567,4.174868118260539,-0.0016114182605395655
5.784e-05,4.1719406,4.174437448224095,-0.0024968482240952383
5.786e-05,4.1731228,4.174309559312886,-0.001186759312886032
5.788e-05,4.1680773,4.1744527742829085,-0.0063754742829083
5.79e-05,4.1667762,4.174816103003444,-0.008039903003443705
5.792e-05,4.1742056,4.175331257452632,-0.001125657452631934
5.794e-05,4.1803931,4.1759166510227965,0.00447644897720334
5.796e-05,4.1834689,4.176482931530145,0.0069859684698556634
5.798e-05,4.1828097,4.176939260492607,0.005870439507392966
5.8e-05,4.1765455,4.177199461371557,-0.0006539613715572656
5.802e-05,4.1740251,4.177187365474395,-0.0031622654743950207
5.804e-05,4.1764953,4.176841049440304,-0.00034574944030385524
5.806e-05,4.1758532,4.176115968004554,-0.0002627680045543812
5.808e-05,4.1739689,4.174987113793568,-0.0010182137935679236
5.81e-05,4.1727119,4.1734503086390395,-0.0007384086390391786
5.812e-05,4.1720817,4.171522646065728,0.0005590539342712475
5.814e-05,4.1708315,4.169242026478296,0.0015894735217045763
5.816e-05,4.1689612,4.166665674177517,0.0022955258224826025
5.818e-05,4.1658474,4.163867515104285,0.0019798848957144344
5.82e-05,4.16149,4.16093434826638,0.0005556517336193778
5.822e-05,4.1608751,4.157960864517817,0.0029142354821827254
5.824e-05,4.1571464,4.155043728830784,0.0021026711692160305
5.826e-05,4.1490574,4.152275117115163,-0.0032177171151630546
5.828e-05,4.1453336,4.149736264664041,-0.004402664664040934
5.83e-05,4.1428585,4.147491701432712,-0.004633201432712397
5.832e-05,4.143502,4.145584849937572,-0.002082849937572462
5.834e-05,4.145394,4.144035498783594,0.0013585012164059052
5.836e-05,4.1429249,4.142839382691781,8.551730821881875e-05
5.838e-05,4.1410806,4.141969814758725,-0.0008892147587253874
5.84e-05,4.1392377,4.141381125426455,-0.002143425426455181
5.842e-05,4.1392658,4.141013572067632,-0.0017477720676319919
5.844e-05,4.1405419,4.140799326946705,-0.00025742694670505273
5.846e-05,4.1424425,4.140669068168759,0.0017734318312410124
5.848e-05,4.1424743,4.140558588282649,0.001915711717351165
5.85e-05,4.1431305,4.1404147512719796,0.002715748728020273
5.852e-05,4.1425409,4.140200126323024,0.002340773676976049
5.854e-05,4.1431986,4.139895725007368,0.0033028749926318213
5.856e-05,4.1457266,4.1395014508178045,0.006225149182195189
5.858e-05,4.1413991,4.139034115107418,0.002364984892581745
5.86e-05,4.1383185,4.138523175033842,-0.00020467503384224983
5.862e-05,4.137731,4.138004692977807,-0.0002736929778075492
5.864e-05,4.1302875,4.137514344478706,-0.0072268444787066954
5.866e-05,4.1278299,4.137080516320424,-0.009250616320423788
5.868e-05,4.1340978,4.136718547043609,-0.0026207470436085956
5.87e-05,4.1378722,4.136426926720868,0.001445273279132131
5.872e-05,4.1372832,4.136185844929626,0.0010973550703736734
5.874e-05,4.1366935,4.1359580180912,0.0007354819087996844
5.876e-05,4.1367261,4.135691415430561,0.001034684569439115
5.878e-05,4.1342645,4.13532339452998,-0.0010588945299803143
5.88e-05,4.1342947,4.13478578292607,-0.000491082926069808
5.882e-05,4.1355701,4.1340105012483015,0.00155959875169831
5.884e-05,4.1331043,4.132935360177851,0.0001689398221493832
5.886e-05,4.1318832,4.131509676387814,0.00037352361218623287
5.888e-05,4.1306601,4.1296993677909395,0.0009607322090605663
5.89e-05,4.1269417,4.127491223305379,-0.0005495233053789406
5.892e-05,4.1244679,4.124896090253595,-0.0004281902535954174
5.894e-05,4.1219919,4.121950765800198,4.113419980189548e-05
5.896e-05,4.1195134,4.11871840388015,0.000794996119849678
5.898e-05,4.1189023,4.115287255346396,0.0036150446536042935
5.9e-05,4.1164187,4.111767569934637,0.004651130065362885
5.902e-05,4.110816,4.10828655083668,0.0025294491633198746
5.904e-05,4.1052106,4.104981409359848,0.00022919064015258783
5.906e-05,4.1027185,4.101990816077846,0.0007276839221539433
5.908e-05,4.0995997,4.0994453237546375,0.00015437624536218664
5.91e-05,4.0952308,4.097457565962064,-0.002226765962063837
5.912e-05,4.0933512,4.096113170799444,-0.002761970799443958
5.914e-05,4.0908443,4.095463366744583,-0.004619066744583122
5.916e-05,4.08958,4.0955201934867524,-0.005940193486752676
5.918e-05,4.0876883,4.096255047407236,-0.00856674740723573
5.92e-05,4.0901553,4.097600971149381,-0.007445671149381106
5.922e-05,4.0963576,4.099458631977965,-0.003101031977965185
5.924e-05,4.106918,4.1017053486147885,0.005212651385211764
5.926e-05,4.1193433,4.104205919191277,0.015137380808722511
5.928e-05,4.1199216,4.106823567163344,0.013098032836655449
5.93e-05,4.1130156,4.109429281675502,0.0035863183244977392
5.932e-05,4.1129601,4.111908285238766,0.001051814761233949
5.934e-05,4.1141456,4.114163168987693,-1.756898769311732e-05
5.936e-05,4.1109623,4.116114068677681,-0.00515176867768119
5.938e-05,4.1115125,4.11769683195429,-0.006184331954290023
5.94e-05,4.1126805,4.11886035181423,-0.006179851814230197
5.942e-05,4.1169593,4.119564147841906,-0.002604847841905844
5.944e-05,4.1206092,4.119776948227319,0.0008322517726808698
5.946e-05,4.1180206,4.119476580581347,-0.0014559805813467719
5.948e-05,4.1179192,4.118651060909045,-0.0007318609090445349
5.95e-05,4.1196815,4.11730047688429,0.0023810231157108674
5.952e-05,4.119568,4.11543910549344,0.004128894506560066
5.954e-05,4.1182018,4.113097157574827,0.005104642425172834
5.956e-05,4.1105965,4.110321602598352,0.0002748974016473227
5.958e-05,4.1061009,4.107175710872788,-0.0010748108727876016
5.96e-05,4.1065846,4.103737219199265,0.0028473808007349888
5.962e-05,4.0995822,4.100095285557078,-0.0005130855570776305
5.964e-05,4.0931962,4.0963465771288465,-0.003150377128846138
5.966e-05,4.091166,4.092590929808762,-0.0014249298087616324
5.968e-05,4.085389,4.0889270410621235,-0.0035380410621232983
5.97e-05,4.0820978,4.085448599701472,-0.00335079970147234
5.972e-05,4.0844086,4.082241105125856,0.002167494874143472
5.974e-05,4.0817257,4.079379414293778,0.002346285706221529
5.976e-05,4.0802817,4.076925848082814,0.0033558519171856815
5.978e-05,4.0794533,4.074928577865782,0.004524722134218173
5.98e-05,4.0736308,4.073420057576642,0.00021074242335838989
5.982e-05,4.0678002,4.072415454149854,-0.004615254149854309
5.984e-05,4.0663242,4.071911272135279,-0.005587072135278426
5.986e-05,4.072319,4.071884535664263,0.0004344643357372391
5.988e-05,4.0751893,4.072292880851557,0.0028964191484428525
5.99e-05,4.0736884,4.073075740521814,0.0006126594781861172
5.992e-05,4.072179,4.074156606833585,-0.001977606833584389
5.994e-05,4.0725308,4.075446260407127,-0.0029154604071273127
5.996e-05,4.0766136,4.07684685032868,-0.00023325032868015683
5.998e-05,4.0788179,4.0782566992087546,0.0005612007912452199
6e-05,4.0785205,4.079575631638147,-0.0010551316381475218
6.002e-05,4.0819539,4.0807105140529805,0.0012433859470197817
6.004e-05,4.0835082,4.081580609508603,0.001927590491396458
6.006e-05,4.08069,4.082122318824172,-0.001432318824172718
6.008e-05,4.0816018,4.082292894286415,-0.0006910942864157832
6.01e-05,4.0862434,4.0820727538256465,0.004170646174353365
6.012e-05,4.0877588,4.081466070848566,0.00629272915143364
6.014e-05,4.086148,4.080499381712371,0.00564861828762897
6.016e-05,4.0832804,4.079218108566105,0.004062291433895027
6.018e-05,4.0754164,4.077681200442589,-0.002264800442588921
6.02e-05,4.0706585,4.075954512008941,-0.00529601200894092
6.022e-05,4.0677601,4.074103924686199,-0.006343824686198651
6.024e-05,4.0636048,4.072189402990753,-0.008584602990752366
6.026e-05,4.061932,4.070261072194009,-0.00832907219400969
6.028e-05,4.0621183,4.068358007067781,-0.006239707067781097
6.03e-05,4.0679033,4.066509816234467,0.0013934837655336096
6.032e-05,4.0743006,4.064740418008039,0.009560181991960626
6.034e-05,4.0732078,4.063072805715383,0.010134994284616283
6.036e-05,4.0696109,4.061533297644957,0.008077602355042401
6.038e-05,4.0647564,4.060153896761791,0.004602503238209543
6.04e-05,4.0592674,4.058971911287875,0.0002954887121253691
6.042e-05,4.0587533,4.058026703974332,0.0007265960256681581
6.044e-05,4.0576047,4.057354102253565,0.0002505977464348774
6.046e-05,4.0539516,4.056979465594583,-0.0030278655945821242
6.048e-05,4.0490407,4.056910648284276,-0.00786994828427634
6.05e-05,4.0466115,4.057132146073953,-0.010520646073953088
6.052e-05,4.0528962,4.057601569643534,-0.004705369643533963
6.054e-05,4.0597925,4.058249214799236,0.0015432852007641884
6.056e-05,4.0629373,4.058980940187644,0.003956359812355537
6.058e-05,4.0617073,4.059683990755628,0.0020233092443717737
6.06e-05,4.057349,4.060235028046508,-0.002886028046507505
6.062e-05,4.0573414,4.060509523844516,-0.0031681238445155913
6.064e-05,4.0591914,4.060391731312078,-0.0012003313120780845
6.066e-05,4.0610291,4.0597844871879,0.0012446128120995326
6.068e-05,4.0641013,4.058618032923973,0.005483267076026976
6.07e-05,4.0627986,4.056856933302323,0.005941666697676595
6.072e-05,4.0614838,4.054504153505114,0.00697964649488636
6.074e-05,4.0582872,4.051601532263104,0.00668566773689605
6.076e-05,4.0507155,4.048226275138452,0.0024892248615477897
6.078e-05,4.0431315,4.044483623308616,-0.0013521233086155604
6.08e-05,4.0386515,4.04049641357648,-0.0018449135764795344
6.082e-05,4.0354057,4.0363927031626545,-0.0009870031626544318
6.084e-05,4.0277848,4.032292893133257,-0.004508093133257063
6.086e-05,4.0213982,4.028297831761762,-0.006899631761761782
6.088e-05,4.0187388,4.024479253536264,-0.005740453536263956
6.09e-05,4.0166903,4.020873640472027,-0.00418334047202773
6.092e-05,4.013383,4.017480190246588,-0.004097190246588056
6.094e-05,4.0106866,4.014263079034437,-0.003576479034437696
6.096e-05,4.012341,4.011157691876577,0.0011833081234229326
6.098e-05,4.0096203,4.008080032820306,0.0015402671796937994
6.1e-05,4.0043938,4.00493817189581,-0.0005443718958098032
6.102e-05,4.0060106,4.001644372015509,0.0043662279844909335
6.104e-05,4.0076145,3.998126477125464,0.009488022874535762
6.106e-05,4.0035961,3.994337227649153,0.009258872350847103
6.108e-05,3.9933323,3.9902604210787724,0.003071878921227622
6.11e-05,3.9861721,3.9859132868480676,0.0002588131519325465
6.112e-05,3.9796224,3.9813450432966198,-0.0017226432966199745
6.114e-05,3.9718133,3.9766321825286175,-0.004818882528617507
6.116e-05,3.9677309,3.9718714080034263,-0.0041405080034264685
6.118e-05,3.9667519,3.9671712545259057,-0.00041935452590546873
6.12e-05,3.963267,3.962643291586071,0.0006237084139288918
6.122e-05,3.9578995,3.958393560792602,-0.00049406079260228
6.124e-05,3.9562585,3.954514656180685,0.0017438438193151384
6.126e-05,3.9527347,3.9510787084754715,0.001655991524528666
6.128e-05,3.9491976,3.948131494571023,0.0010661054289773375
6.13e-05,3.9450241,3.945687934093533,-0.000663834093533211
6.132e-05,3.9395915,3.943729321051806,-0.004137821051805712
6.134e-05,3.9360161,3.942202720209004,-0.006186620209004179
6.136e-05,3.9349212,3.941022959486109,-0.006101759486109248
6.138e-05,3.9350603,3.940077496961997,-0.005017196961996984
6.14e-05,3.9376801,3.9392341080067306,-0.0015540080067304451
6.142e-05,3.9434038,3.9383508776331757,0.005052922366824308
6.144e-05,3.9441293,3.937287519475318,0.006841780524682317
6.146e-05,3.941103,3.9359167317337107,0.005186268266289318
6.148e-05,3.9380642,3.9341342630971328,0.003929936902867137
6.15e-05,3.9350128,3.9318666127713344,0.0031461872286655534
6.152e-05,3.9288327,3.929075723373551,-0.00024302337355086578
6.154e-05,3.9251331,3.9257604910771784,-0.000627391077178352
6.156e-05,3.9239142,3.921955298461158,0.0019589015388419284
6.158e-05,3.9183201,3.9177260251603543,0.0005940748396455753
6.16e-05,3.9127134,3.9131641266733834,-0.000450726673383528
6.162e-05,3.9077176,3.9083794466310744,-0.000661846631074603
6.164e-05,3.8989702,3.903492481334793,-0.0045222813347929325
6.166e-05,3.8920807,3.898626834549201,-0.006546134549200833
6.168e-05,3.8901657,3.8939025338116964,-0.0037368338116965383
6.17e-05,3.8894856,3.889430679035063,5.492096493719956e-05
6.172e-05,3.8900401,3.8853095672476905,0.00473053275230928
6.174e-05,3.8880896,3.8816220823239362,0.006467517676063572
6.176e-05,3.8817644,3.878433912862281,0.003330487137718663
6.178e-05,3.8754274,3.8757921798739896,-0.0003647798739896402
6.18e-05,3.8709489,3.8737243024304933,-0.0027754024304931235
6.182e-05,3.8670826,3.872237258762247,-0.005154658762247077
6.184e-05,3.8663213,3.8713176300239986,-0.004996330023998574
6.186e-05,3.8674186,3.8709328284845013,-0.003514228484501114
6.188e-05,3.8709981,3.871033705307457,-3.5605307457053925e-05
6.19e-05,3.8751903,3.871558389280625,0.0036319107193749645
6.192e-05,3.8775023,3.872436859613161,0.005065440386839093
6.194e-05,3.879181,3.873595539354193,0.0055854606458067835
6.196e-05,3.875862,3.8749611989971333,0.0009008010028668245
6.198e-05,3.8768944,3.8764636801754433,0.000430719824556558
6.2e-05,3.8797852,3.8780372927162476,0.0017479072837525145
6.202e-05,3.8751851,3.879621072781054,-0.0044359727810538985
6.204e-05,3.8755598,3.8811583189785015,-0.005598518978501499
6.206e-05,3.8827794,3.8825959065799243,0.000183493420075731
6.208e-05,3.8856246,3.883883808482225,0.0017407915177747313
6.21e-05,3.8828491,3.8849750597529784,-0.002125959752978357
6.212e-05,3.8862951,3.885826186950877,0.0004689130491231097
6.214e-05,3.8909767,3.8863979791983985,0.004578720801601488
6.216e-05,3.8881682,3.8866564280275955,0.0015117719724044854
6.218e-05,3.885349,3.88657369070601,-0.0012246907060098344
6.22e-05,3.8825188,3.8861290282607825,-0.003610228260782389
6.222e-05,3.882794,3.8853097962682757,-0.002515796268275583
6.224e-05,3.8830582,3.8841126334984017,-0.001054433498401952
6.226e-05,3.8814417,3.882544932758378,-0.001103232758377981
6.228e-05,3.8810615,3.8806265116934378,0.00043498830656218956
6.23e-05,3.880671,3.878391211189755,0.0022797888102448205
6.232e-05,3.8802705,3.8758880100083752,0.004382489991624716
6.234e-05,3.8754971,3.8731812002218344,0.0023158997781655977
6.236e-05,3.8713371,3.870349241404911,0.0009878585950886531
6.238e-05,3.8677905,3.8674820939221832,0.00030840607781668083
6.24e-05,3.8642345,3.8646770677200704,-0.00044256772007056355
6.242e-05,3.8619156,3.8620334345133642,-0.00011783451336411233
6.244e-05,3.8614569,3.859646188262101,0.001810711737898707
6.246e-05,3.8609886,3.857599405713892,0.003389194286108399
6.248e-05,3.8549016,3.8559597011661824,-0.0010581011661825457
6.25e-05,3.8494285,3.854770336255471,-0.005341836255470689
6.252e-05,3.8483092,3.854046633853945,-0.005737433853945095
6.254e-05,3.8484273,3.853773373682699,-0.005346073682698904
6.256e-05,3.8516529,3.85390471270068,-0.002251812700679867
6.258e-05,3.8542464,3.854366851361736,-0.00012045136173588489
6.26e-05,3.8555847,3.855063245349165,0.0005214546508351958
6.262e-05,3.8569145,3.8558817765152495,0.001032723484750253
6.264e-05,3.8563662,3.856703041066,-0.00033684106599984887
6.266e-05,3.8607959,3.8574088034749487,0.003387096525051092
6.268e-05,3.8670871,3.857889665756254,0.009197434243746194
6.27e-05,3.8671377,3.858051094155034,0.009086605844965678
6.272e-05,3.859701,3.857817170014214,0.0018838299857857344
6.274e-05,3.8528797,3.8571318400561294,-0.004252140056129505
6.276e-05,3.8497905,3.855957977611009,-0.006167477611008998
6.278e-05,3.8485639,3.854275031898635,-0.005711131898635369
6.28e-05,3.8516928,3.8520762278488485,-0.00038342784884859427
6.282e-05,3.8504518,3.8493661332026687,0.0010856667973313527
6.284e-05,3.844841,3.8461590697063794,-0.0013180697063792657
6.286e-05,3.8410934,3.8424785113539612,-0.0013851113539611326
6.288e-05,3.8367161,3.8383573986653685,-0.0016412986653686623
6.29e-05,3.8292162,3.8338391834132235,-0.004622983413223647
6.292e-05,3.8279424,3.828979316990391,-0.0010369169903912123
6.294e-05,3.8297783,3.8238467479528517,0.005931552047148347
6.296e-05,3.8266217,3.81852481471093,0.008096885289070155
6.298e-05,3.821589,3.8131108074729676,0.008478192527032302
6.3e-05,3.8115641,3.8077135688753656,0.0038505311246344043
6.302e-05,3.8034032,3.8024488732964246,0.0009543267035754255
6.304e-05,3.7939901,3.797432886415698,-0.0034427864156980625
6.306e-05,3.7864412,3.792774564368508,-0.006333364368507954
6.308e-05,3.7807566,3.7885682145893487,-0.007811614589348537
6.31e-05,3.7769362,3.7848874998204343,-0.007951299820434077
6.312e-05,3.7756037,3.7817819105476587,-0.006178210547658658
6.314e-05,3.7755127,3.77927622289249,-0.0037635228924899344
6.316e-05,3.7804026,3.7773728128137853,0.0030297871862146053
6.318e-05,3.7846643,3.776056057341956,0.008608242658044052
6.32e-05,3.7864278,3.7752975797447794,0.011130220255220369
6.322e-05,3.7844467,3.775060940384355,0.009385759615645028
6.324e-05,3.7824616,3.7753046256427933,0.007156974357206636
6.326e-05,3.7742402,3.775982801535285,-0.0017426015352852708
6.328e-05,3.7666386,3.777044095143218,-0.01040549514321798
6.33e-05,3.7671362,3.7784293795156887,-0.011293179515688756
6.332e-05,3.7713701,3.7800699028624773,-0.008699802862477402
6.334e-05,3.7780941,3.781886970972896,-0.003792870972895823
6.336e-05,3.786062,3.7837938201838024,0.0022681798161974243
6.338e-05,3.7946506,3.785699557228341,0.008951042771659257
6.34e-05,3.797004,3.7875144057848003,0.00948959421519957
6.342e-05,3.7906293,3.78915522279825,0.0014740772017498571
6.344e-05,3.7861222,3.790550396687031,-0.004428196687030983
6.346e-05,3.7884689,3.791643675384808,-0.0031747753848083704
6.348e-05,3.7895674,3.7923969158235753,-0.002829515823575157
6.35e-05,3.7912877,3.7927919597396644,-0.0015042597396646151
6.352e-05,3.7936298,3.79283177887239,0.0007980211276099602
6.354e-05,3.7934778,3.792540819842893,0.0009369801571068592
6.356e-05,3.796441,3.791964269719423,0.004476730280577268
6.358e-05,3.7981565,3.7911658552186807,0.006990644781319499
6.36e-05,3.7961316,3.790223828973345,0.005907771026654629
6.362e-05,3.7909897,3.789225009270871,0.0017646907291291036
6.364e-05,3.7870937,3.788257113168512,-0.0011634131685123172
6.366e-05,3.7844439,3.7874000739942635,-0.0029561739942636223
6.368e-05,3.7805472,3.7867174203833796,-0.006170220383379554
6.37e-05,3.7778969,3.7862489845632705,-0.008352084563270523
6.372e-05,3.7789864,3.7860061406965433,-0.0070197406965433196
6.374e-05,3.7806996,3.785970453629819,-0.005270853629818717
6.376e-05,3.7824134,3.7860960956183707,-0.003682695618370868
6.378e-05,3.7884907,3.7863157595554635,0.0021749404445365883
6.38e-05,3.7926992,3.7865491907895135,0.006150009210486473
6.382e-05,3.7931691,3.786713008991561,0.006456091008439024
6.384e-05,3.7936403,3.786730305436986,0.006909994563013999
6.386e-05,3.7928664,3.786538628063954,0.006327771936045945
6.388e-05,3.7883544,3.786095365802981,0.0022590341970190053
6.39e-05,3.7832207,3.7853800990853266,-0.0021593990853263634
6.392e-05,3.7836981,3.784394050039128,-0.0006959500391281459
6.394e-05,3.7816842,3.783157209823572,-0.0014730098235720135
6.396e-05,3.7753097,3.781703960203399,-0.006394260203398616
6.398e-05,3.7757933,3.7800780375941057,-0.0042847375941055255
6.4e-05,3.7793957,3.778327551742914,0.001068148257085788
6.402e-05,3.7792612,3.7765005158303024,0.002760684169697658
6.404e-05,3.7760129,3.7746410473104626,0.0013718526895374339
6.406e-05,3.7752604,3.7727861784654135,0.0024742215345865404
6.408e-05,3.7720179,3.770963159083991,0.0010547409160088783
6.41e-05,3.7681552,3.76918722633102,-0.001032026331020397
6.412e-05,3.7667887,3.767459974887924,-0.000671274887923623
6.414e-05,3.7616859,3.76576859995632,-0.004082699956320379
6.416e-05,3.7572097,3.764086348216102,-0.006876648216101788
6.418e-05,3.7608395,3.762374456936222,-0.001534956936222187
6.42e-05,3.76385,3.7605856696605464,0.003264330339453725
6.422e-05,3.7593856,3.758669122816223,0.0007164771837770978
6.424e-05,3.7574185,3.7565761108943247,0.0008423891056752453
6.426e-05,3.7567026,3.754266078968547,0.002436521031452976
6.428e-05,3.7522516,3.7517121914791827,0.0005394085208174637
6.43e-05,3.7502984,3.7489059259969393,0.0013924740030608618
6.432e-05,3.7483501,3.745860273941879,0.002489826058121203
6.434e-05,3.742044,3.742611269198162,-0.0005672691981621902
6.436e-05,3.7382362,3.7392177037553602,-0.0009815037553604355
6.438e-05,3.7369268,3.735759016315929,0.0011677836840711109
6.44e-05,3.7343764,3.7323314347871133,0.0020449652128866624
6.442e-05,3.7324549,3.729042510191651,0.0034123898083491255
6.444e-05,3.7292928,3.7260042326614196,0.003288567338580517
6.446e-05,3.7248902,3.7233250271575593,0.0015651728424406208
6.448e-05,3.7204939,3.7211011143066774,-0.0006072143066773172
6.45e-05,3.716104,3.719407958350254,-0.0033039583502540992
6.452e-05,3.7117203,3.718292731931259,-0.006572431931259004
6.454e-05,3.7085892,3.7177688139778358,-0.009179613977835732
6.456e-05,3.7104507,3.7178132247635447,-0.007362524763544709
6.458e-05,3.7154348,3.7183675542728634,-0.002932754272863214
6.46e-05,3.7229185,3.719342390988335,0.0035761090116648298
6.462e-05,3.7279158,3.7206246384881343,0.007291161511865596
6.464e-05,3.7279334,3.7220866160272656,0.005846783972734304
6.466e-05,3.7260879,3.7235956504505365,0.0024922495494634767
6.468e-05,3.7254961,3.7250230221615177,0.00047307783848227203
6.47e-05,3.726158,3.7262515085668695,-9.350856686962672e-05
6.472e-05,3.7255807,3.72718117921068,-0.0016004792106798504
6.474e-05,3.7262573,3.72773339037167,-0.001476090371669958
6.476e-05,3.7294345,3.7278530607534037,0.0015814392465962612
6.478e-05,3.729503,3.727509320781042,0.0019936792189576558
6.48e-05,3.7295793,3.7266945892945893,0.0028847107054108534
6.482e-05,3.7290402,3.7254221242153234,0.0036180757846766554
6.484e-05,3.7253925,3.72372217533273,0.0016703246672697958
6.486e-05,3.7198829,3.7216370449073497,-0.0017541449073497084
6.488e-05,3.7137579,3.7192155892251155,-0.00545768922511547
6.49e-05,3.7126269,3.7165078838010452,-0.003880983801045179
6.492e-05,3.7108809,3.7135608276234993,-0.002679927623499445
6.494e-05,3.7078967,3.7104153267409417,-0.0025186267409416097
6.496e-05,3.7049209,3.7071054138040247,-0.0021845138040248457
6.498e-05,3.7019537,3.7036593238832207,-0.0017056238832209303
6.5e-05,3.7014879,3.700102236186219,0.001385663813781246
6.502e-05,3.6985373,3.69646013888969,0.0020771611103098664
6.504e-05,3.6955954,3.6927640989609682,0.0028313010390319526
6.506e-05,3.6907923,3.6890541485852197,0.0017381514147802868
6.508e-05,3.6847512,3.6853820498520324,-0.0006308498520324335
6.51e-05,3.6843281,3.6818123418917312,0.002515758108268873
6.512e-05,3.6845366,3.6784212502382556,0.006115349761744326
6.514e-05,3.6835072,3.6752932124429853,0.008213987557014857
6.516e-05,3.6781242,3.6725149853866403,0.005609214613359725
6.518e-05,3.6677646,3.6701676280610047,-0.002403028061004786
6.52e-05,3.6611541,3.6683171124362044,-0.007163012436204319
6.522e-05,3.660786,3.6670047775148427,-0.006218777514842788
6.524e-05,3.6604276,3.666239100129695,-0.005811500129695002
6.526e-05,3.6594558,3.6659901764659026,-0.006534376465902714
6.528e-05,3.6609872,3.6661879219686173,-0.005200721968617206
6.53e-05,3.665645,3.666724442204884,-0.0010794422048840957
6.532e-05,3.6678197,3.667460437575113,0.00035926242488670823
6.534e-05,3.669381,3.668234976448809,0.0011460235511910888
6.536e-05,3.6721988,3.6688775802404954,0.003321219759504501
6.538e-05,3.6725335,3.669221357866803,0.0033121421331969714
6.54e-05,3.6728784,3.6691159066013372,0.0037624933986628584
6.542e-05,3.6707405,3.6684388282553204,0.0023016717446795454
6.544e-05,3.669236,3.6671049489016645,0.002131051098335668
6.546e-05,3.6671184,3.6650726257645134,0.002045774235486686
6.548e-05,3.6612717,3.6623468239708545,-0.00107512397085463
6.55e-05,3.659175,3.658978907417041,0.00019609258295893994
6.552e-05,3.6577122,3.655063286762829,0.00264891323717098
6.554e-05,3.6518972,3.650731197472004,0.001166002527996035
6.556e-05,3.6485857,3.6461419671763498,0.00244373282365018
6.558e-05,3.6446613,3.641472224256246,0.003189075743754266
6.56e-05,3.6388775,3.6369036365511054,0.0019738634488946083
6.562e-05,3.6299877,3.632609954524751,-0.0026222545247511775
6.564e-05,3.6223554,3.6287443381471363,-0.006388938147136258
6.566e-05,3.6203434,3.6254281031901763,-0.005084703190176398
6.568e-05,3.6177189,3.6227420328218303,-0.005023132821830423
6.57e-05,3.616975,3.620721199570683,-0.0037461995706831175
6.572e-05,3.6149958,3.619353858384713,-0.004358058384712926
6.574e-05,3.6130275,3.6185844983762596,-0.005556998376259781
6.576e-05,3.6173034,3.618320661068672,-0.0010172610686720596
6.578e-05,3.6228371,3.618442680316767,0.004394419683233064
6.58e-05,3.6271348,3.6188151035575356,0.00831969644246433
6.582e-05,3.6295729,3.619298300487746,0.010274599512253957
6.584e-05,3.6251653,3.6197587760458285,0.005406523954171405
6.586e-05,3.6195212,3.62007704225808,-0.0005558422580800304
6.588e-05,3.6207434,3.6201524872488684,0.0005909127511314338
6.59e-05,3.6194828,3.61990530776982,-0.0004225077698198909
6.592e-05,3.6151161,3.619276046334016,-0.0041599463340160625
6.594e-05,3.6163689,3.618223515059032,-0.00185461505903195
6.596e-05,3.613892,3.6167219256777967,-0.0028299256777968296
6.598e-05,3.6101786,3.6147579380070614,-0.004579338007061562
6.6e-05,3.6095915,3.612328133312592,-0.002736633312591774
6.602e-05,3.6115075,3.6094371509314724,0.002070349068527655
6.604e-05,3.6121866,3.6060964367805153,0.0060901632194845234
6.606e-05,3.6072658,3.602323312290694,0.004942487709306054
6.608e-05,3.5998613,3.598139985773911,0.0017213142260890102
6.61e-05,3.5930892,3.593572259576666,-0.0004830595766658341
6.612e-05,3.5869503,3.5886479816260617,-0.0016976816260618754
6.614e-05,3.5789517,3.5833956001889478,-0.00444390018894758
6.616e-05,3.5697165,3.577843364156671,-0.008126864156670965
6.618e-05,3.566724,3.5720196961002295,-0.00529569610022973
6.62e-05,3.5668576,3.565955039643483,0.0009025603565171458
6.622e-05,3.562638,3.5596850890077474,0.0029529109922528107
6.624e-05,3.5565583,3.5532548683121106,0.003303431687889269
6.626e-05,3.5492418,3.5467228105685145,0.00251898943148543
6.628e-05,3.544428,3.5401639008110037,0.004264099188996173
6.63e-05,3.5371308,3.533671079511718,0.0034597204882818033
6.632e-05,3.5292195,3.52735436434707,0.0018651356529297836
6.634e-05,3.5250572,3.521337465272338,0.003719734727662072
6.636e-05,3.5184113,3.515751998509863,0.002659301490136823
6.638e-05,3.5105283,3.5107297260395613,-0.00020142603956152527
6.64e-05,3.5032782,3.506393542280139,-0.0031153422801390995
6.642e-05,3.4966607,3.5028481714116415,-0.006187471411641443
6.644e-05,3.4944149,3.5001716674343593,-0.005756767434359045
6.646e-05,3.4965403,3.498408754301001,-0.0018684543010012433
6.648e-05,3.4943115,3.4975667863882896,-0.0032552863882897576
6.65e-05,3.4914678,3.4976147155049873,-0.006146915504987138
6.652e-05,3.4979812,3.498485022507191,-0.000503822507190943
6.654e-05,3.5069956,3.500078174372696,0.00691742562730413
6.656e-05,3.5104082,3.502268834481669,0.008139365518331054
6.658e-05,3.5100886,3.5049128632246234,0.005175736775376638
6.66e-05,3.5091539,3.507854212047452,0.0012996879525477567
6.662e-05,3.507604,3.510931156102761,-0.0033271561027610197
6.664e-05,3.5091783,3.5139817801026845,-0.00480348010268461
6.666e-05,3.5144999,3.516849004395412,-0.002349104395412027
6.668e-05,3.5173362,3.5193855657602624,-0.0020493657602624893
6.67e-05,3.5214266,3.5214592508471316,-3.265084713177657e-05
6.672e-05,3.526148,3.52295843362126,0.0031895663787402384
6.674e-05,3.5252678,3.523797730685835,0.0014700693141649346
6.676e-05,3.5237709,3.523923455403159,-0.00015255540315894933
6.678e-05,3.5204108,3.523318548198587,-0.002907748198587079
6.68e-05,3.5164336,3.522006735545526,-0.005573135545525965
6.682e-05,3.5186949,3.520055720009053,-0.001360820009053132
6.684e-05,3.5215859,3.5175791375457712,0.004006762454228596
6.686e-05,3.5194972,3.5147368365612524,0.004760363438747639
6.688e-05,3.5155448,3.511732849323296,0.0038119506767038125
6.69e-05,3.5134684,3.5088103884324764,0.004658011567523435
6.692e-05,3.513267,3.50624337624692,0.007023623753080077
6.694e-05,3.5080843,3.5043243619991276,0.003759938000872598
6.696e-05,3.5022837,3.5033491231532774,-0.0010654231532774006
6.698e-05,3.5008511,3.5035987191309066,-0.0027476191309063758
6.7e-05,3.5025389,3.5053201842240806,-0.00278128422408086
6.702e-05,3.5092171,3.508707309407238,0.0005097905927620161
6.704e-05,3.5102892,3.5138830191722388,-0.003593819172238888
6.706e-05,3.5132343,3.520884745064736,-0.007650445064735667
6.708e-05,3.5255336,3.529654008037425,-0.004120408037424639
6.71e-05,3.5390849,3.540031163881666,-0.0009462638816657432
6.712e-05,3.5513948,3.55175591923012,-0.00036111923011983293
6.714e-05,3.5637101,3.564473826292234,-0.0007637262922339794
6.716e-05,3.5766536,3.5777486134302565,-0.0010950134302563086
6.718e-05,3.5846157,3.591079972559462,-0.006464272559461914
6.72e-05,3.5938295,3.603926268458055,-0.01009676845805485
6.722e-05,3.6092811,3.6157314488164385,-0.006450348816438467
6.724e-05,3.6234905,3.625955101212715,-0.0024646012127149675
6.726e-05,3.6364576,3.634104087432551,0.0023535125674487567
6.728e-05,3.6488054,3.6397635882726953,0.009041811727304783
6.73e-05,3.6555475,3.64262491900771,0.012922580992289934
6.732e-05,3.6573077,3.6425073307175473,0.014800369282452763
6.734e-05,3.6522159,3.6393713129643013,0.012844587035698574
6.736e-05,3.6427652,3.6333216594938875,0.009443540506112402
6.738e-05,3.632695,3.6245996368660096,0.008095363133990396
6.74e-05,3.6139023,3.6135648148338526,0.00033748516614728885
6.742e-05,3.5969824,3.600668273225913,-0.0036858732259132942
6.744e-05,3.5806888,3.5864198246536465,-0.00573102465364661
6.746e-05,3.5594119,3.571352464354968,-0.011940564354967709
6.748e-05,3.54624,3.5559874116546126,-0.00974741165461257
6.75e-05,3.5324471,3.5408028439191583,-0.008355743919158165
6.752e-05,3.5199026,3.526208814561943,-0.006306214561942802
6.754e-05,3.5054901,3.5125300203930614,-0.007039920393061561
6.756e-05,3.4929495,3.4999971932048703,-0.00704769320487042
6.758e-05,3.4866439,3.4887470496164004,-0.002103149616400568
6.76e-05,3.4790934,3.4788299840892836,0.0002634159107164358
6.762e-05,3.4740378,3.470224049505947,0.003813750494053192
6.764e-05,3.467114,3.462853288012262,0.004260711987738031
6.766e-05,3.4614382,3.456608222428412,0.0048299775715880955
6.768e-05,3.4576339,3.4513663258495395,0.006267574150460309
6.77e-05,3.4525844,3.4470105202877206,0.005573879712279517
6.772e-05,3.4475353,3.4434441472415904,0.004091152758409766
6.774e-05,3.4443561,3.440601338987091,0.003754761012908947
6.776e-05,3.4399302,3.4384522411139113,0.0014779588860887038
6.778e-05,3.4386201,3.4370030365792426,0.001617063420757514
6.78e-05,3.4422958,3.436291152205816,0.00600464779418397
6.782e-05,3.4397383,3.4363763779933345,0.0033619220066656297
6.784e-05,3.4340634,3.4373289311500796,-0.00326553115007977
6.786e-05,3.4327503,3.4392157886863584,-0.006465488686358434
6.788e-05,3.4376685,3.4420868607393214,-0.0044183607393213364
6.79e-05,3.4388456,3.4459626663288287,-0.007117066328828692
6.792e-05,3.4412677,3.4508250108622947,-0.00955731086229461
6.794e-05,3.4517904,3.456611760919747,-0.00482136091974672
6.796e-05,3.4616875,3.4632162431294704,-0.001528743129470378
6.798e-05,3.4740753,3.4704911491415062,0.0035841508584937287
6.8e-05,3.4833439,3.478256224676215,0.005087675323784957
6.802e-05,3.4888699,3.4863086025292613,0.0025612974707387437
6.804e-05,3.4950164,3.494434504088484,0.0005818959115160283
6.806e-05,3.5030299,3.5024211561240493,0.0006087438759507791
6.808e-05,3.5116635,3.5100680199308516,0.0015954800691484472
6.81e-05,3.5184241,3.5171966719114884,0.0012274280885113953
6.812e-05,3.527051,3.5236588512029487,0.0033921487970514086
6.814e-05,3.5319346,3.5293423264309145,0.0025922735690855347
6.816e-05,3.5349447,3.5341743813333912,0.0007703186666088158
6.818e-05,3.5379508,3.538122904350265,-0.00017210435026493442
6.82e-05,3.5397061,3.54119527326976,-0.0014891732697597249
6.822e-05,3.5408335,3.5434354014383906,-0.0026019014383904526
6.824e-05,3.543826,3.544919404009624,-0.0010934040096239883
6.826e-05,3.5493065,3.545750331064259,0.0035561689357410664
6.828e-05,3.5460562,3.5460523288790493,3.871120950904583e-06
6.83e-05,3.5415541,3.545964500478295,-0.004410400478294996
6.832e-05,3.5420327,3.5456346953475757,-0.0036019953475756594
6.834e-05,3.5443753,3.5452134383228278,-0.0008381383228277528
6.836e-05,3.5479586,3.5448481265123064,0.0031104734876934437
6.838e-05,3.5496659,3.544677458531474,0.004988441468525728
6.84e-05,3.5494971,3.544825907108198,0.004671192891802178
6.842e-05,3.5486987,3.545398035917556,0.0033006640824440048
6.844e-05,3.5460235,3.54647264793042,-0.0004491479304200574
6.846e-05,3.5439647,3.5480970744969724,-0.004132374496972346
6.848e-05,3.5456381,3.550282238191404,-0.004644138191403968
6.85e-05,3.5491739,3.5529993103552937,-0.0038254103552937124
6.852e-05,3.5533255,3.556178757468798,-0.002853257468797832
6.854e-05,3.5549765,3.559712343018932,-0.004735843018932151
6.856e-05,3.5584895,3.563458305041369,-0.004968805041368984
6.858e-05,3.5663573,3.5672495426640305,-0.0008922426640305403
6.86e-05,3.5704774,3.5709042531764603,-0.0004268531764601846
6.862e-05,3.5770823,3.574238087520739,0.0028442124792609214
6.864e-05,3.5861719,3.5770765918369625,0.009095308163037608
6.866e-05,3.5877739,3.5792665589620496,0.008507341037950589
6.868e-05,3.585627,3.5806850037660842,0.004941996233915891
6.87e-05,3.5828474,3.581244830398161,0.0016025696018386881
6.872e-05,3.5813046,3.5808968138820347,0.0004077861179654363
6.874e-05,3.580375,3.579628114811359,0.0007468851886409666
6.876e-05,3.5738262,3.577458022228889,-0.0036318222288889146
6.878e-05,3.569137,3.574431901785923,-0.005294901785922956
6.88e-05,3.5656841,3.5706144160381985,-0.004930316038198601
6.882e-05,3.5615974,3.5660829936298772,-0.004485593629877105
6.884e-05,3.5606161,3.5609222651399586,-0.0003061651399587362
6.886e-05,3.5577539,3.5552198072177887,0.0025340927822110615
6.888e-05,3.5523874,3.5490631512769486,0.0033242487230515927
6.89e-05,3.5470096,3.5425377430292606,0.004471856970739374
6.892e-05,3.5391268,3.5357254668697005,0.0034013331302995553
6.894e-05,3.5268692,3.5287034784792546,-0.0018342784792544364
6.896e-05,3.5177154,3.5215433473574054,-0.0038279473574052147
6.898e-05,3.508549,3.5143107747100157,-0.005761774710015821
6.9e-05,3.4999939,3.507066286163586,-0.007072386163585964
6.902e-05,3.4957898,3.49986721168121,-0.004077411681210119
6.904e-05,3.4946896,3.4927709531123923,0.001918646887607789
6.906e-05,3.4917074,3.485839093761224,0.0058683062387761
6.908e-05,3.4862196,3.4791414858716503,0.0070781141283497995
6.91e-05,3.480096,3.472759238267704,0.0073367617322959156
6.912e-05,3.4745831,3.466785625912483,0.0077974740875168536
6.914e-05,3.4634483,3.461324342331971,0.002123957668028975
6.916e-05,3.4491837,3.456485100749147,-0.007301400749147202
6.918e-05,3.4455012,3.4523771902648175,-0.006875990264817666
6.92e-05,3.4467911,3.4491020135498025,-0.002310913549802507
6.922e-05,3.4455741,3.446745724462585,-0.001171624462585008
6.924e-05,3.4443431,3.4453728589893533,-0.0010297589893530912
6.926e-05,3.4430981,3.4450214832773445,-0.001923383277344648
6.928e-05,3.4462014,3.445700051552056,0.0005013484479441388
6.93e-05,3.4505368,3.4473859431249823,0.0031508568750178156
6.932e-05,3.4517415,3.4500255164397298,0.001715983560270029
6.934e-05,3.4523086,3.453535469921853,-0.0012268699218531687
6.936e-05,3.454731,3.457805338393906,-0.0030743383939055846
6.938e-05,3.4627485,3.4627010419545448,4.74580454552509e-05
6.94e-05,3.4707509,3.4680694606363844,0.0026814393636156453
6.942e-05,3.4718822,3.473743988072428,-0.0018617880724280944
6.944e-05,3.4742446,3.479550956964523,-0.0053063569645228625
6.946e-05,3.4822008,3.4853167761417625,-0.003115976141762289
6.948e-05,3.4907652,3.4908755470434145,-0.0001103470434147269
6.95e-05,3.4986913,3.496076774076959,0.002614525923041011
6.952e-05,3.5041087,3.5007925628574115,0.0033161371425887154
6.954e-05,3.5120036,3.5049235240055894,0.007080075994410517
6.956e-05,3.5167668,3.5084025848418863,0.008364215158113808
6.958e-05,3.5146586,3.511196109155736,0.003462490844264199
6.96e-05,3.5106654,3.5133021216174556,-0.0026367216174554287
6.962e-05,3.5116432,3.514745944904782,-0.0031027449047820177
6.964e-05,3.512604,3.5155740280366308,-0.002970028036630712
6.966e-05,3.509808,3.5158470112437876,-0.006039011243787584
6.968e-05,3.5101109,3.5156330698292715,-0.0055221698292715615
6.97e-05,3.5135124,3.5150023517739872,-0.0014899517739870305
6.972e-05,3.5144032,3.514022958028387,0.0003802419716127936
6.974e-05,3.5134066,3.5127585022572614,0.0006480977427387735
6.976e-05,3.5142615,3.5112669304137385,0.0029945695862614308
6.978e-05,3.5126049,3.509600065451806,0.003004834548193891
6.98e-05,3.5121768,3.5078032972749753,0.0043735027250249026
6.982e-05,3.5111071,3.50591494364769,0.005192156352309851
6.984e-05,3.5050331,3.503965034489827,0.0010680655101729108
6.986e-05,3.4989407,3.5019735862205237,-0.0030328862205237783
6.988e-05,3.494076,3.499948771147811,-0.00587277114781104
6.99e-05,3.4904389,3.4978856393807556,-0.007446739380755574
6.992e-05,3.492392,3.4957660973859497,-0.003374097385949515
6.994e-05,3.4924561,3.4935606356068525,-0.0011045356068524192
6.996e-05,3.4931245,3.491231892232165,0.0018926077678349529
6.998e-05,3.4925273,3.488739695771875,0.0037876042281248523
7e-05,3.4887946,3.486046905702828,0.002747694297172032
7.002e-05,3.4869123,3.4831252567990494,0.0037870432009508015
7.004e-05,3.4794015,3.479960503639443,-0.0005590036394433895
7.006e-05,3.4737411,3.476556382903539,-0.0028152829035392735
7.008e-05,3.4724243,3.4729371560400026,-0.0005128560400025073
7.01e-05,3.4692185,3.4691486631501807,6.983684981953786e-05
7.012e-05,3.4659928,3.4652578630243944,0.0007349369756055601
7.014e-05,3.4658634,3.461350789543936,0.004512610456063992
7.016e-05,3.4632211,3.457528811148129,0.005692288851871119
7.018e-05,3.4561959,3.45390312441689,0.0022927755831099184
7.02e-05,3.4510202,3.4505875905382375,0.0004326094617623788
7.022e-05,3.4483175,3.4476903161291848,0.0006271838708151733
7.024e-05,3.4443477,3.4453047031604584,-0.0009570031604586582
7.026e-05,3.4353713,3.443500945214679,-0.008129645214679293
7.028e-05,3.4319843,3.442319061298451,-0.010334761298451234
7.03e-05,3.437303,3.441764484778225,-0.0044614847782251665
7.032e-05,3.4419783,3.441806917760095,0.00017138223990498247
7.034e-05,3.4428941,3.442382645977091,0.0005114540229089748
7.036e-05,3.4456595,3.4433999395029327,0.0022595604970674366
7.038e-05,3.4477813,3.4447467366569398,0.0030345633430601815
7.04e-05,3.4480132,3.4462996202380602,0.0017135797619398652
7.042e-05,3.4488481,3.4479331173216976,0.0009149826783025894
7.044e-05,3.4490396,3.4495285005051577,-0.0004889005051578188
7.046e-05,3.4529504,3.4509814545394804,0.001968945460519844
7.048e-05,3.4537246,3.4522081355322136,0.0015164644677865269
7.05e-05,3.4563484,3.4531492713396195,0.0031991286603805236
7.052e-05,3.4558356,3.4537720594446975,0.0020635405553024455
7.054e-05,3.4546795,3.4540697550117208,0.0006097449882793704
7.056e-05,3.4553731,3.4540590219425304,0.0013140780574696365
7.058e-05,3.4535536,3.453775319313349,-0.00022171931334913353
7.06e-05,3.4542067,3.4532667743387027,0.0009399256612971918
7.062e-05,3.4510998,3.452587125800832,-0.0014873258008316625
7.064e-05,3.4510888,3.451788405963919,-0.0006996059639190477
7.066e-05,3.4516805,3.45091406899235,0.0007664310076500591
7.068e-05,3.4466425,3.449993272710396,-0.003350772710396299
7.07e-05,3.4403375,3.449036981024904,-0.008699481024903921
7.072e-05,3.4389982,3.448036460899269,-0.00903826089926918
7.074e-05,3.4426245,3.4469645387755667,-0.004340038775566768
7.076e-05,3.4487236,3.4457795876339943,0.0029440123660058326
7.078e-05,3.4541791,3.4444316707408804,0.009747429259119755
7.08e-05,3.4508886,3.4428697601219445,0.008018839878055406
7.082e-05,3.4463314,3.441048721146514,0.0052826788534861
7.084e-05,3.4392608,3.4389349328071215,0.00032586719287852617
7.086e-05,3.4334164,3.4365099047765235,-0.0030935047765234813
7.088e-05,3.4312914,3.4337718160660757,-0.0024804160660756303
7.09e-05,3.431016,3.43073530524196,0.0002806947580400454
7.092e-05,3.4282275,3.4274299943984308,0.0007975056015694371
7.094e-05,3.4204329,3.423898187660149,-0.0034652876601488636
7.096e-05,3.4188511,3.420192074708302,-0.0013409747083019674
7.098e-05,3.4184961,3.4163706672785303,0.0021254327214697
7.1e-05,3.4143817,3.4124966035000757,0.0018850964999241882
7.102e-05,3.4083779,3.408632870302011,-0.00025497030201071524
7.104e-05,3.4073408,3.4048394570620437,0.0025013429379563412
7.106e-05,3.4019215,3.401169994266557,0.0007515057334428477
7.108e-05,3.3983524,3.397668529541449,0.0006838704585510058
7.11e-05,3.3947637,3.3943667122233316,0.00039698777666830054
7.112e-05,3.3861695,3.3912817719105814,-0.005112271910581612
7.114e-05,3.3800489,3.388415756781076,-0.008366856781076404
7.116e-05,3.3776487,3.3857564831610603,-0.008107783161060311
7.118e-05,3.3833318,3.3832804583468437,5.134165315645589e-05
7.12e-05,3.3833861,3.380957642403835,0.0024284575961650567
7.122e-05,3.3809282,3.378757405552576,0.0021707944474238516
7.124e-05,3.3834377,3.376654609927501,0.006783090072498776
7.126e-05,3.3846821,3.374634560697767,0.010047539302233233
7.128e-05,3.3821684,3.3726956804986172,0.00947271950138262
7.13e-05,3.3746503,3.370849140068238,0.0038011599317617772
7.132e-05,3.3683604,3.3691152776282585,-0.0007548776282586545
7.134e-05,3.3626754,3.3675173481825635,-0.004841948182563449
7.136e-05,3.3582187,3.3660737698383985,-0.007855069838398343
7.138e-05,3.3599766,3.3647903862296844,-0.004813786229684425
7.14e-05,3.3579771,3.36365425507162,-0.005677155071620366
7.142e-05,3.3565834,3.3626301500996405,-0.006046750099640619
7.144e-05,3.357665,3.361660455508523,-0.003995455508523094
7.146e-05,3.3574827,3.360668562932915,-0.003185862932915118
7.148e-05,3.3610228,3.3595653262377656,0.0014574737622345957
7.15e-05,3.3645459,3.3582576388709042,0.006288261129095751
7.152e-05,3.3661826,3.356657841574003,0.009524758425996982
7.154e-05,3.3640632,3.3546925403239167,0.009370659676083193
7.156e-05,3.3563172,3.3523095947563006,0.004007605243699253
7.158e-05,3.3466843,3.3494825202943894,-0.002798220294389253
7.16e-05,3.340774,3.3462121963951987,-0.005438196395198602
7.162e-05,3.33734,3.342526355951658,-0.005186355951657617
7.164e-05,3.3326427,3.338477634803025,-0.005834934803024883
7.166e-05,3.3335382,3.33414091135032,-0.0006027113503201953
7.168e-05,3.3350403,3.329610351894677,0.005429948105323046
7.17e-05,3.3302931,3.3249961815502704,0.005296918449729571
7.172e-05,3.3230368,3.3204209209048763,0.002615879095123841
7.174e-05,3.3157647,3.3160147939902673,-0.0002500939902674304
7.176e-05,3.3097234,3.3119102118087373,-0.0021868118087371435
7.178e-05,3.3074062,3.3082355236691443,-0.000829323669144344
7.18e-05,3.3069433,3.305108442858027,0.0018348571419730675
7.182e-05,3.303972,3.3026296285990893,0.0013423714009106469
7.184e-05,3.2972461,3.3008768927941055,-0.0036307927941052753
7.186e-05,3.2942448,3.2999004779981114,-0.005655677998111397
7.188e-05,3.2974613,3.299719832247514,-0.0022585322475139336
7.19e-05,3.3012862,3.300322218036774,0.0009639819632258906
7.192e-05,3.3026033,3.3016632916747133,0.0009400083252866231
7.194e-05,3.3045289,3.303669536247096,0.0008593637529044074
7.196e-05,3.3058171,3.3062422424583264,-0.0004251424583263663
7.198e-05,3.3070914,3.3092626627473662,-0.0021712627473662316
7.2e-05,3.313338,3.3125979748675407,0.0007400251324591878
7.202e-05,3.317078,3.316107706306952,0.0009702936930477968
7.204e-05,3.3208042,3.3196502543669753,0.0011539456330247333
7.206e-05,3.3257631,3.323089111872994,0.002673988127006144
7.208e-05,3.326969,3.3262984222849235,0.0006705777150766146
7.21e-05,3.3306549,3.329167564154215,0.0014873358457849761
7.212e-05,3.3324575,3.3316045913219083,0.0008529086780915129
7.214e-05,3.3323773,3.333538500814505,-0.0011612008145047703
7.216e-05,3.3341536,3.334920432902446,-0.0007668329024461684
7.218e-05,3.3334237,3.335724000274306,-0.002300300274305833
7.22e-05,3.3351751,3.335944974423803,-0.000769874423803163
7.222e-05,3.3337987,3.3356005180832944,-0.001801818083294382
7.224e-05,3.3336577,3.334728054283521,-0.001070354283521091
7.226e-05,3.3366223,3.333383733104203,0.003238566895797046
7.228e-05,3.3364596,3.3316403333257316,0.004819266674268352
7.23e-05,3.3337931,3.3295843698845604,0.00420873011543943
7.232e-05,3.3286233,3.327312231387726,0.0013110686122739246
7.234e-05,3.322197,3.3249253712641273,-0.002728371264127283
7.236e-05,3.3170073,3.322524860702332,-0.005517560702331892
7.238e-05,3.3155477,3.320205846368042,-0.004658146368041738
7.24e-05,3.3178181,3.318052512309653,-0.00023441230965293158
7.242e-05,3.3200791,3.31613398893138,0.003945111068619944
7.244e-05,3.316722,3.3145013757172044,0.002220624282795569
7.246e-05,3.3127332,3.3131858138737664,-0.0004526138737666052
7.248e-05,3.310606,3.31219747600452,-0.0015914760045201426
7.25e-05,3.3115873,3.3115254130875464,6.18869124533461e-05
7.252e-05,3.3100672,3.3111383006203914,-0.0010711006203911744
7.254e-05,3.3066692,3.3109861639408433,-0.004316963940843355
7.256e-05,3.3082493,3.311003120336165,-0.0027538203361650027
7.258e-05,3.3135613,3.3111110661805627,0.0024502338194372086
7.26e-05,3.3157496,3.3112240741066237,0.004525525893376514
7.262e-05,3.3160608,3.3112530996009584,0.004807700399041437
7.264e-05,3.3132485,3.3111105326269854,0.0021379673730144155
7.266e-05,3.3085595,3.31071424508128,-0.0021547450812802182
7.268e-05,3.3044873,3.3099910413577507,-0.00550374135775078
7.27e-05,3.3047716,3.308879674115995,-0.0041080741159951195
7.272e-05,3.3069198,3.3073336880948165,-0.00041388809481635036
7.274e-05,3.3071923,3.3053242429348364,0.0018680570651636863
7.276e-05,3.3037196,3.3028428169280444,0.0008767830719556002
7.278e-05,3.2989947,3.299903456420167,-0.0009087564201668563
7.28e-05,3.2998739,3.2965441155991404,0.0033297844008597366
7.282e-05,3.2982549,3.292826632233264,0.005428267766735662
7.284e-05,3.2941383,3.28883496693591,0.005303333064090143
7.286e-05,3.2881476,3.2846714977707747,0.00347610222922512
7.288e-05,3.2790364,3.280451439272295,-0.0014150392722953598
7.29e-05,3.2680515,3.2762958211161286,-0.008244321116128717
7.292e-05,3.2664122,3.2723237963900544,-0.005911596390054452
7.294e-05,3.2678859,3.2686451919375044,-0.0007592919375043472
7.296e-05,3.2637474,3.2653540770087157,-0.001606677008715529
7.298e-05,3.2652157,3.2625237804931086,0.002691919506891516
7.3e-05,3.2654346,3.260203413675859,0.0052311863241407686
7.302e-05,3.2612879,3.2584157207246083,0.0028721792753918507
7.304e-05,3.2558924,3.257156051808708,-0.0012636518087081328
7.306e-05,3.2517413,3.2563924043421655,-0.004651104342165535
7.308e-05,3.2531976,3.2560666937983362,-0.0028690937983362197
7.31e-05,3.2534056,3.256097545877384,-0.0026919458773844163
7.312e-05,3.251742,3.2563848510450604,-0.004642851045060237
7.314e-05,3.2544399,3.256816105869817,-0.0023762058698171273
7.316e-05,3.257137,3.2572742613081833,-0.0001372613081831453
7.318e-05,3.2573407,3.25764647553844,-0.00030577553844013394
7.32e-05,3.2631538,3.2578328804170016,0.005320919582998407
7.322e-05,3.2677206,3.2577542753909814,0.009966324609018695
7.324e-05,3.2660549,3.2573576322911744,0.008697267708825507
7.326e-05,3.2606498,3.256618498442735,0.0040313015572648325
7.328e-05,3.2558686,3.2555398457125824,0.0003287542874175209
7.33e-05,3.2517113,3.254147540263076,-0.002436240263075984
7.332e-05,3.2481788,3.2524832114859645,-0.004304411485964721
7.334e-05,3.2483876,3.250595696222216,-0.0022080962222159606
7.336e-05,3.2448585,3.248532352798156,-0.0036738527981561298
7.338e-05,3.2400849,3.2463314213131467,-0.006246521313146847
7.34e-05,3.2396767,3.2440163419173067,-0.004339641917306736
7.342e-05,3.243011,3.2415925978565667,0.0014184021434333616
7.344e-05,3.2407394,3.239047262459656,0.0016921375403438077
7.346e-05,3.2359784,3.2363510602324617,-0.00037266023246163016
7.348e-05,3.2324664,3.2334624926109266,-0.000996092610926702
7.35e-05,3.2277103,3.2303334694283867,-0.0026231694283866958
7.352e-05,3.2298129,3.2269158696800675,0.002897030319932714
7.354e-05,3.2281785,3.2231684418543582,0.005010058145641594
7.356e-05,3.2203146,3.21906343008003,0.0012511699199699855
7.358e-05,3.2124542,3.2145923422386775,-0.0021381422386776983
7.36e-05,3.2077133,3.2097704041600075,-0.0020571041600074835
7.362e-05,3.207962,3.2046394135910274,0.003322586408972761
7.364e-05,3.2026052,3.1992688184570994,0.0033363815429003907
7.366e-05,3.194136,3.193754878043464,0.00038112195653594583
7.368e-05,3.1894107,3.1882178045352343,0.001192895464765531
7.37e-05,3.1853133,3.1827968940679097,0.0025164059320901266
7.372e-05,3.1799736,3.1776438240943494,0.002329775905650422
7.374e-05,3.1708988,3.172914468843735,-0.0020156688437351633
7.376e-05,3.1643216,3.1687597463670762,-0.004438146367076179
7.378e-05,3.167098,3.1653161389459252,0.0017818610540749624
7.38e-05,3.1667636,3.1626965781279868,0.004067021872013132
7.382e-05,3.1564627,3.1609823457070445,-0.00451964570704444
7.384e-05,3.1530237,3.1602165759589766,-0.007192875958976774
7.386e-05,3.1595632,3.1603998984035377,-0.0008366984035377278
7.388e-05,3.1598763,3.1614886746683553,-0.0016123746683551765
7.39e-05,3.1614425,3.163396078165846,-0.0019535781658457374
7.392e-05,3.1686249,3.1659959730783025,0.002628926921697694
7.394e-05,3.1695816,3.169129281007241,0.00045231899275899323
7.396e-05,3.1705453,3.172612354370601,-0.0020670543706007294
7.398e-05,3.1746325,3.176246807994005,-0.001614307994004971
7.4e-05,3.1774804,3.1798302475828457,-0.002349847582845843
7.402e-05,3.1815822,3.183167305687946,-0.001585105687946342
7.404e-05,3.1913011,3.1860803060223195,0.0052207939776804935
7.406e-05,3.1991582,3.1884187500740633,0.010739449925936562
7.408e-05,3.1958045,3.190066757609129,0.005737742390870881
7.41e-05,3.1912126,3.1909477254785172,0.0002648745214828274
7.412e-05,3.189122,3.1910258485933976,-0.0019038485933977611
7.414e-05,3.1895329,3.190304658592191,-0.0007717585921906966
7.416e-05,3.1893292,3.188823167392275,0.0005060326077250821
7.418e-05,3.1847715,3.1866504224767986,-0.0018789224767985502
7.42e-05,3.178976,3.1838793141789825,-0.0049033141789824874
7.422e-05,3.1750592,3.180620409631904,-0.005561209631903985
7.424e-05,3.174891,3.176996452477737,-0.0021054524777368577
7.426e-05,3.1722387,3.1731379346572854,-0.0008992346572855858
7.428e-05,3.1683496,3.1691798215739744,-0.0008302215739743879
7.43e-05,3.1682102,3.1652591713712,0.002951028628799701
7.432e-05,3.1668341,3.161513129559527,0.005320970440473083
7.434e-05,3.1623519,3.158076663530985,0.0042752364690148426
7.436e-05,3.1591266,3.155079455225841,0.004047144774158795
7.438e-05,3.1540422,3.152641593545886,0.0014006064541143282
7.44e-05,3.1477222,3.1508680510372162,-0.0031458510372162074
7.442e-05,3.1482694,3.149842290302228,-0.0015728903022278473
7.444e-05,3.1494503,3.1496196117457496,-0.00016931174574974506
7.446e-05,3.1493952,3.1502209601990296,-0.0008257601990298014
7.448e-05,3.1505971,3.151627872565607,-0.0010307725656066857
7.45e-05,3.1511862,3.153779148110319,-0.002592948110318627
7.452e-05,3.1536562,3.15656971548688,-0.002913515486880236
7.454e-05,3.1567608,3.159852055038611,-0.0030912550386110738
7.456e-05,3.1617465,3.1634403796439154,-0.0016938796439154302
7.458e-05,3.1679903,3.167117568418965,0.0008727315810350689
7.46e-05,3.1711289,3.1706446108344064,0.00048428916559339896
7.462e-05,3.1724088,3.1737721092654687,-0.0013633092654687928
7.464e-05,3.1743236,3.1762532511999475,-0.0019296511999473687
7.466e-05,3.1762501,3.177857593297275,-0.0016074932972749423
7.468e-05,3.1775646,3.1783849454947593,-0.0008203454947590672
7.47e-05,3.1782671,3.1776785564096337,0.0005885435903660863
7.472e-05,3.1783574,3.1756366832235203,0.0027207167764795592
7.474e-05,3.179082,3.1722215283163333,0.00686047168366688
7.476e-05,3.1754567,3.1674645091232945,0.00799219087670533
7.478e-05,3.1693515,3.1614669661809205,0.007884533819079387
7.48e-05,3.1632595,3.1543957570923506,0.008863742907649463
7.482e-05,3.1453389,3.1464737302353005,-0.0011348302353004769
7.484e-05,3.129925,3.137965743781186,-0.0080407437811858
7.486e-05,3.1238738,3.129161532728842,-0.005287732728841643
7.488e-05,3.1165902,3.120357126074963,-0.003766926074963095
7.49e-05,3.1124374,3.1118365481707335,0.0006008518292666132
7.492e-05,3.1020656,3.1038552588461843,-0.0017896588461843166
7.494e-05,3.0904612,3.096626395627349,-0.006165195627349185
7.496e-05,3.0875963,3.0903105433211926,-0.002714243321192633
7.498e-05,3.0841222,3.0850094878104057,-0.0008872878104058124
7.5e-05,3.0806624,3.080764143242796,-0.00010174324279610403
7.502e-05,3.0784635,3.077556553852237,0.0009069461477628771
7.504e-05,3.0725394,3.0753156212243575,-0.002776221224357389
7.506e-05,3.0672531,3.073926045602643,-0.00667294560264331
7.508e-05,3.0694607,3.073239863690279,-0.003779163690278864
7.51e-05,3.0760459,3.073089821050447,0.002956078949552854
7.512e-05,3.0807764,3.0733035777882503,0.007472822211749719
7.514e-05,3.080536,3.073717484381752,0.006818515618248089
7.516e-05,3.079687,3.074188556032018,0.005498443967981714
7.518e-05,3.0794762,3.0746034502839668,0.004872749716033464
7.52e-05,3.0761638,3.074883689350719,0.0012801106492807968
7.522e-05,3.0747361,3.074986921387722,-0.00025082138772214435
7.524e-05,3.075817,3.0749045311386975,0.0009124688613022514
7.526e-05,3.0762904,3.0746562969786124,0.0016341030213875563
7.528e-05,3.0724164,3.074283029444274,-0.0018666294442741815
7.53e-05,3.0679347,3.0738382520303458,-0.005903552030345871
7.532e-05,3.067832,3.073380031209858,-0.005548031209857918
7.534e-05,3.0664988,3.072964004384418,-0.0064652043844177776
7.536e-05,3.069545,3.072638434651003,-0.0030934346510029798
7.538e-05,3.0738544,3.072441733177374,0.0014126668226261963
7.54e-05,3.0706997,3.0724024162338432,-0.0017027162338432156
7.542e-05,3.0731693,3.0725410328689104,0.0006282671310895438
7.544e-05,3.0787703,3.072873305905485,0.005896994094515051
7.546e-05,3.0781534,3.0734135976573365,0.00473980234266369
7.548e-05,3.0775515,3.074177834584864,0.0033736654151361734
7.55e-05,3.0763413,3.075185202543105,0.0011560974568953775
7.552e-05,3.0788853,3.0764582331868398,0.0024270668131602946
7.554e-05,3.0801974,3.07802126257616,0.002176137423839819
7.556e-05,3.0746685,3.07989756573155,-0.005229065731549909
7.558e-05,3.0747642,3.0821057077157805,-0.007341507715780349
7.56e-05,3.0811077,3.0846557651104294,-0.003548065110429377
7.562e-05,3.0899594,3.0875460036358002,0.0024133963641999046
7.564e-05,3.0969562,3.090760340831215,0.006195859168784956
7.566e-05,3.097735,3.094266604598274,0.0034683954017262764
7.568e-05,3.0972822,3.0980154200419237,-0.0007332200419236656
7.57e-05,3.1005838,3.1019396211530164,-0.0013558211530164677
7.572e-05,3.1039001,3.105954308154179,-0.0020542081541790047
7.574e-05,3.1047382,3.1099578776207513,-0.005219677620751373
7.576e-05,3.1099538,3.113834413103372,-0.003880613103372177
7.578e-05,3.1145606,3.117457712305111,-0.002897112305110916
7.58e-05,3.1204288,3.1206969771012796,-0.0002681771012795764
7.582e-05,3.1275583,3.1234238690681133,0.004134430931886701
7.584e-05,3.1284703,3.1255203295443743,0.002949970455625728
7.586e-05,3.1293971,3.126886382198274,0.002510717801725626
7.588e-05,3.1290917,3.1274471370138492,0.0016445629861507882
7.59e-05,3.1250606,3.127158374424748,-0.0020977744247483443
7.592e-05,3.1235368,3.1260103143832967,-0.002473514383296571
7.594e-05,3.1270132,3.1240293605713854,0.0029838394286145764
7.596e-05,3.1267638,3.1212776946053293,0.005486105394670648
7.598e-05,3.1209187,3.1178506090552154,0.0030680909447844407
7.6e-05,3.1144635,3.1138715173245015,0.0005919826754983148
7.602e-05,3.1111378,3.109484747449895,0.0016530525501048388
7.604e-05,3.1065801,3.1048464922334507,0.0017336077665492944
7.606e-05,3.1001672,3.1001145562169943,5.264378300573469e-05
7.608e-05,3.0943921,3.0954377493953644,-0.0010456493953645563
7.61e-05,3.0848923,3.090945922415956,-0.006053622415956195
7.612e-05,3.0791462,3.0867417085702327,-0.007595508570232834
7.614e-05,3.0765306,3.082894982311678,-0.0063643823116779075
7.616e-05,3.0757991,3.079440800838853,-0.003641700838853179
7.618e-05,3.0769516,3.076381160695673,0.0005704393043273193
7.62e-05,3.0737555,3.073690366118656,6.513388134399278e-05
7.622e-05,3.0711973,3.0713233163054547,-0.00012601630545461262
7.624e-05,3.0717694,3.0692256868601215,0.002543713139878445
7.626e-05,3.0686159,3.0673448273039288,0.001271072696071407
7.628e-05,3.0673467,3.0656401775592657,0.001706522440734215
7.63e-05,3.0717014,3.064092075456562,0.007609324543437879
7.632e-05,3.0698383,3.0627079701594297,0.007130329840570049
7.634e-05,3.0642502,3.0615252929683674,0.0027249070316326396
7.636e-05,3.0617918,3.060610597196565,0.001181202803434811
7.638e-05,3.0587229,3.0600550412436447,-0.001332141243644891
7.64e-05,3.0575367,3.059966747693681,-0.0024300476936809368
7.642e-05,3.0601026,3.0604608987892696,-0.00035829878926962877
7.644e-05,3.0620581,3.061648568189852,0.0004095318101478007
7.646e-05,3.0621565,3.063625276859908,-0.0014687768599079831
7.648e-05,3.0653838,3.066460180098456,-0.001076380098455676
7.65e-05,3.0686234,3.0701867077168115,-0.0015633077168115683
7.652e-05,3.0731216,3.074795401958556,-0.0016738019585562647
7.654e-05,3.0782551,3.0802296066348998,-0.001974506634899953
7.656e-05,3.0784146,3.086384538343527,-0.007969938343526994
7.658e-05,3.0848189,3.0931101007584596,-0.00829120075845946
7.66e-05,3.0955973,3.1002175452305476,-0.004620245230547493
7.662e-05,3.1095032,3.1074896852428266,0.0020135147571731515
7.664e-05,3.1221732,3.114693857853553,0.007479342146447188
7.666e-05,3.1279978,3.121596336962575,0.00640146303742517
7.668e-05,3.1319644,3.1279766454478035,0.003987754552196687
7.67e-05,3.1365665,3.1336402992453833,0.0029262007546164703
7.672e-05,3.1430499,3.138428885053713,0.004621014946286639
7.674e-05,3.1451822,3.1422268577508543,0.0029553422491455095
7.676e-05,3.14421,3.1449649087925087,-0.0007549087925085018
7.678e-05,3.142003,3.1466201529048266,-0.004617152904826671
7.68e-05,3.1429245,3.1472136816751464,-0.0042891816751464695
7.682e-05,3.1488444,3.1468061839402526,0.002038216059747633
7.684e-05,3.1454259,3.1454922960524354,-6.639605243519142e-05
7.686e-05,3.1395247,3.1433941746805476,-0.0038694746805476576
7.688e-05,3.1423597,3.140654599217064,0.0017051007829360643
7.69e-05,3.1427117,3.137429782943195,0.005281917056804808
7.692e-05,3.1380877,3.133882004473046,0.004205695526953601
7.694e-05,3.129734,3.130172178975218,-0.00043817897521813975
7.696e-05,3.120143,3.1264526140277344,-0.006309614027734334
7.698e-05,3.117417,3.122860403146181,-0.0054434031461809695
7.7e-05,3.115948,3.119512052027484,-0.0035640520274839993
7.702e-05,3.1126195,3.1164998629994733,-0.0038803629994732525
7.704e-05,3.114911,3.1138903104646967,0.0010206895353035428
7.706e-05,3.11659,3.11172424296454,0.004865757035459772
7.708e-05,3.1157853,3.1100184012585563,0.005766898741443871
7.71e-05,3.1131199,3.108767571272426,0.004352328727573962
7.712e-05,3.109217,3.107946759887438,0.0012702401125621599
7.714e-05,3.105946,3.1075130621380995,-0.0015670621380996508
7.716e-05,3.1039315,3.1074072580240233,-0.0034757580240234454
7.718e-05,3.1044204,3.107555479867957,-0.0031350798679570246
7.72e-05,3.1030486,3.1078714175117077,-0.0048228175117075445
7.722e-05,3.1035556,3.1082594528441336,-0.00470385284413366
7.724e-05,3.1096823,3.1086188767301666,0.0010634232698332191
7.726e-05,3.1145723,3.1088490123235455,0.005723287676454358
7.728e-05,3.116357,3.108854751110532,0.007502248889467822
7.73e-05,3.1137896,3.1085518371783727,0.005237762821627356
7.732e-05,3.1049962,3.1078713211442195,-0.0028751211442195057
7.734e-05,3.0999483,3.1067629313786393,-0.0068146313786394686
7.736e-05,3.1011388,3.1051975011011357,-0.004058701101135487
7.738e-05,3.1010877,3.1031688134528927,-0.0020811134528928577
7.74e-05,3.1004188,3.1006951620163776,-0.00027636201637770696
7.742e-05,3.0991319,3.0978206422604266,0.0013112577395735237
7.744e-05,3.0959792,3.0946158689209966,0.001363331079003327
7.746e-05,3.0940768,3.091177597913956,0.002899202086043662
7.748e-05,3.0965419,3.0876266667440286,0.008915233255971433
7.75e-05,3.0921552,3.0841037527739017,0.008051447226098407
7.752e-05,3.0802935,3.0807626927917493,-0.00046919279174950645
7.754e-05,3.0746688,3.0777615150262907,-0.0030927150262907155
7.756e-05,3.0740331,3.0752518284144674,-0.0012187284144675736
7.758e-05,3.0715302,3.073367622521036,-0.001837422521035581
7.76e-05,3.0671597,3.0722147157109365,-0.005055015710936583
7.762e-05,3.0634145,3.071862044946537,-0.0084475449465371
7.764e-05,3.0652816,3.0723357856953433,-0.007054185695343218
7.766e-05,3.0752539,3.0736169524141843,0.0016369475858155624
7.768e-05,3.0771261,3.0756426659258245,0.0014834340741756158
7.77e-05,3.0765075,3.078310767975531,-0.0018032679755308756
7.772e-05,3.0839936,3.081487066051351,0.002506533948648748
7.774e-05,3.089612,3.0850142927472683,0.004597707252731453
7.776e-05,3.0896233,3.0887218371151097,0.0009014628848902362
7.778e-05,3.0939996,3.0924353908592215,0.001564209140778594
7.78e-05,3.099,3.0959858186655866,0.003014181334413557
7.782e-05,3.1002613,3.0992167776433046,0.0010445223566954986
7.784e-05,3.1033929,3.1019908324467274,0.0014020675532724347
7.786e-05,3.1052781,3.1041940175007703,0.0010840824992297549
7.788e-05,3.1046702,3.105738983269152,-0.0010687832691518295
7.79e-05,3.1015691,3.1065670190716914,-0.004997919071691559
7.792e-05,3.100337,3.1066493395769847,-0.006312339576984627
7.794e-05,3.0997273,3.1059880033946183,-0.006260703394618261
7.796e-05,3.1022336,3.1046166450490036,-0.0023830450490036625
7.798e-05,3.107856,3.1026008413753035,0.005255158624696499
7.8e-05,3.1109851,3.1000374954229972,0.010947604577002945
7.802e-05,3.1109974,3.0970522946733188,0.01394510532668125
7.804e-05,3.1041528,3.093794295439011,0.010358504560989079
7.806e-05,3.0923209,3.090427117714073,0.0018937822859266262
7.808e-05,3.0811109,3.0871170337222797,-0.00600613372227965
7.81e-05,3.0755089,3.084019139307356,-0.008510239307355949
7.812e-05,3.0711521,3.081263475227464,-0.01011137522746397
7.814e-05,3.066794,3.0789431746137774,-0.012149174613777625
7.816e-05,3.0705365,3.0771064097961554,-0.006569909796155571
7.818e-05,3.0761469,3.0757532223340265,0.00039367766597342424
7.82e-05,3.0773927,3.0748374545676374,0.0025552454323625184
7.822e-05,3.0786367,3.074273195845416,0.004363504154583975
7.824e-05,3.0767626,3.0739446155875383,0.002817984412461616
7.826e-05,3.0723938,3.0737178638997955,-0.0013240638997955578
7.828e-05,3.0730079,3.073453808314275,-0.00044590831427493427
7.83e-05,3.0761116,3.073020579219492,0.003091020780507936
7.832e-05,3.0748487,3.072305074895251,0.0025436251047490366
7.834e-05,3.0704655,3.0712226916339427,-0.000757191633942611
7.836e-05,3.071688,3.0697246439182866,0.0019633560817133855
7.838e-05,3.0735298,3.0678023678953648,0.005727432104635444
7.84e-05,3.069758,3.0654886572347593,0.0042693427652409355
7.842e-05,3.064112,3.0628553692831626,0.00125663071683757
7.844e-05,3.0590846,3.0600077928483644,-0.0009231928483646179
7.846e-05,3.0571685,3.057076077861732,9.242213826787804e-05
7.848e-05,3.0571176,3.0542044119845246,0.0029131880154755763
7.85e-05,3.0520755,3.051538818155668,0.0005366818443319765
7.852e-05,3.0464046,3.049214550554838,-0.0028099505548380144
7.854e-05,3.0432209,3.047344138290459,-0.004123238290458797
7.856e-05,3.0381613,3.0460071689364847,-0.007845868936484646
7.858e-05,3.0368348,3.0452428459013334,-0.008408045901333594
7.86e-05,3.0417357,3.0450461134683655,-0.0033104134683656916
7.862e-05,3.0460082,3.0453677044968197,0.0006404955031804604
7.864e-05,3.0496518,3.0461179088043124,0.0035338911956874774
7.866e-05,3.0520436,3.0471733455913443,0.00487025440865585
7.868e-05,3.0506902,3.0483857136020673,0.0023044863979326813
7.87e-05,3.0518241,3.0495914578947345,0.0022326421052656364
7.872e-05,3.0554455,3.050621480349197,0.004824019650802924
7.874e-05,3.0497125,3.0513103182076247,-0.0015978182076246128
7.876e-05,3.0445964,3.051504521935496,-0.006908121935496059
7.878e-05,3.0481997,3.0510702083753793,-0.002870508375379277
7.88e-05,3.0493033,3.0498998694201616,-0.0005965694201615079
7.882e-05,3.0491538,3.047918426678641,0.0012353733213590345
7.884e-05,3.0477511,3.0450882918487148,0.0026628081512853896
7.886e-05,3.0450953,3.0414129685581357,0.0036823314418641395
7.888e-05,3.043679,3.036938642745341,0.006740357254658935
7.89e-05,3.0360232,3.0317532982474895,0.004269901752510297
7.892e-05,3.0252441,3.0259831466610865,-0.0007390466610863733
7.894e-05,3.0175742,3.019786525942013,-0.002212325942013038
7.896e-05,3.0092741,3.013345801794545,-0.004071701794545302
7.898e-05,3.0040833,3.0068580685751236,-0.0027747685751235984
7.9e-05,2.9995083,3.0005255046965833,-0.0010172046965832848
7.902e-05,2.9930559,2.9945461050852926,-0.0014902050852927395
7.904e-05,2.9890888,2.989105281775056,-1.6481775055865455e-05
7.906e-05,2.9876069,2.984368593476921,0.003238306523078993
7.908e-05,2.9817547,2.980475700319535,0.001278999680465187
7.91e-05,2.9765184,2.97753557073596,-0.0010171707359600823
7.912e-05,2.9737673,2.9756229943248216,-0.0018556943248215774
7.914e-05,2.9716317,2.974776533030761,-0.003144833030761074
7.916e-05,2.9713584,2.974998090412822,-0.00363969041282175
7.918e-05,2.9723239,2.976254225091213,-0.003930325091213049
7.92e-05,2.9788915,2.9784791625135907,0.0004123374864093421
7.922e-05,2.9854515,2.9815792034548023,0.0038722965451976066
7.924e-05,2.9913796,2.985437965770609,0.005941634229391202
7.926e-05,2.9966756,2.989921738687827,0.006753861312172926
7.928e-05,2.9963533,2.9948842758612555,0.0014690241387445013
7.93e-05,2.9985149,3.000170624206231,-0.0016557242062309463
7.932e-05,3.001914,3.005619986123043,-0.003705986123042848
7.934e-05,3.0071738,3.011067975333899,-0.0038941753338992413
7.936e-05,3.0167869,3.0163488053891463,0.00043809461085375645
7.938e-05,3.0220276,3.021297908136991,0.0007296918630088634
7.94e-05,3.0247659,3.0257553004595343,-0.0009894004595345507
7.942e-05,3.0262484,3.029569829771356,-0.003321429771355966
7.944e-05,3.0283447,3.032604301808693,-0.004259601808692892
7.946e-05,3.0316782,3.0347413951271323,-0.0030631951271322677
7.948e-05,3.0368718,3.035890116330825,0.0009816836691749486
7.95e-05,3.0401859,3.035992320324247,0.0041935796757530674
7.952e-05,3.0397505,3.0350285777679167,0.00472192223208312
7.954e-05,3.0374355,3.0330225378465907,0.00441296215340925
7.956e-05,3.0338642,3.0300429964444135,0.003821203555586461
7.958e-05,3.0284133,3.026203135690912,0.0022101643090879364
7.96e-05,3.0223291,3.0216567717277334,0.000672328272266487
7.962e-05,3.0156116,3.016591833973515,-0.0009802339735149879
7.964e-05,3.0076378,3.0112216209270155,-0.0035838209270155907
7.966e-05,3.0027704,3.005774580603852,-0.0030041806038516583
7.968e-05,2.9991398,3.000483418047618,-0.001343618047617845
7.97e-05,2.9961227,2.995574241627429,0.0005484583725707814
7.972e-05,2.9930953,2.9912562756674728,0.0018390243325270283
7.974e-05,2.9888111,2.9877124788839424,0.0010986211160575188
7.976e-05,2.98327,2.9850912969740477,-0.0018212969740476481
7.978e-05,2.9814583,2.983499764442181,-0.002041464442180896
7.98e-05,2.9852456,2.982998206645716,0.002247393354283922
7.982e-05,2.9865293,2.9835968101703263,0.0029324898296736457
7.984e-05,2.9834394,2.9852543133367426,-0.0018149133367426629
7.986e-05,2.9828318,2.987879064492358,-0.005047264492358039
7.988e-05,2.9847074,2.9913327230755433,-0.00662532307554331
7.99e-05,2.9884429,2.9954368616263656,-0.0069939616263656745
7.992e-05,2.9959082,2.9999825502073727,-0.004074350207372568
7.994e-05,3.0058569,3.004742626424386,0.0011142735756139999
7.996e-05,3.0164189,3.0094858547068357,0.006933045293164408
7.998e-05,3.0219849,3.0139917242852534,0.00799317571474667
8e-05,3.0219318,3.01806440552943,0.0038673944705700514
8.002e-05,3.0237386,3.021544479806239,0.0021941201937609733
8.004e-05,3.0255359,3.024317432529454,0.001218467470545992
8.006e-05,3.0279468,3.026318385672059,0.0016284143279410301
8.008e-05,3.0309712,3.0275329779550235,0.00343822204497668
8.01e-05,3.0302464,3.0279946154084607,0.0022517845915390744
8.012e-05,3.0270192,3.0277785494537257,-0.0007593494537259105
8.014e-05,3.0231593,3.0269934488531955,-0.0038341488531954404
8.016e-05,3.0242765,3.0257713140660005,-0.0014948140660004938
8.018e-05,3.0241381,3.024256679864477,-0.00011857986447694202
8.02e-05,3.0214971,3.0225960223051134,-0.0010989223051134367
8.022e-05,3.0194696,3.0209281610065317,-0.0014585610065318555
8.024e-05,3.0155627,3.019376300353188,-0.003813600353188118
8.026e-05,3.0122695,3.018042217869244,-0.005772717869243937
8.028e-05,3.0139529,3.0170029517657135,-0.0030500517657134907
8.03e-05,3.0150037,3.016310108533444,-0.0013064085334439923
8.032e-05,3.016045,3.01599159428806,5.340571193990229e-05
8.034e-05,3.01957,3.0160552287157274,0.0035147712842724665
8.036e-05,3.0212159,3.0164934251872633,0.004722474812736799
8.038e-05,3.021606,3.0172879969150155,0.004318003084984312
8.04e-05,3.0207405,3.0184142128270155,0.0023262871729845536
8.042e-05,3.0236056,3.019843460478438,0.0037621395215619025
8.044e-05,3.0245917,3.021544212095626,0.0030474879043742575
8.046e-05,3.0243221,3.0234813561861036,0.0008407438138964274
8.048e-05,3.02342,3.025614299925632,-0.002194299925631693
8.05e-05,3.0225089,3.02789453546056,-0.005385635460560145
8.052e-05,3.0240822,3.0302635473192234,-0.006181347319223374
8.054e-05,3.027517,3.0326519498143116,-0.005134949814311618
8.056e-05,3.0309433,3.0349805419275118,-0.004037241927511648
8.058e-05,3.0349845,3.0371635820123792,-0.002179082012379041
8.06e-05,3.0396409,3.039114108074759,0.0005267919252411879
8.062e-05,3.0442893,3.0407506730106393,0.0035386269893606936
8.064e-05,3.0464369,3.042004522406366,0.004432377593633685
8.066e-05,3.0454605,3.0428260799221607,0.0026344200778392057
8.068e-05,3.0494622,3.043189646528007,0.006272553471992737
8.07e-05,3.0515862,3.0430954413879205,0.008490758612079485
8.072e-05,3.048093,3.042568467927148,0.005524532072852306
8.074e-05,3.0427222,3.041654151153226,0.00106804884677425
8.076e-05,3.0367205,3.0404112366383886,-0.003690736638388703
8.078e-05,3.0325811,3.038902980853257,-0.006321880853257245
8.08e-05,3.0309271,3.037188043883412,-0.006260943883412029
8.082e-05,3.0292656,3.035312588567993,-0.006046988567992795
8.084e-05,3.0269739,3.0333048708341606,-0.006330970834160343
8.086e-05,3.0277917,3.0311731543271514,-0.003381454327151534
8.088e-05,3.0292263,3.0289072184483357,0.00031908155166426866
8.09e-05,3.0256683,3.026483163874741,-0.0008148638747411674
8.092e-05,3.0233502,3.0238707448882054,-0.0005205448882055208
8.094e-05,3.0247652,3.0210421321879517,0.003723067812048342
8.096e-05,3.0243039,3.017980842338679,0.00632305766132113
8.098e-05,3.0194733,3.0146895462128076,0.004783753787192424
8.1e-05,3.0152603,3.0111955960428776,0.00406470395712244
8.102e-05,3.0122882,3.007553401014162,0.004734798985837951
8.104e-05,3.0074406,3.003843198521643,0.003597401478356854
8.106e-05,3.0025874,3.000166235349863,0.0024211646501370865
8.108e-05,2.9971059,2.9966368262389156,0.0004690737610846263
8.11e-05,2.9897497,2.9933721599133443,-0.0036224599133443114
8.112e-05,2.9848821,2.9904810353011366,-0.005598935301136532
8.114e-05,2.9831265,2.988052875381411,-0.004926375381411052
8.116e-05,2.982612,2.9861483298710865,-0.00353632987108643
8.118e-05,2.9827153,2.9847925372517965,-0.0020772372517963156
8.12e-05,2.9815665,2.9839717394044927,-0.002405239404492665
8.122e-05,2.9797891,2.983633533076143,-0.0038444330761429057
8.124e-05,2.9798763,2.983690675329436,-0.0038143753294361815
8.126e-05,2.9830749,2.9840280418975142,-0.0009531418975141648
8.128e-05,2.987515,2.9845120382112262,0.0030029617887739057
8.13e-05,2.9900803,2.9850014831391634,0.005078816860836444
8.132e-05,2.9889012,2.9853587894919804,0.003542410508019511
8.134e-05,2.9877175,2.9854602382878803,0.002257261712119707
8.136e-05,2.9896457,2.9852043112737245,0.00444138872627553
8.138e-05,2.9903232,2.984517349357835,0.005805850642165211
8.14e-05,2.98601,2.9833561629518783,0.002653837048121499
8.142e-05,2.9791993,2.9817075970827362,-0.002508297082736366
8.144e-05,2.9748772,2.979585432234534,-0.004708232234534204
8.146e-05,2.9749137,2.9770253148646746,-0.0021116148646744826
8.148e-05,2.9743234,2.974078557232686,0.0002448427673136244
8.15e-05,2.9731065,2.970805588704485,0.002300911295515018
8.152e-05,2.9687701,2.967269667905068,0.0015004320949318917
8.154e-05,2.9619376,2.963531320106152,-0.0015937201061517747
8.156e-05,2.9557254,2.9596439261556333,-0.003918526155633373
8.158e-05,2.9482639,2.955650919407686,-0.007387019407685713
8.16e-05,2.9464093,2.9515850296472363,-0.005175729647236338
8.162e-05,2.9445524,2.947469841191727,-0.002917441191726766
8.164e-05,2.9408232,2.943323580972585,-0.0025003809725849813
8.166e-05,2.9420779,2.939164594828477,0.002913305171523106
8.168e-05,2.9408373,2.9350175341609313,0.005819765839068847
8.17e-05,2.9377249,2.9309189824853115,0.00680591751468862
8.172e-05,2.9371038,2.926921189787859,0.010182610212141174
8.174e-05,2.9327415,2.9230927968422993,0.009648703157700833
8.176e-05,2.9221452,2.919515913999183,0.0026292860008170216
8.178e-05,2.9127942,2.9162795996579716,-0.0034853996579715663
8.18e-05,2.9096745,2.913470520177176,-0.0037960201771758406
8.182e-05,2.9059302,2.9111621668742003,-0.005231966874200467
8.184e-05,2.9028083,2.9094042908244035,-0.0065959908244037635
8.186e-05,2.900932,2.90821415382599,-0.0072821538259897345
8.188e-05,2.9015479,2.907570860513204,-0.006022960513203834
8.19e-05,2.9065258,2.907413534438784,-0.0008877344387840935
8.192e-05,2.9102565,2.907643519935021,0.002612980064979009
8.194e-05,2.9108701,2.9081302379589746,0.002739862041025276
8.196e-05,2.9096139,2.9087199227831046,0.0008939772168954363
8.198e-05,2.9089813,2.9092462955572116,-0.00026499555721137824
8.2e-05,2.9083488,2.909542260408348,-0.0011934604083476685
8.202e-05,2.9077169,2.909451823252061,-0.001734923252060927
8.204e-05,2.9083322,2.9088415179972547,-0.0005093179972548434
8.206e-05,2.9095716,2.9076106290721486,0.001960970927851413
8.208e-05,2.9120589,2.9056994444756965,0.006359455524303392
8.21e-05,2.9114312,2.9030947338755624,0.008336466124437614
8.212e-05,2.905195,2.899831722498008,0.005363277501992059
8.214e-05,2.8977132,2.895992102633385,0.0017210973666150764
8.216e-05,2.8908555,2.8916980821968243,-0.0008425821968245373
8.218e-05,2.8864919,2.887102996454777,-0.0006110964547767495
8.22e-05,2.8802601,2.8823794451461477,-0.0021193451461476442
8.222e-05,2.87403,2.8777061636016636,-0.0036761636016637844
8.224e-05,2.8709182,2.8732548900503043,-0.0023366900503041244
8.226e-05,2.8678085,2.869178399346497,-0.0013698993464967835
8.228e-05,2.8609609,2.8656006856744556,-0.004639785674455776
8.23e-05,2.8566081,2.8626100350343684,-0.006001935034368522
8.232e-05,2.8566204,2.8602554539690153,-0.0036350539690150896
8.234e-05,2.8566351,2.858546601762202,-0.0019115017622017838
8.236e-05,2.8585216,2.8574569969093577,0.0010646030906422688
8.238e-05,2.8591637,2.8569298777944208,0.0022338222055791057
8.24e-05,2.8616775,2.856885785318986,0.004791714681013914
8.242e-05,2.8623234,2.8572307854135244,0.005092614586475808
8.244e-05,2.8611033,2.8578642954091897,0.0032390045908101683
8.246e-05,2.8636269,2.8586857036399853,0.004941196360014555
8.248e-05,2.8599222,2.8595993229513015,0.0003228770486987109
8.25e-05,2.853729,2.860517618558762,-0.006788618558762227
8.252e-05,2.8556428,2.8613630034377113,-0.005720203437711291
8.254e-05,2.8625476,2.8620686897116303,0.00047891028836977156
8.256e-05,2.8675878,2.862579046509106,0.0050087534908938025
8.258e-05,2.8645311,2.8628496957944205,0.0016814042055797174
8.26e-05,2.8602331,2.8628473595311457,-0.0026142595311458017
8.262e-05,2.8609266,2.8625494064618526,-0.0016228064618526439
8.264e-05,2.8634953,2.8619431152202166,0.00155218477978325
8.266e-05,2.8635765,2.8610247426358266,0.002551757364173568
8.268e-05,2.8611708,2.85979849555139,0.0013723044486098068
8.27e-05,2.8562782,2.8582755024864293,-0.0019973024864290423
8.272e-05,2.8507689,2.8564729300622034,-0.005704030062203547
8.274e-05,2.8502523,2.854413457217462,-0.004161157217462019
8.276e-05,2.8503655,2.85212530448894,-0.0017598044889397535
8.278e-05,2.8511085,2.849642845637999,0.0014656543620010787
8.28e-05,2.8499886,2.8470075444416163,0.002981055558383794
8.282e-05,2.8488757,2.8442686893289633,0.004607010671036527
8.284e-05,2.8502627,2.841483272081447,0.008779427918553129
8.286e-05,2.8441777,2.8387144405844387,0.00546325941556125
8.288e-05,2.8349835,2.836028252210683,-0.0010447522106833418
8.29e-05,2.8314058,2.833488908397583,-0.0020831083975827447
8.292e-05,2.8272127,2.8311531349264407,-0.003940434926440695
8.294e-05,2.8217811,2.8290647180231816,-0.0072836180231816705
8.296e-05,2.8207204,2.827250296168718,-0.006529896168717908
8.298e-05,2.8209144,2.825717326074583,-0.004802926074582992
8.3e-05,2.8204937,2.8244547443418884,-0.003961044341888265
8.302e-05,2.8225746,2.8234363218352487,-0.0008617218352489076
8.304e-05,2.828404,2.822626163690698,0.005777836309301954
8.306e-05,2.8292563,2.821985359647064,0.007270940352936073
8.308e-05,2.8294938,2.821478547202767,0.008015252797232808
8.31e-05,2.8260003,2.8210791976381975,0.004921102361802543
8.312e-05,2.8181526,2.8207727789441885,-0.0026201789441886447
8.314e-05,2.8165462,2.820557477799786,-0.0040112777997860505
8.316e-05,2.8193117,2.8204426728598486,-0.0011309728598485336
8.318e-05,2.8220862,2.820445658843433,0.001640541156567199
8.32e-05,2.8236232,2.82058717651421,0.003036023485790018
8.322e-05,2.8226763,2.820886220619173,0.001790079380826981
8.324e-05,2.8204922,2.8213545426316986,-0.0008623426316987093
8.326e-05,2.8195639,2.8219913181940584,-0.0024274181940584505
8.328e-05,2.8167754,2.822778563477265,-0.006003163477264817
8.33e-05,2.8208524,2.8236779484682,-0.0028255484681998233
8.332e-05,2.8236924,2.8246295796825955,-0.0009371796825954348
8.334e-05,2.8228024,2.8255530999906413,-0.002750699990641259
8.336e-05,2.8269081,2.8263511487675146,0.0005569512324852255
8.338e-05,2.8279072,2.8269149360639485,0.0009922639360513408
8.34e-05,2.8258,2.827131469049077,-0.0013314690490768832
8.342e-05,2.8268195,2.826891839741511,-7.233974151077405e-05
8.344e-05,2.8278493,2.8260999234677358,0.0017493765322642574
8.346e-05,2.82515,2.8246808181546137,0.00046918184538613517
8.348e-05,2.8224612,2.822588355977934,-0.00012715597793411249
8.35e-05,2.822276,2.8198110436044517,0.0024649563955483345
8.352e-05,2.8214783,2.816375841578916,0.0051024584210837
8.354e-05,2.8175751,2.812349283326887,0.0052258166731129485
8.356e-05,2.8105663,2.8078355886420363,0.0027307113579637665
8.358e-05,2.8029451,2.802971682490323,-2.6582490322724084e-05
8.36e-05,2.7972046,2.7979193726381264,-0.0007147726381262487
8.362e-05,2.7902284,2.792855281698333,-0.002626881698332806
8.364e-05,2.7876262,2.787959368140005,-0.0003331681400049469
8.366e-05,2.7850352,2.7834029603254677,0.0016322396745320766
8.368e-05,2.7787158,2.7793371990663767,-0.0006213990663765934
8.37e-05,2.775524,2.77588271454645,-0.00035871454645031164
8.372e-05,2.7698503,2.773121315915358,-0.0032710159153581664
8.374e-05,2.7616949,2.77109044647273,-0.009395546472729777
8.376e-05,2.7604067,2.769781086331411,-0.009374386331411078
8.378e-05,2.7659859,2.7691395690627005,-0.003153669062700537
8.38e-05,2.7709531,2.7690733567977572,0.0018797432022426008
8.382e-05,2.7715689,2.7694602439063662,0.002108656093633865
8.384e-05,2.772196,2.7701599118962665,0.0020360881037335687
8.386e-05,2.7753275,2.7710264214033726,0.004301078596627317
8.388e-05,2.7797173,2.771920160360772,0.007797139639228234
8.39e-05,2.7803791,2.7727179197644722,0.007661180235527976
8.392e-05,2.777313,2.7733200864861414,0.003992913513858554
8.394e-05,2.7742586,2.7736544057988137,0.0006041942011862922
8.396e-05,2.771216,2.773676322913592,-0.0024603229135919946
8.398e-05,2.7700549,2.773366439224827,-0.003311539224827076
8.4e-05,2.7689059,2.77272597454483,-0.003820074544830021
8.402e-05,2.7702618,2.7717712392790923,-0.001509439279092195
8.404e-05,2.7716294,2.7705280171825426,0.0011013828174575302
8.406e-05,2.7680225,2.7690265370024982,-0.0010040370024984036
8.408e-05,2.7650505,2.767297482865644,-0.002246982865643954
8.41e-05,2.7633365,2.7653693278035347,-0.0020328278035348646
8.412e-05,2.7603878,2.763267163284338,-0.002879363284337799
8.414e-05,2.7574508,2.76101308115796,-0.00356228115796009
8.416e-05,2.755772,2.7586279963627405,-0.002855996362740587
8.418e-05,2.7590912,2.7561345730906277,0.002956626909372151
8.42e-05,2.7624219,2.7535606667609933,0.008861233239006783
8.422e-05,2.7589082,2.7509425021711413,0.007965697828858698
8.424e-05,2.7485501,2.7483267999131917,0.00022330008680837565
8.426e-05,2.7406968,2.7457713158758863,-0.005074515875886476
8.428e-05,2.7409573,2.7433436878636477,-0.0023863878636478653
8.43e-05,2.7424758,2.741118864672962,0.0013569353270379558
8.432e-05,2.738396,2.739175547291411,-0.0007795472914113866
8.434e-05,2.7361972,2.7375920128404125,-0.0013948128404126514
8.436e-05,2.7396195,2.7364415627059233,0.0031779372940765604
8.438e-05,2.7374442,2.7357877465603972,0.0016564534396028563
8.44e-05,2.7359038,2.7356794896555123,0.00022431034448766596
8.442e-05,2.7374916,2.736146290374351,0.0013453096256488273
8.444e-05,2.736598,2.7371937501506753,-0.0005957501506754781
8.446e-05,2.7382092,2.738799814627025,-0.0005906146270251433
8.448e-05,2.7373391,2.7409121983272184,-0.003573098327218638
8.45e-05,2.7364809,2.74344750142921,-0.0069666014292097955
8.452e-05,2.7412436,2.746292472750764,-0.005048872750764044
8.454e-05,2.7491339,2.7493076872121143,-0.00017378721211436243
8.456e-05,2.7557891,2.7523335819820027,0.00345551801799715
8.458e-05,2.7574694,2.755198413210247,0.0022709867897532376
8.46e-05,2.7579145,2.7577274008044936,0.00018709919550641274
8.462e-05,2.7621104,2.759752226464169,0.0023581735358311207
8.464e-05,2.7644476,2.7611201238758265,0.0033274761241735007
8.466e-05,2.7605632,2.7617019592636964,-0.0011387592636964428
8.468e-05,2.7616761,2.761398877496019,0.0002772225039806564
8.47e-05,2.7609304,2.7601472568782057,0.000783143121794172
8.472e-05,2.7564563,2.7579218506566807,-0.0014655506566807475
8.474e-05,2.7563562,2.754737073950842,0.0016191260491580373
8.476e-05,2.7550205,2.750646429680761,0.004374070319239198
8.478e-05,2.748086,2.7457400940025445,0.002345905997455322
8.48e-05,2.740539,2.7401407512848825,0.0003982487151175107
8.482e-05,2.731756,2.733997913539503,-0.002241913539503315
8.484e-05,2.7229838,2.7274811502714043,-0.004497350271404077
8.486e-05,2.7173388,2.720772798730146,-0.0034339987301463815
8.488e-05,2.7129509,2.71406072975285,-0.0011098297528500112
8.49e-05,2.7091968,2.707531590917219,0.001665209082780894
8.492e-05,2.7048301,2.701364706106204,0.003465393893796076
8.494e-05,2.6979809,2.695726598715455,0.0022543012845450683
8.496e-05,2.6886494,2.6907660236610504,-0.0021166236610503653
8.498e-05,2.684938,2.6866094561590432,-0.0016714561590434052
8.5e-05,2.6837293,2.683357114647055,0.0003721853529450314
8.502e-05,2.6837765,2.6810796849206735,0.002696815079326509
8.504e-05,2.68134,2.679815923343908,0.0015240766560919994
8.506e-05,2.675173,2.679571301597673,-0.004398301597673182
8.508e-05,2.6752477,2.680317874487981,-0.005070174487981305
8.51e-05,2.6796943,2.681995579055187,-0.0023012790551870665
8.512e-05,2.6853962,2.6845151125739855,0.0008810874260145596
8.514e-05,2.6911065,2.687762345490952,0.003344154509048014
8.516e-05,2.6924626,2.6916039825221914,0.0008586174778084654
8.518e-05,2.6932039,2.6958940243058063,-0.002690124305806396
8.52e-05,2.7001863,2.7004805608873492,-0.0002942608873492958
8.522e-05,2.7090467,2.70521248703415,0.003834212965850181
8.524e-05,2.7135522,2.7099457784630445,0.003606421536955562
8.526e-05,2.7168189,2.7145489998090575,0.002269900190942309
8.528e-05,2.7182234,2.718907799749506,-0.0006843997495060705
8.53e-05,2.7196352,2.7229283243475413,-0.003293124347541365
8.532e-05,2.7235478,2.726539684365186,-0.0029918843651861593
8.534e-05,2.7268445,2.729695733412385,-0.0028512334123851346
8.536e-05,2.7345114,2.7323763827926792,0.0021350172073208995
8.538e-05,2.7384459,2.7345885208825487,0.0038573791174512095
8.54e-05,2.7355315,2.736366422280267,-0.0008349222802670475
8.542e-05,2.7382334,2.7377714364460184,0.000461963553981537
8.544e-05,2.7403189,2.7388907759441,0.001428124055899982
8.546e-05,2.7399181,2.7398353274391423,8.277256085786888e-05
8.548e-05,2.7376538,2.740736509573203,-0.003082709573202891
8.55e-05,2.7372655,2.741742265596022,-0.004476765596022059
8.552e-05,2.7437392,2.7430122860208708,0.0007269139791290513
8.554e-05,2.7471024,2.7447124797955667,0.0023899202044335155
8.556e-05,2.7517179,2.7470085640467365,0.004709335953263505
8.558e-05,2.756339,2.7500585156466113,0.006280484353388793
8.56e-05,2.7584724,2.7540036422539567,0.004468757746043384
8.562e-05,2.7612342,2.758958242610725,0.0022759573892749962
8.564e-05,2.765871,2.7649981984602343,0.0008728015397658773
8.566e-05,2.7711361,2.7721492727151573,-0.0010131727151572179
8.568e-05,2.7745363,2.7803762663610256,-0.005839966361025795
8.57e-05,2.7847973,2.7895744220043475,-0.004777122004347323
8.572e-05,2.7938162,2.799564503319753,-0.0057483033197529565
8.574e-05,2.7997232,2.81009280800583,-0.010369608005829978
8.576e-05,2.811867,2.8208370000828986,-0.008970000082898721
8.578e-05,2.8271311,2.831418105295979,-0.0042870052959789184
8.58e-05,2.8405294,2.8414183371313944,-0.0008889371313944849
8.582e-05,2.852685,2.8504036857904755,0.0022813142095245986
8.584e-05,2.862351,2.8579495467128178,0.004401453287182111
8.586e-05,2.8695274,2.8636672342481604,0.005860165751839563
8.588e-05,2.8729676,2.8672290920090324,0.005738507990967534
8.59e-05,2.874541,2.868390058104815,0.006150941895184836
8.592e-05,2.8742478,2.8670039050091813,0.007243894990818678
8.594e-05,2.8695946,2.8630328756562826,0.00656172434371749
8.596e-05,2.8599577,2.8565500209332333,0.0034076790667665335
8.598e-05,2.8472067,2.847734165313154,-0.0005274653131537299
8.6e-05,2.8381973,2.8368580306769737,0.0013392693230263042
8.602e-05,2.8279431,2.824270555028707,0.0036725449712933234
8.604e-05,2.8133278,2.810374800822342,0.002952999177658011
8.606e-05,2.7924814,2.7956030852491,-0.003121685249100281
8.608e-05,2.7741294,2.7803911535199526,-0.0062617535199525065
8.61e-05,2.7595182,2.7651533640317028,-0.005635164031702722
8.612e-05,2.740545,2.750260871776361,-0.009715871776360796
8.614e-05,2.7259354,2.7360245839402997,-0.010089183940299673
8.616e-05,2.7181824,2.72268419729971,-0.00450179729971012
8.618e-05,2.7085599,2.7104039658201655,-0.001844065820165497
8.62e-05,2.6983143,2.699275094543632,-0.0009607945436322929
8.622e-05,2.6880685,2.689323953330993,-0.0012554533309931948
8.624e-05,2.681562,2.680524772319296,0.0010372276807038006
8.626e-05,2.6787944,2.67281515554627,0.005979244453730104
8.628e-05,2.6735334,2.6661126014805303,0.007420798519469862
8.63e-05,2.6670254,2.6603302398441735,0.006695160155826496
8.632e-05,2.6598933,2.655390214621002,0.004503085378997795
8.634e-05,2.6558767,2.651233569104173,0.004643130895826797
8.636e-05,2.6518591,2.6478260489953285,0.004033051004671329
8.638e-05,2.6416074,2.645159821527372,-0.0035524215273721182
8.64e-05,2.6357173,2.643251616967914,-0.0075343169679138455
8.642e-05,2.6360584,2.6421381513166065,-0.00607975131660643
8.644e-05,2.6401372,2.641869795586397,-0.0017325955863971565
8.646e-05,2.6479535,2.6425032785967426,0.005450221403257238
8.648e-05,2.6507815,2.6440938496631183,0.006687650336881568
8.65e-05,2.6511139,2.6466870121275345,0.004426887872465368
8.652e-05,2.6501972,2.6503098716209497,-0.00011267162094963368
8.654e-05,2.6523941,2.654962358937948,-0.002568258937948098
8.656e-05,2.6589509,2.6606089403271094,-0.001658040327109589
8.658e-05,2.6636348,2.667171713929265,-0.0035369139292651397
8.66e-05,2.6695619,2.674525888368464,-0.004963988368464012
8.662e-05,2.6779786,2.682498544736936,-0.004519944736935955
8.664e-05,2.6857683,2.69087134590614,-0.005103045906140302
8.666e-05,2.6948008,2.6993875170180934,-0.004586717018093545
8.668e-05,2.7038292,2.7077630054994852,-0.003933805499485299
8.67e-05,2.7153463,2.715701271449115,-0.0003549714491146716
8.672e-05,2.7281055,2.7229107062505804,0.005194793749419446
8.674e-05,2.734004,2.729123296923103,0.0048807030768971416
8.676e-05,2.7367814,2.734112936340068,0.0026684636599321188
8.678e-05,2.7370609,2.737711791068187,-0.0006508910681870539
8.68e-05,2.7404516,2.7398233505500196,0.0006282494499805225
8.682e-05,2.7475766,2.7404310704128365,0.007145529587163413
8.684e-05,2.7509566,2.7396017794769794,0.011354820523020503
8.686e-05,2.7468517,2.7374832644502076,0.009368435549792498
8.688e-05,2.7390016,2.7342958122909433,0.004705787709056608
8.69e-05,2.7286525,2.730318075335559,-0.0016655753355592218
8.692e-05,2.7189203,2.7258683553729868,-0.006948055372986595
8.694e-05,2.7147909,2.721283056622351,-0.006492156622350809
8.696e-05,2.7119013,2.7168944080400057,-0.004993108040005634
8.698e-05,2.7090048,2.7130095127774343,-0.004004712777434083
8.7e-05,2.7048546,2.7098924254094516,-0.005037825409451635
8.702e-05,2.7038135,2.7077504510034007,-0.003936951003400857
8.704e-05,2.7065044,2.706725340034354,-0.00022094003435402243
8.706e-05,2.7048248,2.706889579862797,-0.0020647798627972946
8.708e-05,2.7037605,2.7082475782737614,-0.00448707827376138
8.71e-05,2.708921,2.7107412081985482,-0.0018202081985481122
8.712e-05,2.7165664,2.7142589183893517,0.00230748161064831
8.714e-05,2.7223336,2.718647380562485,0.0036862194375149038
8.716e-05,2.727469,2.7237244548175865,0.0037445451824136278
8.718e-05,2.7350888,2.7292921862262234,0.005796613773776826
8.72e-05,2.7402065,2.735148656333274,0.005057843666726125
8.722e-05,2.7453151,2.74109779646041,0.004217303539590045
8.724e-05,2.749168,2.7469566721551897,0.0022113278448103735
8.726e-05,2.7480253,2.7525602034515853,-0.004534903451585137
8.728e-05,2.751236,2.757763709563503,-0.006527709563502793
8.73e-05,2.759423,2.762443950177101,-0.003020950177101245
8.732e-05,2.7657304,2.7664993834369316,-0.0007689834369317694
8.734e-05,2.7707812,2.769850168807553,0.0009310311924468628
8.736e-05,2.7720823,2.7724381286466313,-0.0003558286466311955
8.738e-05,2.7739964,2.7742266042675445,-0.00023020426754438716
8.74e-05,2.7790162,2.7751999855718594,0.0038162144281406185
8.742e-05,2.7790391,2.7753626492171195,0.0036764507828803694
8.744e-05,2.7784278,2.7747370807046936,0.0036907192953061774
8.746e-05,2.7759357,2.773361086297233,0.0025746137027669036
8.748e-05,2.76533,2.7712842283080588,-0.0059542283080586955
8.75e-05,2.7603222,2.768563888802387,-0.00824168880238707
8.752e-05,2.7634054,2.765261556261595,-0.0018561562615952987
8.754e-05,2.7627372,2.761439906946865,0.0012972930531351956
8.756e-05,2.7583177,2.7571610000391287,0.0011566999608714212
8.758e-05,2.7545096,2.7524855645113986,0.0020240354886014167
8.76e-05,2.7500663,2.747473114097187,0.002593185902812767
8.762e-05,2.7418713,2.7421825684750605,-0.0003112684750603556
8.764e-05,2.733664,2.7366731420347317,-0.003009142034731571
8.766e-05,2.7266908,2.731005391402793,-0.004314591402792889
8.768e-05,2.7215748,2.725242390486426,-0.0036675904864260644
8.77e-05,2.7245486,2.719450953120475,0.005097646879524742
8.772e-05,2.72377,2.71370265249806,0.010067347501939938
8.774e-05,2.7117597,2.7080742143401655,0.0036854856598345087
8.776e-05,2.7022294,2.7026468662716145,-0.0004174662716147637
8.778e-05,2.6945558,2.6975044899796585,-0.002948689979658692
8.78e-05,2.6862456,2.692730824512635,-0.006485224512635224
8.782e-05,2.6829082,2.688406273014733,-0.005498073014733151
8.784e-05,2.6826738,2.684604906193321,-0.0019311061933211526
8.786e-05,2.6855421,2.6813920303407297,0.00415006965927045
8.788e-05,2.6852803,2.6788223259685173,0.006457974031482738
8.79e-05,2.6800183,2.6769382591980486,0.0030800408019513448
8.792e-05,2.676612,2.6757683849094054,0.0008436150905946072
8.794e-05,2.6763077,2.6753253306179094,0.0009823693820907309
8.796e-05,2.6728728,2.675603559387632,-0.002730759387632009
8.798e-05,2.6712933,2.6765772952632703,-0.005283995263270391
8.8e-05,2.6746853,2.678199143755358,-0.003513843755357904
8.802e-05,2.6793093,2.680399911396533,-0.0010906113965329922
8.804e-05,2.6832952,2.683089936628546,0.00020526337145376772
8.806e-05,2.6847731,2.6861619621162127,-0.0013888621162125858
8.808e-05,2.6899756,2.6894953110482227,0.000480288951777208
8.81e-05,2.6964097,2.6929609470164246,0.003448752983575165
8.812e-05,2.7015819,2.696426909279192,0.005154990720807717
8.814e-05,2.7005062,2.699763621465924,0.0007425785340759994
8.816e-05,2.6994149,2.7028486863554497,-0.003433786355449886
8.818e-05,2.7045407,2.7055709816969786,-0.0010302816969787187
8.82e-05,2.7065347,2.707834067042258,-0.0012993670422578596
8.822e-05,2.7085133,2.7095589935693276,-0.0010456935693277103
8.824e-05,2.7123461,2.7106865585244484,0.0016595414755515847
8.826e-05,2.7136702,2.7111789329654252,0.0024912670345749177
8.828e-05,2.7137322,2.711020503120463,0.0027116968795368734
8.83e-05,2.710662,2.7102177590590335,0.0004442409409666226
8.832e-05,2.7069529,2.708798154144605,-0.001845254144604791
8.834e-05,2.7057211,2.706808007265811,-0.0010869072658112877
8.836e-05,2.7057198,2.70430965133879,0.00141014866120992
8.838e-05,2.7019627,2.7013780882163956,0.0005846117836045828
8.84e-05,2.6956965,2.6980973998914926,-0.002400899891492614
8.842e-05,2.691907,2.69455713843285,-0.002650138432850113
8.844e-05,2.687478,2.6908488907116173,-0.003370890711617225
8.846e-05,2.6867723,2.6870631503097937,-0.0002908503097938109
8.848e-05,2.6885432,2.6832864918879875,0.005256708112012287
8.85e-05,2.6878046,2.679598869027593,0.008205730972407288
8.852e-05,2.6814401,2.6760707600986517,0.005369339901348358
8.854e-05,2.6731895,2.672759991869394,0.00042950813060604887
8.856e-05,2.6636759,2.6697084035977934,-0.006032503597793504
8.858e-05,2.6560157,2.6669389438288778,-0.010923243828877549
8.86e-05,2.6564414,2.6644540838218376,-0.00801268382183773
8.862e-05,2.6593436,2.6622363886067104,-0.0028927886067102726
8.864e-05,2.6597359,2.660251676135082,-0.0005157761350820245
8.866e-05,2.6601115,2.65845457269264,0.0016569273073603341
8.868e-05,2.6610938,2.6567956820695984,0.004298117930401801
8.87e-05,2.6608131,2.6552292108073816,0.005583889192618319
8.872e-05,2.6598924,2.6537197920883395,0.0061726079116604105
8.874e-05,2.6570852,2.652247402243964,0.0048377977560361
8.876e-05,2.653015,2.6508096101622134,0.002205389837786509
8.878e-05,2.650798,2.649420863630062,0.0013771363699381922
8.88e-05,2.6491879,2.6481090008147095,0.0010788991852903607
8.882e-05,2.6456916,2.646909589377876,-0.00121798937787565
8.884e-05,2.6440481,2.6458589898975573,-0.0018108898975572885
8.886e-05,2.6411409,2.6449872059225545,-0.003846305922554638
8.888e-05,2.6351003,2.6443116227337917,-0.009211322733791771
8.89e-05,2.6358985,2.643832636090917,-0.007934136090916866
8.892e-05,2.6416657,2.643531898925317,-0.0018661989253172528
8.894e-05,2.6436762,2.643373459579644,0.00030274042035571824
8.896e-05,2.6469161,2.643307506791835,0.0036085932081650895
8.898e-05,2.6495156,2.6432759394192447,0.006239660580755313
8.9e-05,2.6471117,2.643218704214137,0.003892995785863107
8.902e-05,2.6434442,2.643079854977512,0.00036434502248772205
8.904e-05,2.6434992,2.642812526651748,0.0006866733482517873
8.906e-05,2.6441604,2.642382358457105,0.0017780415428951812
8.908e-05,2.6429345,2.641769208485194,0.0011652915148059328
8.91e-05,2.6404448,2.6409672177603,-0.0005224177602998203
8.912e-05,2.6398077,2.6399834238831286,-0.00017572388312858678
8.914e-05,2.6397765,2.6388352275964864,0.0009412724035136044
8.916e-05,2.6359887,2.6375470864858794,-0.0015583864858794705
8.918e-05,2.6346772,2.6361468444441276,-0.0014696444441275602
8.92e-05,2.6339721,2.6346621065635953,-0.0006900065635955244
8.922e-05,2.6320037,2.6331170364366456,-0.0011133364366457954
8.924e-05,2.631265,2.6315298835037626,-0.00026488350376263625
8.926e-05,2.6292631,2.629911453721493,-0.0006483537214929669
8.928e-05,2.6266212,2.6282646404052565,-0.0016434404052563245
8.93e-05,2.6233394,2.6265850455234756,-0.0032456455234757264
8.932e-05,2.620041,2.624862631970868,-0.0048216319708678235
8.934e-05,2.6235819,2.6230842208777894,0.0004976791222106591
8.936e-05,2.628976,2.6212364605428196,0.007739539457180644
8.938e-05,2.6287442,2.6193086855392913,0.00943551446070856
8.94e-05,2.6235099,2.6172949877383256,0.006214912261674588
8.942e-05,2.6132731,2.6151949815937896,-0.0019218815937898093
8.944e-05,2.6086295,2.613013177549275,-0.0043836775492747115
8.946e-05,2.6070861,2.6107574007464134,-0.0036713007464133085
8.948e-05,2.6036565,2.608437054470951,-0.004780554470951159
8.95e-05,2.6020805,2.606062087016619,-0.003981587016618882
8.952e-05,2.5973721,2.6036433088581346,-0.0062712088581347025
8.954e-05,2.5951407,2.601194337729238,-0.006053637729237948
8.956e-05,2.599749,2.5987350064240378,0.0010139935759623242
8.958e-05,2.6055879,2.5962955970945285,0.009292302905471672
8.96e-05,2.6064246,2.593920848692598,0.012503751307401778
8.962e-05,2.5991428,2.5916724846684613,0.007470315331538746
8.964e-05,2.5905989,2.589629186617641,0.000969713382358961
8.966e-05,2.585779,2.5878834934299544,-0.002104493429954335
8.968e-05,2.58406,2.5865358165204007,-0.002475816520400631
8.97e-05,2.5829489,2.5856863391791918,-0.0027374391791918917
8.972e-05,2.5849389,2.585425846118522,-0.00048694611852218017
8.974e-05,2.5862905,2.5858265319686415,0.00046396803135850817
8.976e-05,2.5845108,2.5869336959506164,-0.0024228959506165104
8.978e-05,2.5839629,2.588759066632406,-0.004796166632405896
8.98e-05,2.5846463,2.5912763583389102,-0.006630058338910061
8.982e-05,2.5940405,2.5944194957538205,-0.00037899575382027706
8.984e-05,2.6015498,2.598083691620665,0.003466108379334809
8.986e-05,2.6034347,2.6021292385518318,0.0013054614481684546
8.988e-05,2.6053049,2.6063875939526273,-0.0010826939526271673
8.99e-05,2.6065374,2.610669205133314,-0.004131805133313904
8.992e-05,2.6139881,2.614772523235002,-0.0007844232350020519
8.994e-05,2.6245409,2.618493670628026,0.0060472293719739945
8.996e-05,2.6263535,2.6216361806856887,0.004717319314311297
8.998e-05,2.6237888,2.624020180106893,-0.00023138010689338628
9e-05,2.6255729,2.6254904498028235,8.24501971763425e-05
9.002e-05,2.6260964,2.6259230042480954,0.0001733957519047813
9.004e-05,2.6253593,2.625230068234592,0.00012923176540802217
9.006e-05,2.6233615,2.6233634952555653,-1.995255565212517e-06
9.008e-05,2.6194798,2.62031674499588,-0.0008369449958798292
9.01e-05,2.6124677,2.6161255575568307,-0.0036578575568309013
9.012e-05,2.608559,2.6108674496940893,-0.0023084496940892762
9.014e-05,2.6052607,2.604660097055609,0.0006006029443912375
9.016e-05,2.5982101,2.5976585405838075,0.0005515594161926707
9.018e-05,2.5936401,2.5900509943804995,0.0035891056195005433
9.02e-05,2.5896811,2.582052911815317,0.007628188184682916
9.022e-05,2.581347,2.5738989680472693,0.007448031952730805
9.024e-05,2.5711312,2.565832798090612,0.005298401909387795
9.026e-05,2.5584107,2.558094707836636,0.0003159921633639762
9.028e-05,2.5463016,2.550908096691658,-0.004606496691657913
9.03e-05,2.5379204,2.5444658517164536,-0.006545451716453599
9.032e-05,2.5295276,2.5389183128414294,-0.009390712841429227
9.034e-05,2.5223699,2.534364433930684,-0.011994533930683726
9.036e-05,2.5214338,2.5308474381419295,-0.009413638141929415
9.038e-05,2.5273426,2.5283556341995563,-0.0010130341995564507
9.04e-05,2.5326173,2.526828235462623,0.005789064537377264
9.042e-05,2.5316488,2.526165196400938,0.005483603599062192
9.044e-05,2.5325395,2.526239489055408,0.006300010944591872
9.046e-05,2.5352896,2.526910052338591,0.008379547661409248
9.048e-05,2.5299271,2.5280338577008235,0.001893242299176645
9.05e-05,2.527671,2.5294760071761595,-0.001805007176159723
9.052e-05,2.5316376,2.531117334626272,0.0005202653737277352
9.054e-05,2.5312315,2.53285945471091,-0.001627954710909929
9.056e-05,2.5320622,2.5346274915089704,-0.0025652915089704464
9.058e-05,2.5378695,2.536370811660697,0.0014986883393026673
9.06e-05,2.5393048,2.538062052023015,0.0012427479769852035
9.062e-05,2.5407313,2.5396946516188583,0.0010366483811417027
9.064e-05,2.544642,2.541279042879837,0.0033629571201632125
9.066e-05,2.5448045,2.5428376752064095,0.0019668247935906713
9.068e-05,2.5418424,2.5443991436550943,-0.0025567436550941736
9.07e-05,2.5432351,2.545991846898628,-0.0027567468986280375
9.072e-05,2.5464897,2.5476377384071713,-0.00114803840717137
9.074e-05,2.5491135,2.5493467889269277,-0.00023328892692786596
9.076e-05,2.5492362,2.5511127167946945,-0.0018765167946943606
9.078e-05,2.5512207,2.5529104077229388,-0.0016897077229387492
9.08e-05,2.5525741,2.554695299771315,-0.0021211997713148634
9.082e-05,2.5514268,2.556404870365218,-0.0049780703652175795
9.084e-05,2.5558815,2.5579622049690878,-0.0020807049690878543
9.086e-05,2.5590824,2.559281422345129,-0.00019902234512914063
9.088e-05,2.5616528,2.5602744795048813,0.0013783204951187678
9.09e-05,2.5648394,2.560858627248159,0.003980772751841055
9.092e-05,2.5673959,2.5609636155227054,0.006432284477294825
9.094e-05,2.5674528,2.5605377314134663,0.006915068586533568
9.096e-05,2.564387,2.559551930104959,0.004835069895040789
9.098e-05,2.5569522,2.5580016835257893,-0.0010494835257892632
9.1e-05,2.5482646,2.5559066524075136,-0.007642052407513589
9.102e-05,2.5470502,2.553308739147172,-0.006258539147171671
9.104e-05,2.5470766,2.5502693216205383,-0.003192721620538297
9.106e-05,2.5446042,2.5468663949760746,-0.002262194976074383
9.108e-05,2.5421265,2.543192009611226,-0.0010655096112257567
9.11e-05,2.5421366,2.539349958833067,0.002786641166933279
9.112e-05,2.5446347,2.535453306747529,0.009181393252470915
9.114e-05,2.5421417,2.5316211599115044,0.010520540088495789
9.116e-05,2.5302951,2.52797414617424,0.0023209538257598084
9.118e-05,2.5203138,2.524628405981671,-0.004314605981670994
9.12e-05,2.5153145,2.521688440328357,-0.00637394032835692
9.122e-05,2.5128043,2.5192396622983693,-0.006435362298369274
9.124e-05,2.5146528,2.5173417191816987,-0.002688919181698779
9.126e-05,2.5171205,2.516023510073805,0.0010969899261947802
9.128e-05,2.5164683,2.5152804456152387,0.0011878543847614331
9.13e-05,2.5126961,2.515074095820949,-0.00237799582094933
9.132e-05,2.5114135,2.515334099686264,-0.003920599686263682
9.134e-05,2.5163603,2.515962075489439,0.00039822451056092945
9.136e-05,2.5219272,2.516837182308991,0.005090017691009141
9.138e-05,2.5212583,2.5178228797510678,0.003435420248932175
9.14e-05,2.5193403,2.5187743634259387,0.0005659365740613431
9.142e-05,2.5174201,2.5195462075582613,-0.002126107558261481
9.144e-05,2.5148746,2.5199999192032387,-0.005125319203238554
9.146e-05,2.5160668,2.5200112788790396,-0.003944478879039703
9.148e-05,2.5197503,2.519477374078869,0.00027292592113115077
9.15e-05,2.5215623,2.518323084865628,0.0032392151343718645
9.152e-05,2.5202566,2.5165065380013822,0.0037500619986179373
9.154e-05,2.5195728,2.5140228586875484,0.005549941312451789
9.156e-05,2.5170183,2.510905539159771,0.006112760840228937
9.158e-05,2.5088537,2.5072249431212055,0.0016287568787944906
9.16e-05,2.5025582,2.5030838250925505,-0.0005256250925502748
9.162e-05,2.498132,2.498610167748498,-0.0004781677484979596
9.164e-05,2.4924591,2.49394801297304,-0.0014889129730399908
9.166e-05,2.4874096,2.48924719537238,-0.0018375953723799299
9.168e-05,2.4798674,2.4846529605500445,-0.004785560550044643
9.17e-05,2.4754422,2.4802963946834384,-0.004854194683438617
9.172e-05,2.477873,2.4762864332525645,0.0015865667474357359
9.174e-05,2.475318,2.472703972603979,0.0026140273960213456
9.176e-05,2.4702704,2.469598334884243,0.0006720651157570146
9.178e-05,2.4633535,2.46698613576912,-0.003632635769119652
9.18e-05,2.4583072,2.464852532593938,-0.006545332593937747
9.182e-05,2.4594947,2.46315482086335,-0.0036601208633499915
9.184e-05,2.4613065,2.4618282591008627,-0.0005217591008626066
9.186e-05,2.463743,2.460793762073404,0.002949237926595849
9.188e-05,2.464311,2.459966780901366,0.004344219098634028
9.19e-05,2.4636339,2.4592664414621246,0.004367458537875457
9.192e-05,2.459219,2.4586239606904945,0.0005950393095055517
9.194e-05,2.4566759,2.457989513934779,-0.0013136139347791342
9.196e-05,2.4591208,2.457336992377088,0.0017838076229121924
9.198e-05,2.4590745,2.456666341766585,0.002408158233414781
9.2e-05,2.4602767,2.4560033443382494,0.0042733556617506885
9.202e-05,2.4596112,2.4553968273963336,0.004214372603666305
9.204e-05,2.4570788,2.454913439509066,0.0021653604909341873
9.206e-05,2.4533031,2.45463037845416,-0.0013272784541600302
9.208e-05,2.4501539,2.454626754263175,-0.004472854263174675
9.21e-05,2.451371,2.4549745318418092,-0.003603531841809282
9.212e-05,2.450722,2.45573011441673,-0.005008114416729992
9.214e-05,2.4525699,2.456927544768721,-0.004357644768721247
9.216e-05,2.4556686,2.458574036443123,-0.0029054364431226887
9.218e-05,2.4600182,2.4606481730248513,-0.0006299730248513491
9.22e-05,2.4687347,2.4631007132662495,0.005633986733750707
9.222e-05,2.4712227,2.4658576019037035,0.005365098096296705
9.224e-05,2.4674822,2.4688246050702722,-0.001342405070272168
9.226e-05,2.4699789,2.4718930211246226,-0.0019141211246225254
9.228e-05,2.4712336,2.4749461084765856,-0.003712508476585441
9.23e-05,2.472493,2.477866062854524,-0.00537306285452388
9.232e-05,2.4774966,2.48054141570898,-0.0030448157089799643
9.234e-05,2.4837516,2.4828745685000966,0.0008770314999035911
9.236e-05,2.492505,2.4847888895179255,0.007716110482074434
9.238e-05,2.4981477,2.4862345166246307,0.011913183375369396
9.24e-05,2.4956938,2.487191904104259,0.008501895895741018
9.242e-05,2.4870134,2.4876723663808153,-0.0006589663808154178
9.244e-05,2.483948,2.4877154073344396,-0.0037674073344398096
9.246e-05,2.4827584,2.4873832907146047,-0.004624890714604923
9.248e-05,2.4821979,2.486753821301258,-0.004555921301257815
9.25e-05,2.4847598,2.4859124839072293,-0.001152683907229335
9.252e-05,2.4829655,2.4849449458202275,-0.0019794458202273546
9.254e-05,2.4818015,2.483930619949165,-0.0021291199491648705
9.256e-05,2.4831373,2.4829376624142983,0.00019963758570185064
9.258e-05,2.4813636,2.482019514725116,-0.000655914725116169
9.26e-05,2.4827138,2.481212907110586,0.0015008928894140183
9.262e-05,2.4840715,2.480537110912773,0.00353438908722703
9.264e-05,2.4804512,2.479994172343119,0.0004570276568811593
9.266e-05,2.4774624,2.479569888897576,-0.0021074888975762818
9.268e-05,2.47822,2.4792353878392928,-0.0010153878392928917
9.27e-05,2.4796075,2.478949273743463,0.0006582262565371089
9.272e-05,2.4772621,2.4786603613272358,-0.0013982613272358613
9.274e-05,2.4774164,2.4783109851843435,-0.0008945851843433772
9.276e-05,2.478201,2.4778408164215153,0.00036018357848455196
9.278e-05,2.4758762,2.477191051094803,-0.0013148510948028935
9.28e-05,2.4760513,2.4763087733140976,-0.00025747331409764485
9.282e-05,2.4774798,2.47515123683959,0.0023285631604097468
9.284e-05,2.4757991,2.473689761517791,0.0021093384822092887
9.286e-05,2.4716325,2.471912925036827,-0.0002804250368266814
9.288e-05,2.4687199,2.4698287684908826,-0.001108868490882653
9.29e-05,2.468931,2.4674658200250605,0.0014651799749394456
9.292e-05,2.468526,2.4648728316388766,0.0036531683611236154
9.294e-05,2.4656351,2.462117192335406,0.0035179076645941443
9.296e-05,2.4590117,2.459282058546553,-0.0002703585465528846
9.298e-05,2.4530186,2.456462381085132,-0.0034437810851319917
9.3e-05,2.4520194,2.4537601927021186,-0.0017407927021184655
9.302e-05,2.4491583,2.4512796609450476,-0.0021213609450474458
9.304e-05,2.4463051,2.4491224227340345,-0.0028173227340344553
9.306e-05,2.4447064,2.447383594662512,-0.00267719466251215
9.308e-05,2.4449856,2.4461486507733716,-0.0011630507733717543
9.31e-05,2.4483892,2.4454911298040094,0.002898070195990421
9.312e-05,2.4511778,2.445470917608597,0.005706882391403045
9.314e-05,2.4502352,2.4461327094212764,0.004102490578723472
9.316e-05,2.4480541,2.447504267126498,0.0005498328735016322
9.318e-05,2.447751,2.449594274853645,-0.001843274853645216
9.32e-05,2.449949,2.4523898864531506,-0.002440886453150437
9.322e-05,2.4540249,2.455854309377792,-0.0018294093777919684
9.324e-05,2.4599789,2.4599248739954755,5.402600452431017e-05
9.326e-05,2.4646947,2.4645119890021667,0.0001827109978331798
9.328e-05,2.467549,2.4694992562540814,-0.0019502562540814061
9.33e-05,2.476021,2.4747448939756627,0.0012761060243371425
9.332e-05,2.4820083,2.480084532773073,0.0019237672269269979
9.334e-05,2.4848877,2.4853354032158794,-0.0004477032158796135
9.336e-05,2.4902688,2.4903019257753196,-3.312577531966454e-05
9.338e-05,2.492542,2.4947827442103,-0.002240744210300072
9.34e-05,2.4910841,2.498579283731948,-0.0074951837319479075
9.342e-05,2.492751,2.501505900780257,-0.008754900780256758
9.344e-05,2.4994123,2.5034015428866767,-0.0039892428866767915
9.346e-05,2.5054587,2.5041425004761404,0.0013161995238597513
9.348e-05,2.5096441,2.5036553421352497,0.005988757864750394
9.35e-05,2.5113452,2.501928639671106,0.009416560328894263
9.352e-05,2.5068223,2.4990218228454073,0.007800477154592755
9.354e-05,2.4960755,2.495069592310388,0.0010059076896120622
9.356e-05,2.4915702,2.490280738548667,0.0012894614513330183
9.358e-05,2.49206,2.4849307979936746,0.007129202006325386
9.36e-05,2.4894424,2.479348534744872,0.010093865255128343
9.362e-05,2.4824712,2.473896704085413,0.008574495914587033
9.364e-05,2.4711455,2.4689480288132324,0.0021974711867676078
9.366e-05,2.461698,2.4648579098400183,-0.003159909840018127
9.368e-05,2.4535054,2.461936052156851,-0.008430652156850904
9.37e-05,2.4465676,2.460419713830089,-0.01385211383008933
9.372e-05,2.4496106,2.4604514600419947,-0.010840860041994471
9.374e-05,2.454532,2.4620640173233843,-0.007532017323384377
9.376e-05,2.4519826,2.4651741183992932,-0.013191518399293223
9.378e-05,2.456921,2.4695862617108464,-0.012665261710846476
9.38e-05,2.4730864,2.4750062451704893,-0.001919845170489154
9.382e-05,2.4867668,2.4810632661583116,0.005703533841688202
9.384e-05,2.4935996,2.487338398027802,0.006261201972197927
9.386e-05,2.5023105,2.4933965304524293,0.008913969547570844
9.388e-05,2.5097827,2.4988185809233676,0.010964119076632528
9.39e-05,2.5091603,2.5032309898015,0.005929310198499849
9.392e-05,2.5104153,2.506330084388927,0.00408521561107289
9.394e-05,2.5135476,2.5078996596438197,0.005647940356180214
9.396e-05,2.513572,2.5078209084610483,0.0057510915389515915
9.398e-05,2.5098656,2.5060745358207615,0.003791064179238468
9.4e-05,2.5049213,2.5027354900259855,0.0021858099740144077
9.402e-05,2.4981159,2.4979612719768234,0.0001546280231767838
9.404e-05,2.4894493,2.4919752443222283,-0.002525944322228302
9.406e-05,2.4807912,2.485046713372836,-0.004255513372835917
9.408e-05,2.4696488,2.477469743443053,-0.007820943443053174
9.41e-05,2.4610083,2.4695426471837743,-0.008534347183774216
9.412e-05,2.4548692,2.461549856626796,-0.0066806566267958445
9.414e-05,2.4493619,2.453747424852,-0.004385524852000167
9.416e-05,2.4463559,2.446352793137459,3.1068625410135553e-06
9.418e-05,2.4446048,2.4395387985487083,0.005066001451291768
9.42e-05,2.4397459,2.433431342602019,0.0063145573979812575
9.422e-05,2.4317791,2.4281098285234384,0.0036692714765615975
9.424e-05,2.4244441,2.4236094675632285,0.0008346324367716207
9.426e-05,2.4177409,2.4199248046517914,-0.002183904651791302
9.428e-05,2.4141621,2.4170141671420664,-0.002852067142066428
9.43e-05,2.4112145,2.414805020411876,-0.0035905204118762413
9.432e-05,2.4095215,2.413200311787143,-0.0036788117871431325
9.434e-05,2.4121994,2.412085790243724,0.00011360975627594527
9.436e-05,2.4155083,2.411338066830025,0.004170233169975113
9.438e-05,2.4157087,2.410832932675556,0.004875767324444169
9.44e-05,2.4128003,2.4104532967717778,0.002347003228222011
9.442e-05,2.411146,2.4100961319606045,0.0010498680393955517
9.444e-05,2.4094995,2.4096780197955243,-0.00017851979552441222
9.446e-05,2.4059908,2.4091391626379677,-0.0031483626379675833
9.448e-05,2.4018665,2.4084459584036995,-0.006579458403699334
9.45e-05,2.4058522,2.4075923214425767,-0.0017401214425767364
9.452e-05,2.4129618,2.406599848724286,0.0063619512757142616
9.454e-05,2.4125995,2.4055167180347423,0.0070827819652574675
9.456e-05,2.4097516,2.4044150114648577,0.005336588535142184
9.458e-05,2.4056645,2.4033861656974467,0.0022783343025531977
9.46e-05,2.4003379,2.4025345279555634,-0.0021966279555636348
9.462e-05,2.3975114,2.401969427394922,-0.0044580273949219595
9.464e-05,2.397808,2.4017965496141254,-0.003988549614125425
9.466e-05,2.3999812,2.4021095698358215,-0.002128369835821431
9.468e-05,2.4002915,2.4029829231797892,-0.0026914231797894317
9.47e-05,2.4031016,2.4044663420141528,-0.001364742014152931
9.472e-05,2.4084114,2.4065814852784113,0.0018299147215885547
9.474e-05,2.4074952,2.409320711990086,-0.0018255119900860706
9.476e-05,2.4084551,2.4126478527036443,-0.004192752703644498
9.478e-05,2.4175236,2.4165007046341267,0.0010228953658732998
9.48e-05,2.4228587,2.4207948755388524,0.002063824461147501
9.482e-05,2.4275766,2.425428492677044,0.0021481073229558945
9.484e-05,2.4329236,2.430287204777962,0.002636395222038068
9.486e-05,2.4388996,2.4352489047231343,0.0036506952768657897
9.488e-05,2.4442578,2.4401877190406647,0.004070080959335254
9.49e-05,2.4452586,2.444977024910398,0.00028157508960191535
9.492e-05,2.4481349,2.4494915270046693,-0.0013566270046694306
9.494e-05,2.451017,2.4536087049720954,-0.0025917049720955987
9.496e-05,2.4545281,2.457210154938875,-0.002682054938874856
9.498e-05,2.4543052,2.4601834265020783,-0.005878226502078476
9.5e-05,2.4565807,2.462424874916671,-0.005844174916671108
9.502e-05,2.460108,2.4638438190618333,-0.00373581906183329
9.504e-05,2.4630172,2.4643679438837016,-0.0013507438837017105
9.506e-05,2.4709176,2.463949458119042,0.0069681418809577345
9.508e-05,2.4694742,2.462571114243454,0.00690308575654619
9.51e-05,2.4649195,2.460250960753226,0.004668539246774017
9.512e-05,2.4634859,2.457044740525356,0.006441159474643854
9.514e-05,2.4564476,2.4530451765424077,0.0034024234575924517
9.516e-05,2.4475443,2.448377888425107,-0.0008335884251069459
9.518e-05,2.4398924,2.4431942138374363,-0.0033018138374361072
9.52e-05,2.4347384,2.4376616435855594,-0.0029232435855592875
9.522e-05,2.4327055,2.431952828723235,0.0007526712767651489
9.524e-05,2.4294299,2.4262341572810575,0.003195742718942629
9.526e-05,2.4193021,2.4206548013124514,-0.0013527013124514653
9.528e-05,2.4110477,2.4153370309232676,-0.004289330923267443
9.53e-05,2.4084061,2.4103685515899302,-0.0019624515899301365
9.532e-05,2.3995351,2.4057975968902467,-0.006262496890246716
9.534e-05,2.3931604,2.401631399844972,-0.008470999844971683
9.536e-05,2.3942677,2.3978384126208114,-0.0035707126208115447
9.538e-05,2.3953777,2.394354246534787,0.0010234534652129312
9.54e-05,2.3946208,2.391090813793855,0.003529986206145086
9.542e-05,2.3932436,2.3879476882653288,0.005295911734671144
9.544e-05,2.3881294,2.384824418306008,0.0033049816939918486
9.546e-05,2.3805249,2.3816325063541655,-0.0011076063541652914
9.548e-05,2.3785321,2.3783059722984423,0.00022612770155783224
9.55e-05,2.3784115,2.374809702558928,0.00360179744107203
9.552e-05,2.3751768,2.371145027795545,0.004031772204455386
9.554e-05,2.3694512,2.3673521436138127,0.002099056386187126
9.556e-05,2.3655971,2.3635091572212947,0.0020879427787052762
9.558e-05,2.362368,2.359727768476306,0.00264023152369397
9.56e-05,2.3591403,2.3561458649647387,0.0029944350352613114
9.562e-05,2.3540441,2.352917584062446,0.0011265159375537515
9.564e-05,2.3470794,2.3502016496587665,-0.003122249658766396
9.566e-05,2.3419859,2.3481490147455593,-0.006163114745559195
9.568e-05,2.3412564,2.3468909826368196,-0.005634582636819818
9.57e-05,2.3436444,2.3465289573677492,-0.0028845573677491743
9.572e-05,2.3454096,2.347126745678049,-0.0017171456780489258
9.574e-05,2.3484218,2.3487059534331363,-0.00028415343313614727
9.576e-05,2.3514345,2.35124461277095,0.00018988722905000088
9.578e-05,2.3538242,2.354678852597093,-0.000854652597093164
9.58e-05,2.3599534,2.3589072237549886,0.0010461762450115764
9.582e-05,2.3629661,2.363797189685216,-0.0008310896852159466
9.584e-05,2.3653549,2.3691932504350697,-0.0038383504350698594
9.586e-05,2.3745989,2.3749261403615396,-0.00032724036153952696
9.588e-05,2.383843,2.380822489612401,0.0030205103875990957
9.59e-05,2.392464,2.386714253742162,0.005749746257837973
9.592e-05,2.396722,2.3924471460997294,0.004274853900270603
9.594e-05,2.3991103,2.397887351958573,0.0012229480414269744
9.596e-05,2.4058612,2.402926014998581,0.002935185001418983
9.598e-05,2.4082489,2.4074813149627268,0.0007675850372730331
9.6e-05,2.4093899,2.4114982935177633,-0.002108393517763485
9.602e-05,2.4136471,2.4149468536506307,-0.0012997536506307306
9.604e-05,2.4141639,2.417818521307673,-0.0036546213076729117
9.606e-05,2.4190426,2.4201226005591363,-0.0010800005591362627
9.608e-05,2.420804,2.4218822770660924,-0.0010782770660924257
9.61e-05,2.419448,2.423131062239729,-0.003683062239729029
9.612e-05,2.42557,2.4239097736509203,0.0016602263490796965
9.614e-05,2.4285745,2.4242640576931223,0.004310442306877604
9.616e-05,2.4259683,2.424242312257005,0.0017259877429949277
9.618e-05,2.4233606,2.4238938069687523,-0.0005332069687522534
9.62e-05,2.4226212,2.4232668588471515,-0.000645658847151509
9.622e-05,2.421257,2.4224070627198366,-0.00115006271983642
9.624e-05,2.4186448,2.4213557017864846,-0.0027109017864845875
9.626e-05,2.4191472,2.420148502752829,-0.0010013027528290586
9.628e-05,2.422764,2.4188148465168418,0.003949153483158163
9.63e-05,2.4207692,2.417377443086718,0.0033917569132819736
9.632e-05,2.4119162,2.415852401364322,-0.003936201364322045
9.634e-05,2.4111631,2.414249633038365,-0.003086533038365147
9.636e-05,2.4135244,2.4125736053099143,0.0009507946900857434
9.638e-05,2.4108975,2.4108245001515685,7.299984843145424e-05
9.64e-05,2.407645,2.408999785237959,-0.0013547852379591774
9.642e-05,2.4056366,2.407096095582641,-0.001459495582641246
9.644e-05,2.4061191,2.4051112338612484,0.0010078661387518117
9.646e-05,2.4059759,2.403046033284771,0.0029298667152288793
9.648e-05,2.4033376,2.40090577921025,0.0024318207897500166
9.65e-05,2.3994506,2.3987008806121737,0.0007497193878265307
9.652e-05,2.3986766,2.3964465588918906,0.0022300411081093152
9.654e-05,2.3960291,2.3941614746697772,0.0018676253302225554
9.656e-05,2.3927545,2.3918653992260563,0.000889100773943774
9.658e-05,2.3900992,2.3895762202552255,0.0005229797447743323
9.66e-05,2.3843237,2.3873067384387543,-0.0029830384387543596
9.662e-05,2.3797909,2.385061843721241,-0.005270943721241039
9.664e-05,2.3783702,2.3828367143575546,-0.0044665143575546296
9.666e-05,2.3750755,2.3806166031408944,-0.00554110314089451
9.668e-05,2.3761392,2.3783785359307044,-0.002239335930704467
9.67e-05,2.3796913,2.3760948785285976,0.0035964214714026
9.672e-05,2.3757596,2.3737383206631937,0.002021279336806181
9.674e-05,2.3718234,2.371287502338139,0.0005358976618610178
9.676e-05,2.3722448,2.3687323606925106,0.0035124393074892346
9.678e-05,2.3720377,2.366078312132801,0.005959387867199073
9.68e-05,2.3687086,2.363348547960834,0.005360052039166341
9.682e-05,2.3647505,2.36058397459258,0.004166525407419908
9.684e-05,2.3601643,2.3578406773416476,0.002323622658352509
9.686e-05,2.3518337,2.355185214698783,-0.0033515146987830313
9.688e-05,2.3453681,2.3526884768683884,-0.0073203768683884896
9.69e-05,2.3438838,2.350419142692506,-0.0065353426925058855
9.692e-05,2.3442641,2.3484378277552898,-0.004173727755289569
9.694e-05,2.3433926,2.346792791252712,-0.0034001912527119593
9.696e-05,2.3437626,2.3455176303768264,-0.0017550303768265607
9.698e-05,2.3478668,2.344630884774971,0.0032359152250287515
9.7e-05,2.3532124,2.3441370411329023,0.009075358867097538
9.702e-05,2.3523199,2.34402817313057,0.008291726869429805
9.704e-05,2.3464357,2.3442854575930308,0.0021502424069690385
9.706e-05,2.3430389,2.3448801042073573,-0.0018412042073574497
9.708e-05,2.3408833,2.34577372757589,-0.00489042757589031
9.71e-05,2.3405922,2.3469186597270926,-0.006326459727092448
9.712e-05,2.3390493,2.3482589361291124,-0.009209636129112297
9.714e-05,2.3424873,2.349732596223358,-0.007245296223358011
9.716e-05,2.3521518,2.351275551783607,0.000876248216393094
9.718e-05,2.3611866,2.352826703778029,0.008359896221970864
9.72e-05,2.3633591,2.3543334127142703,0.0090256872857295
9.722e-05,2.3636553,2.3557560798491948,0.007899220150805242
9.724e-05,2.3626982,2.3570706488872286,0.005627551112771467
9.726e-05,2.3592413,2.358268282900648,0.000973017099351825
9.728e-05,2.3582701,2.3593521301348837,-0.001082030134883727
9.73e-05,2.3591614,2.3603317357846643,-0.0011703357846641893
9.732e-05,2.3600462,2.3612161203180224,-0.0011699203180222106
9.734e-05,2.3565618,2.362006773352538,-0.005444973352537907
9.736e-05,2.3505777,2.3626918336970695,-0.012114133697069374
9.738e-05,2.3545593,2.36324257334449,-0.00868327334449015
9.74e-05,2.3628972,2.363612955265636,-0.0007157552656362753
9.742e-05,2.3668655,2.3637424759963066,0.003123024003693242
9.744e-05,2.367088,2.363561841135479,0.003526158864521012
9.746e-05,2.3673041,2.36300047961036,0.0043036203896402725
9.748e-05,2.3675129,2.361994662299007,0.005518237700993023
9.75e-05,2.3639745,2.3604950692601294,0.0034794307398704483
9.752e-05,2.3591819,2.358472944509126,0.0007089554908739082
9.754e-05,2.3537579,2.3559243660386877,-0.002166466038687531
9.756e-05,2.3508199,2.352872533242096,-0.002052633242096036
9.758e-05,2.3472513,2.349368237207678,-0.002116937207678138
9.76e-05,2.3436756,2.3454887741548975,-0.0018131741548974567
9.762e-05,2.3444556,2.341335502214798,0.0031200977852017253
9.764e-05,2.3402414,2.3370301019888156,0.0032112980111844713
9.766e-05,2.3335256,2.3327094816032363,0.0008161183967638763
9.768e-05,2.3336581,2.3285192498463996,0.005138850153600494
9.77e-05,2.3306664,2.3246057953666712,0.006060604633328914
9.772e-05,2.3245495,2.3211072361374283,0.003442263862571515
9.774e-05,2.3140612,2.318143815696083,-0.004082615696083369
9.776e-05,2.3066796,2.315808684007718,-0.00912908400771828
9.778e-05,2.3030282,2.314160300962831,-0.011132100962830904
9.78e-05,2.3006165,2.313217759159623,-0.01260125915962318
9.782e-05,2.3075474,2.3129600016427205,-0.005412601642720727
9.784e-05,2.3157184,2.3133292232816847,0.002389176718315511
9.786e-05,2.3220136,2.3142378726590738,0.007775727340926242
9.788e-05,2.3270558,2.3155778980028816,0.011477901997118511
9.79e-05,2.3277287,2.317230476959303,0.010498223040697141
9.792e-05,2.3265261,2.319074573507386,0.007451526492614047
9.794e-05,2.320955,2.320993224034534,-3.82240345340179e-05
9.796e-05,2.3153777,2.322877261897131,-0.007499561897131191
9.798e-05,2.3166501,2.3246269648906135,-0.007976864890613555
9.8e-05,2.3204093,2.3261525907224208,-0.005743290722420635
9.802e-05,2.3254087,2.3273748118816537,-0.0019661118816536316
9.804e-05,2.3279095,2.3282257260556705,-0.00031622605567038775
9.806e-05,2.3304047,2.3286506086783403,0.001754091321659601
9.808e-05,2.3341412,2.328610118405559,0.005531081594440934
9.81e-05,2.3341328,2.328082404580755,0.006050395419245014
9.812e-05,2.3316255,2.327064542665575,0.004560957334424742
9.814e-05,2.3222562,2.3255729249499244,-0.00331672494992441
9.816e-05,2.3153744,2.3236425850343987,-0.008268185034398634
9.818e-05,2.3153427,2.3213257784303,-0.005983078430300104
9.82e-05,2.3177983,2.3186902844507635,-0.0008919844507633279
9.822e-05,2.320248,2.3158177383057383,0.004430261694261528
9.824e-05,2.3183289,2.3128019451462554,0.005526954853744659
9.826e-05,2.3151572,2.3097468076567997,0.005410392343200066
9.828e-05,2.3094873,2.306763418755403,0.002723881244596882
9.83e-05,2.3031891,2.303966071019892,-0.0007769710198921587
9.832e-05,2.2962625,2.3014672994573453,-0.0052047994573451994
9.834e-05,2.294317,2.299372424006214,-0.005055424006214171
9.836e-05,2.297976,2.2977742377375723,0.00020176226242751838
9.838e-05,2.2960208,2.296748433717569,-0.0007276337175690095
9.84e-05,2.2959309,2.2963501391715595,-0.0004192391715593935
9.842e-05,2.2970831,2.2966116674510038,0.0004714325489962867
9.844e-05,2.297607,2.297541413427228,6.558657277233593e-05
9.846e-05,2.3018653,2.2991237266119895,0.0027415733880102877
9.848e-05,2.3030021,2.30131957324097,0.001682526759029912
9.85e-05,2.302264,2.3040678293659003,-0.001803829365900178
9.852e-05,2.3040141,2.307287124843023,-0.0032730248430232756
9.854e-05,2.3101223,2.310878245810968,-0.0007559458109676065
9.856e-05,2.3162258,2.314727134648556,0.0014986653514439396
9.858e-05,2.3204547,2.318708468979755,0.0017462310202449594
9.86e-05,2.3253022,2.3226897043490182,0.00261249565098165
9.862e-05,2.3270285,2.326535419135612,0.0004930808643881512
9.864e-05,2.3281269,2.330111852183537,-0.0019849521835371142
9.866e-05,2.3279744,2.333291640807742,-0.005317240807741985
9.868e-05,2.3290636,2.3359588602573007,-0.006895260257300695
9.87e-05,2.3357575,2.338014435415631,-0.0022569354156307675
9.872e-05,2.3424466,2.339381786213924,0.003064813786076037
9.874e-05,2.3472612,2.340012225898779,0.007248974101221162
9.876e-05,2.3464624,2.339889312327685,0.0065730876723151255
9.878e-05,2.3431668,2.3390312427457385,0.004135557254261624
9.88e-05,2.3417374,2.337490571739092,0.004246828260908053
9.882e-05,2.3384346,2.335350958292558,0.0030836417074420197
9.884e-05,2.3313887,2.3327211629863096,-0.0013324629863094017
9.886e-05,2.3249625,2.32972698822772,-0.004764488227720243
9.888e-05,2.3197794,2.326502196763645,-0.006722796763645178
9.89e-05,2.3170862,2.3231795868373366,-0.006093386837336734
9.892e-05,2.3162596,2.3198832956546487,-0.0036236956546487065
9.894e-05,2.3148068,2.3167230615961474,-0.0019162615961474394
9.896e-05,2.3170905,2.313790700199018,0.0032997998009820506
9.898e-05,2.316878,2.311158586217283,0.005719413782717009
9.9e-05,2.3129234,2.308879622139203,0.004043777860796904
9.902e-05,2.3064733,2.3069880985140414,-0.000514798514041459
9.904e-05,2.3025139,2.305501007129325,-0.0029871071293250395
9.906e-05,2.3010455,2.3044196378283517,-0.003374137828351831
9.908e-05,2.3014442,2.303731501637571,-0.002287301637570849
9.91e-05,2.3055796,2.303412661347709,0.002166938652291339
9.912e-05,2.3047263,2.303430427927097,0.0012958720729030482
9.914e-05,2.3051169,2.3037462086899496,0.0013706913100501872
9.916e-05,2.3073747,2.3043181897370726,0.0030565102629274143
9.918e-05,2.3065138,2.30510355162853,0.0014102483714699687
9.92e-05,2.3044037,2.3060600320897295,-0.0016563320897295952
9.922e-05,2.3054075,2.3071468092136933,-0.001739309213693474
9.924e-05,2.3070324,2.3083248209608493,-0.0012924209608491388
9.926e-05,2.3099021,2.3095567038194638,0.0003453961805361949
9.928e-05,2.3146396,2.3108065073066157,0.003833092693384277
9.93e-05,2.3118963,2.3120392691626295,-0.00014296916262956927
9.932e-05,2.3097744,2.313220497350496,-0.003446097350496391
9.934e-05,2.3138836,2.314315634240647,-0.00043203424064675033
9.936e-05,2.314875,2.3152896288647518,-0.0004146288647519647
9.938e-05,2.315865,2.3161067405880242,-0.0002417405880241752
9.94e-05,2.3168536,2.31673062704082,0.00012297295918006768
9.942e-05,2.3184641,2.3171246804922037,0.0013394195077962578
9.944e-05,2.3213198,2.317252520484476,0.004067279515524103
9.946e-05,2.3198113,2.317078550433378,0.0027327495666220614
9.948e-05,2.3151854,2.3165685595273446,-0.0013831595273448016
9.95e-05,2.311182,2.315690501281086,-0.00450850128108593
9.952e-05,2.3071779,2.3144157510980294,-0.007237851098029324
9.954e-05,2.3056662,2.312721219903634,-0.007055019903634108
9.956e-05,2.3091399,2.3105925694009715,-0.0014526694009715513
9.958e-05,2.3101196,2.308028420057017,0.0020911799429832456
9.96e-05,2.3110988,2.3050449737034,0.006053826296600118
9.962e-05,2.3102078,2.3016800767972816,0.008527723202718551
9.964e-05,2.3049533,2.297995601852191,0.0069576981478092215
9.966e-05,2.299075,2.294077200188967,0.004997799811033321
9.968e-05,2.2931961,2.2900309353687067,0.003165164631293127
9.97e-05,2.285447,2.2859769126326963,-0.0005299126326963055
9.972e-05,2.2776982,2.282040617361896,-0.0043424173618960005
9.974e-05,2.2718198,2.2783431309436635,-0.006523330943663641
9.976e-05,2.2671885,2.2749916139095747,-0.007803113909574666
9.978e-05,2.2662978,2.2720713869088707,-0.005773586908870865
9.98e-05,2.2672777,2.2696406112300385,-0.0023629112300382893
9.982e-05,2.2663889,2.267728054508309,-0.001339154508309015
9.984e-05,2.2673712,2.266333859645946,0.001037340354054006
9.986e-05,2.2714713,2.265432754012843,0.006038545987157029
9.988e-05,2.2712098,2.2649788369526593,0.006230963047340499
9.99e-05,2.2690799,2.2649110141266466,0.00416888587335329
9.992e-05,2.265705,2.265158315129729,0.0005466848702710969
9.994e-05,2.2604617,2.2656446806712114,-0.005182980671211368
9.996e-05,2.2589599,2.266293197761096,-0.007333297761096258
9.998e-05,2.2630695,2.2670300146507465,-0.003960514650746649
0.0001,2.2684276,2.267788154966552,0.0006394450334479274
