tempo,amplitude_filtered
0,1e-9
2E-08,0.3662294831774400
4E-08,0.369093954
6.00000000000001E-08,0.3724149207023080
8.00000000000001E-08,0.37643342971942300
1E-07,0.3813543641505950
1.2E-07,0.38732537113653800
1.4E-07,0.3944170551112180
1.6E-07,0.40260626045389100
1.8E-07,0.41176445016580000
2E-07,0.4216530496851020
2.2E-07,0.43192715614502000
2.4E-07,0.4421483304725100
2.6E-07,0.45180644955968300
2.8E-07,0.4603499266012780
3E-07,0.46722306785178500
3.2E-07,0.47190887866219100
3.4E-07,0.47397514953306300
3.6E-07,0.47312108582930500
3.8E-07,0.4692211712399550
4E-07,0.46236254629354800
4.2E-07,0.45287208629244700
4.4E-07,0.4413296324079840
4.6E-07,0.4285644472613590
4.8E-07,0.4156328872311250
5E-07,0.4037764642731150
5.2E-07,0.39436088293852400
5.4E-07,0.38879826308268600
5.6E-07,0.38845655361103500
5.8E-07,0.39456203252950500
6E-07,0.4081026421668970
6.2E-07,0.42974147298557000
6.4E-07,0.4597505808757630
6.60000000000001E-07,0.4979750208639980
6.80000000000001E-07,0.543835102
7.00000000000001E-07,0.5963712748742240
7.20000000000001E-07,0.6543309725761450
7.40000000000001E-07,0.7162908035551120
7.60000000000001E-07,0.7808015861690530
7.80000000000001E-07,0.8465391396477050
8.00000000000001E-07,0.9124416521542640
8.20000000000001E-07,0.9778156285853480
8.40000000000001E-07,1.0423966481537800
8.60000000000001E-07,1.106357340642440
8.80000000000001E-07,1.170261732835840
9.00000000000001E-07,1.2349714067874600
9.20000000000001E-07,1.3015143272381500
9.40000000000001E-07,1.370931652055880
9.60000000000001E-07,1.444121221627180
9.80000000000001E-07,1.5216983967942600
1E-06,1.6038949493054600
1.02E-06,1.690514256779800
1.04E-06,1.7809557930061900
1.06E-06,1.8743139164352900
1.08E-06,1.9695458512319300
1.1E-06,2.0656926964876700
1.12E-06,2.162126886630960
1.14E-06,2.258791502200090
1.16E-06,2.3563927964245100
1.18E-06,2.456508447663930
1.2E-06,2.561580878712180
1.22E-06,2.67477716
1.24E-06,2.799713368940300
1.26E-06,2.9400599657714400
1.28E-06,3.099063597413960
1.3E-06,3.2790372952241200
1.32E-06,3.4808832117299000
1.34E-06,3.703717865306100
1.36E-06,3.9446678101772100
1.38E-06,4.198892315084590
1.4E-06,4.459867950328480
1.42E-06,4.719937752241960
1.44E-06,4.971086740890670
1.46E-06,5.2058616813183800
1.48E-06,5.418316104454520
1.5E-06,5.604842971025430
1.52E-06,5.764763499807210
1.54E-06,5.900570110421460
1.56E-06,6.017767281994730
1.58E-06,6.124308799007950
1.6E-06,6.229686496815520
1.62E-06,6.343776998078810
1.64E-06,6.475591178641980
1.66E-06,6.632089227835570
1.68E-06,6.817217909909550
1.7E-06,7.031295917183910
1.72E-06,7.270823226065200
1.74E-06,7.528731239293650
1.76E-06,7.795034229223350
1.78E-06,8.057798543569680
1.8E-06,8.304318096648010
1.82E-06,8.522371860519310
1.84E-06,8.701437979374540
1.86E-06,8.833746359648520
1.88E-06,8.915065647538780
1.9E-06,8.945142462
1.92E-06,8.927742491
1.94E-06,8.870283962
1.96E-06,8.783099283180700
1.98E-06,8.678402932
2E-06,8.569076511706370
2.02E-06,8.467401523937200
2.04E-06,8.383875679124860
2.06E-06,8.326239815
2.08E-06,8.298820938214620
2.1E-06,8.302263812555750
2.12E-06,8.333680597605140
2.14E-06,8.387198222111230
2.16E-06,8.454832170480780
2.18E-06,8.527570903135840
2.2E-06,8.596525421973070
2.22E-06,8.653989668240980
2.24E-06,8.694272118
2.26E-06,8.714195529238610
2.28E-06,8.713214456
2.3E-06,8.693159667031310
2.32E-06,8.657674282042000
2.34E-06,8.611449067050500
2.36E-06,8.559387899461100
2.38E-06,8.505836823641400
2.4E-06,8.453992165
2.42E-06,8.405568084906060
2.44E-06,8.360757341456010
2.46E-06,8.318468759594590
2.48E-06,8.276779980931640
2.5E-06,8.233512265956640
2.52E-06,8.186820146674690
2.54E-06,8.135693373428710
2.56E-06,8.080289350051240
2.58E-06,8.022046378691400
2.6E-06,7.963565725279320
2.62E-06,7.908287836197050
2.64E-06,7.860019633868710
2.66E-06,7.82239133
2.68E-06,7.798329680596680
2.7E-06,7.789629151350480
2.72E-06,7.796684517691420
2.74E-06,7.818421257750520
2.76E-06,7.852428190089770
2.78E-06,7.895265211064910
2.8E-06,7.942893048012610
2.82E-06,7.991156158881780
2.84E-06,8.036246537622310
2.86E-06,8.075084620240380
2.88E-06,8.105571030418650
2.9E-06,8.126686017317420
2.92E-06,8.138438323973010
2.94E-06,8.141687934159550
2.96E-06,8.137884054902240
2.98E-06,8.128768353418870
3E-06,8.116093173383520
3.02E-06,8.101396153477950
3.04E-06,8.085858438162390
3.06E-06,8.070256190142870
3.08E-06,8.054997404477760
3.1E-06,8.040221225267470
3.12E-06,8.025927834
3.14E-06,8.012105125537760
3.16E-06,7.998823680003240
3.18E-06,7.986282142562460
3.2E-06,7.974798057790260
3.22E-06,7.964751535158350
3.24E-06,7.956498528148540
3.26E-06,7.950275642245030
3.28E-06,7.946118676337230
3.3E-06,7.943812897486070
3.32E-06,7.942885667959970
3.34E-06,7.942643368924500
3.36E-06,7.942246359
3.38E-06,7.940809219668030
3.4E-06,7.937509598646400
3.42E-06,7.931687987442570
3.44E-06,7.922922955589010
3.46E-06,7.911071205708550
3.48E-06,7.896268471872360
3.5E-06,7.878894316277210
3.52E-06,7.859509782882670
3.54E-06,7.838780458403310
3.56E-06,7.817398296848240
3.58E-06,7.796013823611260
3.6E-06,7.775186749535420
3.62E-06,7.755358474697860
3.64E-06,7.736845331964930
3.66E-06,7.719847545069320
3.68E-06,7.704466515074250
3.7E-06,7.690722757103050
3.72E-06,7.678568656983390
3.74E-06,7.667893603726600
3.76E-06,7.658522866841320
3.78E-06,7.650214648506110
3.8E-06,7.6426612109549600
3.82E-06,7.635499526012310
3.84E-06,7.628334656954820
3.86E-06,7.620775600352710
3.88E-06,7.612479458439880
3.9E-06,7.603196640796130
3.92E-06,7.592808264494770
3.94E-06,7.581347560879990
3.96E-06,7.568999813182560
3.98E-06,7.556079461605660
4E-06,7.542987492387420
4.02E-06,7.530156069108800
4.04E-06,7.517989856794060
4.06E-06,7.506814201012430
4.08E-06,7.4968390066762200
4.1E-06,7.488143898482420
4.12E-06,7.480685725312640
4.14E-06,7.474324909305770
4.16E-06,7.468863723477460
4.18E-06,7.464087908683220
4.2E-06,7.459803089664910
4.22E-06,7.455858977482560
4.24E-06,7.452157121120470
4.26E-06,7.448641603385840
4.28E-06,7.445275847186370
4.3E-06,7.442011755095740
4.32E-06,7.438759094651180
4.34E-06,7.435363065031090
4.36E-06,7.431596406
4.38E-06,7.427169649487360
4.4E-06,7.421759731
4.42E-06,7.415053771
4.44E-06,7.406801748806460
4.46E-06,7.396869683341650
4.48E-06,7.385284096148940
4.5E-06,7.372259353996200
4.52E-06,7.3582016400389900
4.54E-06,7.343686523535490
4.56E-06,7.329410930214550
4.58E-06,7.316124314071210
4.6E-06,7.304547377990640
4.62E-06,7.295289108205770
4.64E-06,7.2887736483085800
4.66E-06,7.2851874081994800
4.68E-06,7.284453895411260
4.7E-06,7.286239567766400
4.72E-06,7.289989361289910
4.74E-06,7.294986362572030
4.76E-06,7.300427092318690
4.78E-06,7.305502420927140
4.8E-06,7.309474283436350
4.82E-06,7.311739863025510
4.84E-06,7.311877326984350
4.86E-06,7.309669998017430
4.88E-06,7.305108578034290
4.9E-06,7.298373437211070
4.92E-06,7.289800897474590
4.94E-06,7.279838768823750
4.96E-06,7.268997016064620
4.98E-06,7.257799255882730
5E-06,7.246739860301940
5.02E-06,7.236250003141580
5.04E-06,7.226674370031610
5.06E-06,7.218258760328300
5.08E-06,7.2111475835068200
5.1E-06,7.205389300247860
5.12E-06,7.200947205841560
5.14E-06,7.197712745373690
5.16E-06,7.195518943647320
5.18E-06,7.194152487454750
5.2E-06,7.193364188588320
5.22E-06,7.192878515224800
5.24E-06,7.192403264221950
5.26E-06,7.1916402278997900
5.28E-06,7.1902971542516400
5.3E-06,7.188100779905420
5.32E-06,7.184810458435440
5.34E-06,7.180231886398770
5.36E-06,7.174230475369330
5.38E-06,7.166743894869070
5.4E-06,7.157793159607500
5.42E-06,7.147491315571300
5.44E-06,7.136048299941710
5.46E-06,7.123770079933130
5.48E-06,7.111050066753470
5.5E-06,7.098351382793580
5.52E-06,7.086179868316580
5.54E-06,7.075049414063090
5.56E-06,7.065442784504840
5.58E-06,7.057772137283320
5.6E-06,7.052343791119200
5.62E-06,7.049331500009400
5.64E-06,7.048761623525040
5.66E-06,7.050512122147260
5.68E-06,7.054325304488820
5.7E-06,7.059832061871060
5.72E-06,7.066583554616800
5.74E-06,7.074085502
5.76E-06,7.081830550598710
5.78E-06,7.089325455778200
5.8E-06,7.096111494696940
5.82E-06,7.101778167551580
5.84E-06,7.105971378837540
5.86E-06,7.108397911426680
5.88E-06,7.108828171750690
5.9E-06,7.1070989592097000
5.92E-06,7.103117359129890
5.94E-06,7.0968658571304600
5.96E-06,7.088407747625850
5.98000000000001E-06,7.077891261988580
6E-06,7.065550773124050
6.02E-06,7.051703852142430
6.04E-06,7.036743609650070
6.06000000000001E-06,7.021126412870120
6.08E-06,7.005355585352810
6.1E-06,6.989961998404640
6.12E-06,6.975482523585800
6.14000000000001E-06,6.962437151632530
6.16E-06,6.951305304472800
6.18E-06,6.942501697081580
6.2E-06,6.936352284964160
6.22000000000001E-06,6.9330714104947600
6.24000000000001E-06,6.932741995331480
6.26E-06,6.9353011520011000
6.28E-06,6.940533668962430
6.30000000000001E-06,6.948075411
6.32000000000001E-06,6.957427806770930
6.34E-06,6.967983350956130
6.36E-06,6.979060550315110
6.38000000000001E-06,6.9899453350465800
6.40000000000001E-06,6.999934955558830
6.42000000000001E-06,7.008380145691870
6.44E-06,7.014721869802900
6.46E-06,7.018520060236870
6.48000000000001E-06,7.0194730306704800
6.50000000000001E-06,7.017427428200690
6.52E-06,7.012379527858650
6.54E-06,7.004469347305990
6.56000000000001E-06,6.993969433597640
6.58000000000001E-06,6.981270165
6.6E-06,6.966862949981370
6.62E-06,6.951321864003440
6.64000000000001E-06,6.935283257274380
6.66000000000001E-06,6.919422108734260
6.68000000000001E-06,6.904423716952910
6.7E-06,6.890949954682780
6.72000000000001E-06,6.879600645
6.74000000000001E-06,6.870872277302790
6.76000000000001E-06,6.865117797126180
6.78E-06,6.862512168508190
6.80000000000001E-06,6.863028600302430
6.82000000000001E-06,6.866429631482300
6.84000000000001E-06,6.872275751507340
6.86000000000001E-06,6.879952093956510
6.88000000000001E-06,6.888711358305070
6.90000000000001E-06,6.8977289321865600
6.92000000000001E-06,6.906164617117970
6.94000000000001E-06,6.913224670765070
6.96000000000001E-06,6.918218121194500
6.98000000000001E-06,6.920602346241220
7.00000000000001E-06,6.920014506297390
7.02000000000001E-06,6.916287293323550
7.04000000000001E-06,6.909449311679170
7.06000000000001E-06,6.899711957205190
7.08000000000001E-06,6.887445717573430
7.10000000000001E-06,6.873149295595720
7.12000000000001E-06,6.857414854054010
7.14000000000001E-06,6.840892061441770
7.16000000000001E-06,6.824252656166620
7.18000000000001E-06,6.808156247905850
7.20000000000001E-06,6.793217415221950
7.22000000000001E-06,6.779974147015460
7.24000000000001E-06,6.768858394616170
7.26000000000001E-06,6.760170683619870
7.28000000000001E-06,6.7540617858282400
7.30000000000001E-06,6.750524722
7.32000000000001E-06,6.749399525876310
7.34000000000001E-06,6.7503914259191900
7.36000000000001E-06,6.753100903144110
7.38000000000001E-06,6.757062088988830
7.40000000000001E-06,6.761784601948750
7.42000000000001E-06,6.7667934724100300
7.44000000000001E-06,6.771662316
7.46000000000001E-06,6.776036276648340
7.48000000000001E-06,6.779643205351440
7.50000000000001E-06,6.782293644
7.52000000000001E-06,6.783872056461240
7.54000000000001E-06,6.784322969793940
7.56000000000001E-06,6.783636118490780
7.58000000000001E-06,6.781834192433130
7.60000000000001E-06,6.778965520763980
7.62000000000001E-06,6.775102210868630
7.64000000000001E-06,6.770342406478220
7.66000000000001E-06,6.7648139720137500
7.68000000000001E-06,6.758676441178510
7.70000000000001E-06,6.75211855
7.72000000000001E-06,6.745349886810730
7.74000000000001E-06,6.738586804161630
7.76000000000001E-06,6.732034399867570
7.78000000000001E-06,6.7258677767977600
7.80000000000001E-06,6.720216527523330
7.82000000000001E-06,6.715156157752760
7.84000000000001E-06,6.710708845034170
7.86000000000001E-06,6.706853806285030
7.88000000000001E-06,6.703545211132060
7.90000000000001E-06,6.700733696987500
7.92000000000001E-06,6.698386604343910
7.94000000000001E-06,6.696502252466030
7.96000000000001E-06,6.6951148391896500
7.98000000000001E-06,6.694288573858840
8.00000000000001E-06,6.694101973128900
8.02000000000001E-06,6.694625334296770
8.04000000000001E-06,6.695895800577940
8.06000000000001E-06,6.697894902651430
8.08000000000001E-06,6.700532990452560
8.10000000000001E-06,6.7036437319824900
8.12000000000001E-06,6.7069901424947100
8.14000000000001E-06,6.710281760907900
8.16000000000001E-06,6.713200932001230
8.18000000000001E-06,6.715434916767000
8.20000000000001E-06,6.716709852795710
8.22000000000001E-06,6.716822424972100
8.24000000000001E-06,6.715665422072340
8.26000000000001E-06,6.7132440611381200
8.28000000000001E-06,6.709680960464540
8.30000000000001E-06,6.705208831758360
8.32000000000001E-06,6.700151257252780
8.34000000000001E-06,6.694893243629700
8.36000000000001E-06,6.689844493870860
8.38000000000001E-06,6.685399342031510
8.40000000000001E-06,6.681897856338100
8.42000000000001E-06,6.679592587767480
8.44000000000001E-06,6.678624808856420
8.46000000000001E-06,6.679012963061800
8.48000000000001E-06,6.680654595310170
8.50000000000001E-06,6.683341427810560
8.52000000000001E-06,6.686785647514090
8.54000000000001E-06,6.690654051153810
8.56000000000001E-06,6.694605629833780
8.58000000000001E-06,6.698327655833570
8.60000000000001E-06,6.7015655026085800
8.62000000000001E-06,6.704142309901730
8.64000000000001E-06,6.705966104702410
8.66000000000001E-06,6.707023939358450
8.68000000000001E-06,6.707364753439200
8.70000000000001E-06,6.707074599045780
8.72000000000001E-06,6.706249125698170
8.74000000000001E-06,6.7049685244822000
8.76000000000001E-06,6.703279513685540
8.78000000000001E-06,6.701187611146870
8.80000000000001E-06,6.698661091397500
8.82000000000001E-06,6.695645910357010
8.84000000000001E-06,6.692088848822610
8.86000000000001E-06,6.687964569765450
8.88000000000001E-06,6.683301481776180
8.90000000000001E-06,6.67820136
8.92000000000001E-06,6.672848573177320
8.94000000000001E-06,6.667506332287520
8.96000000000001E-06,6.662499394980730
8.98000000000001E-06,6.658184736294310
9.00000000000001E-06,6.654913645666890
9.02000000000001E-06,6.652990184
9.04000000000001E-06,6.652631732866910
9.06000000000001E-06,6.6539372905477100
9.08000000000001E-06,6.656868248056460
9.10000000000001E-06,6.661244663157410
9.12000000000001E-06,6.666757826949240
9.14000000000001E-06,6.672997431421720
9.16000000000001E-06,6.679489412917770
9.18000000000001E-06,6.685739074372130
9.20000000000001E-06,6.691273706398930
9.22000000000001E-06,6.695679595804920
9.24000000000001E-06,6.698629691361730
9.26000000000001E-06,6.699899869775170
9.28000000000001E-06,6.699373403966700
9.30000000000001E-06,6.697034730952420
9.32000000000001E-06,6.692954851413610
9.34000000000001E-06,6.687271526228060
9.36000000000001E-06,6.680167716144830
9.38000000000001E-06,6.671851410939820
9.40000000000001E-06,6.662539263829290
9.42000000000001E-06,6.652445522250690
9.44000000000001E-06,6.641776817970140
9.46000000000001E-06,6.6307325301147500
9.48000000000001E-06,6.619509658654680
9.50000000000001E-06,6.608310438586060
9.52000000000001E-06,6.597350387517310
9.54000000000001E-06,6.5868643115256000
9.56000000000001E-06,6.577108136
9.58000000000001E-06,6.568355212464930
9.60000000000001E-06,6.5608867520068700
9.62000000000001E-06,6.554976998
9.64000000000001E-06,6.550874552549710
9.66000000000001E-06,6.548781829614720
9.68000000000001E-06,6.548834848475180
9.70000000000001E-06,6.5510855684456100
9.72000000000001E-06,6.555488655187430
9.74000000000001E-06,6.561894195
9.76000000000001E-06,6.570047485074880
9.78000000000001E-06,6.5795966261350800
9.80000000000001E-06,6.590108033273010
9.82000000000001E-06,6.601089171634500
9.84000000000001E-06,6.612016831371970
9.86000000000001E-06,6.622368438234420
9.88000000000001E-06,6.631653473894920
9.90000000000001E-06,6.639442191385460
9.92000000000001E-06,6.645389381064790
9.94000000000001E-06,6.649251777965840
9.96000000000001E-06,6.650898562916820
9.98000000000001E-06,6.650315071326660
1E-05,6.647600160663710
1.002E-05,6.6429577485440700
1.004E-05,6.636682989783590
1.006E-05,6.629143592210180
1.008E-05,6.620757002585170
1.01E-05,6.611964672708750
1.012E-05,6.603205257519670
1.014E-05,6.594889162359580
1.016E-05,6.5873770449185800
1.018E-05,6.580964485150000
1.02E-05,6.575874064911820
1.022E-05,6.572254768198190
1.024E-05,6.570187279730600
1.026E-05,6.569692775840130
1.028E-05,6.570742399737280
1.03E-05,6.5732648724146000
1.032E-05,6.577150537172330
1.034E-05,6.582251360412690
1.036E-05,6.588377719559180
1.038E-05,6.5952939001170700
1.04E-05,6.6027148687009000
1.042E-05,6.6103069769392400
1.044E-05,6.617694779604870
1.046E-05,6.6244751876989600
1.048E-05,6.630238868022050
1.05E-05,6.634597376870050
1.052E-05,6.637213243203360
1.054E-05,6.637829322779110
1.056E-05,6.636293405650990
1.058E-05,6.632574411178630
1.06E-05,6.626767581400720
1.062E-05,6.619087725730980
1.064E-05,6.609851435025680
1.066E-05,6.5994508766155000
1.068E-05,6.588322975403600
1.07E-05,6.576918240148910
1.072E-05,6.565673074564830
1.074E-05,6.554988188486640
1.076E-05,6.545214043071270
1.078E-05,6.536642653942090
1.08E-05,6.529503996052770
1.082E-05,6.523964887404400
1.084E-05,6.52012848
1.086E-05,6.518033133460570
1.088E-05,6.517650276995140
1.09E-05,6.518881688748870
1.092E-05,6.521557282205950
1.094E-05,6.525434857
1.096E-05,6.530203335512420
1.098E-05,6.535490807185970
1.1E-05,6.540878299800730
1.102E-05,6.545919578
1.104E-05,6.550166478382580
1.106E-05,6.553198357443950
1.108E-05,6.554653341198530
1.11E-05,6.554258292551000
1.112E-05,6.551854070610390
1.114E-05,6.547412854313130
1.116E-05,6.541045160042330
1.118E-05,6.532995514263680
1.12E-05,6.52362721
1.122E-05,6.5133978275136900
1.124E-05,6.502828024234860
1.126E-05,6.4924664021278500
1.128E-05,6.482853192520580
1.13E-05,6.474485169167100
1.132E-05,6.467783847705460
1.134E-05,6.463068710736740
1.136E-05,6.460536933215690
1.138E-05,6.460250831
1.14E-05,6.462133954551340
1.142E-05,6.465976333962590
1.144E-05,6.471448823791980
1.146E-05,6.478125795826990
1.148E-05,6.485514650591790
1.15E-05,6.493089853931640
1.152E-05,6.500328622
1.154E-05,6.506745157834650
1.156E-05,6.5119206035773000
1.158E-05,6.515526521838750
1.16E-05,6.517340634
1.162E-05,6.517254446671540
1.164E-05,6.515273208427010
1.166E-05,6.511509172258520
1.168E-05,6.5061694778277200
1.17E-05,6.499540029667860
1.172E-05,6.491966688839370
1.174E-05,6.483834928300500
1.176E-05,6.475548896763110
1.178E-05,6.467510612069950
1.18E-05,6.460099782724970
1.182E-05,6.453654581707510
1.184E-05,6.448453659
1.186E-05,6.444699875175760
1.188E-05,6.442506655258980
1.19E-05,6.441888366577700
1.192E-05,6.442756397244330
1.194E-05,6.444922508886600
1.196E-05,6.448110423542290
1.198E-05,6.4519755614352600
1.2E-05,6.456131543048560
1.202E-05,6.460180836
1.204E-05,6.463746151965850
1.206E-05,6.466499147629360
1.208E-05,6.4681836225927700
1.21E-05,6.468631478065610
1.212E-05,6.4677707918875500
1.214E-05,6.465626247723810
1.216E-05,6.462312750218210
1.218E-05,6.458023401476920
1.22E-05,6.453013141872510
1.222E-05,6.447579334350610
1.224E-05,6.442040512103890
1.226E-05,6.436714506449680
1.228E-05,6.431897224293000
1.23E-05,6.4278433906214100
1.232E-05,6.424750543343050
1.234E-05,6.422747409590080
1.236E-05,6.421887482388340
1.238E-05,6.422148185646690
1.24E-05,6.423435517659550
1.242E-05,6.425593552615900
1.244E-05,6.428417741
1.246E-05,6.431670683706850
1.248E-05,6.435099020302270
1.25E-05,6.438450155773050
1.252E-05,6.441487743940130
1.254E-05,6.444004989520450
1.256E-05,6.445835037985570
1.258E-05,6.446857998687070
1.26E-05,6.447004525536410
1.262E-05,6.4462562866373000
1.264E-05,6.444643959900350
1.266E-05,6.442243466326080
1.268E-05,6.439170949092280
1.27E-05,6.435576620348240
1.272E-05,6.431637233310410
1.274E-05,6.427546792555950
1.276E-05,6.423505284076470
1.278E-05,6.419705657674440
1.28E-05,6.416319899239990
1.282E-05,6.413485603405110
1.284E-05,6.411294808445410
1.286E-05,6.409786856544360
1.288E-05,6.408946661541290
1.29E-05,6.408709049412510
1.292E-05,6.4089688809528100
1.294E-05,6.409595631484750
1.296E-05,6.410450225631440
1.298E-05,6.411401454530810
1.3E-05,6.412339380407020
1.302E-05,6.413183733176840
1.304E-05,6.413886262767970
1.306E-05,6.414427106537040
1.308E-05,6.414806257099490
1.31E-05,6.415032020584570
1.312E-05,6.415108838
1.314E-05,6.415026932944320
1.316E-05,6.4147559445690100
1.318E-05,6.414243978900350
1.32E-05,6.413422550007460
1.322E-05,6.412216706879260
1.324E-05,6.410558546068950
1.326E-05,6.408401475689050
1.328E-05,6.405732289
1.33E-05,6.4025784777407100
1.332E-05,6.399009239
1.334E-05,6.395129978
1.336E-05,6.391071443603660
1.338E-05,6.386975559146120
1.34E-05,6.382980391691880
1.342E-05,6.379206590565160
1.344E-05,6.375747105758970
1.346E-05,6.3726612754327100
1.348E-05,6.369973582513690
1.35E-05,6.367676664446140
1.352E-05,6.365737635
1.354E-05,6.364106519806490
1.356E-05,6.362725632704720
1.358E-05,6.361538897317100
1.36E-05,6.360500346366200
1.362E-05,6.359581124561050
1.364E-05,6.358774325865440
1.366E-05,6.358096961076840
1.368E-05,6.357588410383620
1.37E-05,6.357304984872720
1.372E-05,6.357310754644250
1.374E-05,6.357665507115960
1.376E-05,6.358411352128960
1.378E-05,6.359559879
1.38E-05,6.3610818292628100
1.382E-05,6.3629010590181200
1.384E-05,6.364894154702980
1.386E-05,6.366896496506940
1.388E-05,6.368714731106420
1.39E-05,6.370144651707470
1.392E-05,6.370992529121550
1.394E-05,6.371097235168980
1.396E-05,6.370350219650340
1.398E-05,6.368710591
1.4E-05,6.366213142750180
1.402E-05,6.3629680510782500
1.404E-05,6.359152107230240
1.406E-05,6.354992562947820
1.408E-05,6.350745803049820
1.41E-05,6.346673750424760
1.412E-05,6.343020996376780
1.414E-05,6.339995140857120
1.416E-05,6.337751940650090
1.418E-05,6.336385893
1.42E-05,6.335926085
1.422E-05,6.336336648039620
1.424E-05,6.337521033545160
1.426E-05,6.339329401024450
1.428E-05,6.341568632473520
1.43E-05,6.344014565805010
1.432E-05,6.346425986031350
1.434E-05,6.348559713
1.436E-05,6.350185873830770
1.438E-05,6.351102242529260
1.44E-05,6.351146462235630
1.442E-05,6.350205170386960
1.444E-05,6.348219476683520
1.446E-05,6.345186804749480
1.448E-05,6.341159607084150
1.45E-05,6.336241759690050
1.452E-05,6.330583446277510
1.454E-05,6.324375055568470
1.456E-05,6.317840166049090
1.458E-05,6.311227290919760
1.46E-05,6.304799882436250
1.462E-05,6.298824213246750
1.464E-05,6.293555122142250
1.466E-05,6.2892201409809400
1.468E-05,6.286003084657860
1.47E-05,6.284028646186140
1.472E-05,6.283349783594450
1.474E-05,6.2839396721739900
1.476E-05,6.285689742253390
1.478E-05,6.288414860765160
1.48E-05,6.291866045749310
1.482E-05,6.295750216300240
1.484E-05,6.299755444584070
1.486E-05,6.303579195698330
1.488E-05,6.306956384843150
1.49E-05,6.3096839414072500
1.492E-05,6.311638977852270
1.494E-05,6.312788512740450
1.496E-05,6.313189820355030
1.498E-05,6.312981686
1.5E-05,6.312367950588170
1.502E-05,6.311595556665230
1.504E-05,6.310929757982620
1.506E-05,6.310629186131690
1.508E-05,6.310923177248030
1.51E-05,6.311993244970440
1.512E-05,6.313959961416790
1.514E-05,6.316875845750540
1.516E-05,6.3207242134597400
1.518E-05,6.325423368288290
1.52E-05,6.330835096644180
1.522E-05,6.336776205066920
1.524E-05,6.343031821827720
1.526E-05,6.349369311029080
1.528E-05,6.355551859409510
1.53E-05,6.361351053139060
1.532E-05,6.366558049026530
1.534E-05,6.370993237
1.536E-05,6.374514516985330
1.538E-05,6.377024376721560
1.54E-05,6.378475800859760
1.542E-05,6.3788767213271800
1.544E-05,6.378292371477420
1.546E-05,6.376844727154550
1.548E-05,6.374708340515680
1.55E-05,6.372102299765030
1.552E-05,6.369278629264250
1.554E-05,6.366507972982780
1.556E-05,6.364063747761770
1.558E-05,6.362206095866850
1.56E-05,6.361166940713970
1.562E-05,6.361137262240500
1.564E-05,6.362257351642980
1.566E-05,6.364610320243770
1.568E-05,6.368218643170160
1.57E-05,6.3730431767471600
1.572E-05,6.378984036259540
1.574E-05,6.385882999
1.576E-05,6.393527588672500
1.578E-05,6.401657460125380
1.58E-05,6.409973885970860
1.582E-05,6.418152992770270
1.584E-05,6.425862907428830
1.586E-05,6.432784271982250
1.588E-05,6.438632760760850
1.59E-05,6.4431814605043700
1.592E-05,6.446280457
1.594E-05,6.447870898513900
1.596E-05,6.447991280435640
1.598E-05,6.446774712240780
1.6E-05,6.444437325602030
1.602E-05,6.441259463063610
1.604E-05,6.437562449961480
1.606E-05,6.4336842748825500
1.608E-05,6.4299572494697700
1.61E-05,6.426689802259350
1.612E-05,6.424153321022000
1.614E-05,6.422573814771470
1.616E-05,6.422127421447870
1.618E-05,6.422938510182070
1.62E-05,6.425079212923280
1.622E-05,6.428569522552380
1.624E-05,6.43337751
1.626E-05,6.439419682202330
1.628E-05,6.4465619346325200
1.63E-05,6.454621905678380
1.632E-05,6.463373608998880
1.634E-05,6.472555059848380
1.636E-05,6.481879156268320
1.638E-05,6.491047516660410
1.64E-05,6.499766447976790
1.642E-05,6.507763821
1.644E-05,6.514805382181080
1.646E-05,6.5207089374172000
1.648E-05,6.525354973242430
1.65E-05,6.528692617345600
1.652E-05,6.530740392456640
1.654E-05,6.531581802048290
1.656E-05,6.531356285449300
1.658E-05,6.530246428502030
1.66E-05,6.528462570250100
1.662E-05,6.526226180248910
1.664E-05,6.523753591556320
1.666E-05,6.5212417636140800
1.668E-05,6.518857592037830
1.67E-05,6.5167318358001000
1.672E-05,6.514958093293450
1.674E-05,6.513596585949290
1.676E-05,6.512681892689750
1.678E-05,6.512233230950460
1.68E-05,6.512265433
1.682E-05,6.5127985375053100
1.684E-05,6.513864083501800
1.686E-05,6.515506759001530
1.688E-05,6.517781016
1.69E-05,6.520743276096620
1.692E-05,6.524441256877740
1.694E-05,6.5289025300233100
1.696E-05,6.534124516528170
1.698E-05,6.540067840105420
1.7E-05,6.546654330923240
1.702E-05,6.553770148259630
1.704E-05,6.561273551595460
1.706E-05,6.569005954876540
1.708E-05,6.576804286870920
1.71E-05,6.5845125704854100
1.712E-05,6.591991068579480
1.714E-05,6.599122129099820
1.716E-05,6.605812685009080
1.718E-05,6.6119939959962900
1.72E-05,6.6176196028456800
1.722E-05,6.622662625
1.724E-05,6.627113461
1.726E-05,6.630978621
1.728E-05,6.6342809292588400
1.73E-05,6.6370607430853800
1.732E-05,6.639377462
1.734E-05,6.641310381441230
1.736E-05,6.642958094806370
1.738E-05,6.644435962229750
1.74E-05,6.645871584955560
1.742E-05,6.647398544
1.744E-05,6.649148880485900
1.746E-05,6.6512449210839700
1.748E-05,6.653791119
1.75E-05,6.656866612482310
1.752E-05,6.660519151719030
1.754E-05,6.6647609573621200
1.756E-05,6.669566888584440
1.758E-05,6.674875064821730
1.76E-05,6.680589781531800
1.762E-05,6.686586306098510
1.764E-05,6.692717038
1.766E-05,6.698818598551040
1.768E-05,6.704719598
1.77E-05,6.710248972836520
1.772E-05,6.7152448345318600
1.774E-05,6.719563663771580
1.776E-05,6.723089516160960
1.778E-05,6.725742676267960
1.78E-05,6.727486993918150
1.782E-05,6.728334991381390
1.784E-05,6.728349841524500
1.786E-05,6.727643566212170
1.788E-05,6.726371288872250
1.79E-05,6.724721978658500
1.792E-05,6.722906659833340
1.794E-05,6.721145368367020
1.796E-05,6.719654167378380
1.798E-05,6.718633335168620
1.8E-05,6.718257493460230
1.802E-05,6.718668029443680
1.804E-05,6.719967792
1.806E-05,6.7222178172984800
1.808E-05,6.725435809671160
1.81E-05,6.729596143
1.812E-05,6.734631224184230
1.814E-05,6.740434027428700
1.816E-05,6.746861655499280
1.818E-05,6.753739883381790
1.82E-05,6.760868847098420
1.822E-05,6.768030158999110
1.824E-05,6.774995701553020
1.826E-05,6.781538172
1.828E-05,6.7874431816942500
1.83E-05,6.792522395454010
1.832E-05,6.7966268126133500
1.834E-05,6.799658920663160
1.836E-05,6.801582175463770
1.838E-05,6.802426273116460
1.84E-05,6.802287064665770
1.842E-05,6.801320703387040
1.844E-05,6.799732511123400
1.846E-05,6.797761821778420
1.848E-05,6.795664487682590
1.85E-05,6.793694786
1.852E-05,6.792088261359580
1.854E-05,6.791046742
1.856E-05,6.790726421797450
1.858E-05,6.791229580421530
1.86E-05,6.792600171807690
1.862E-05,6.7948232139601500
1.864E-05,6.797827645888630
1.866E-05,6.801492150997120
1.868E-05,6.805653396882400
1.87E-05,6.810116171
1.872E-05,6.814664920981020
1.874E-05,6.819076225745970
1.876E-05,6.823131686915610
1.878E-05,6.826630732808400
1.88E-05,6.829402749615010
1.882E-05,6.831317910308560
1.884E-05,6.832296058639150
1.886E-05,6.832313077018550
1.888E-05,6.831404312547640
1.89E-05,6.829664818113410
1.892E-05,6.827246336665480
1.894E-05,6.8243510774995200
1.896E-05,6.821222396085150
1.898E-05,6.818132529112000
1.9E-05,6.815367623762130
1.902E-05,6.813210505923050
1.904E-05,6.811921981392700
1.906E-05,6.811721899
1.908E-05,6.8127715793606500
1.91E-05,6.815159372687800
1.912E-05,6.818890928152480
1.914E-05,6.823885317137790
1.916E-05,6.829977488501870
1.918E-05,6.8369268321970700
1.92E-05,6.844430998176740
1.922E-05,6.852143692584130
1.924E-05,6.859694989798990
1.926E-05,6.866712708
1.928E-05,6.872843526435120
1.93E-05,6.877772696697960
1.932E-05,6.881241426126430
1.934E-05,6.8830611541829400
1.936E-05,6.883124117451530
1.938E-05,6.881409723076010
1.94E-05,6.8779863811138400
1.942E-05,6.873008579468540
1.944E-05,6.8667091929813400
1.946E-05,6.859387360503210
1.948E-05,6.851392694274640
1.95E-05,6.843106947742420
1.952E-05,6.834924408556440
1.954E-05,6.827232177890120
1.956E-05,6.820391259026110
1.958E-05,6.814719162179770
1.96E-05,6.810474630936090
1.962E-05,6.807845100048130
1.964E-05,6.806937525637810
1.966E-05,6.8077732025121600
1.968E-05,6.810287053
1.97E-05,6.814331616865270
1.972E-05,6.819685604172680
1.974E-05,6.826066427793740
1.976E-05,6.833145799
1.978E-05,6.840567317231710
1.98E-05,6.847965038279210
1.982E-05,6.854982092003820
1.984E-05,6.8612884224641800
1.986E-05,6.866596692718960
1.988E-05,6.870675460633800
1.99E-05,6.873358983358070
1.992E-05,6.874553383149910
1.994E-05,6.874239246064830
1.996E-05,6.8724709108695200
1.998E-05,6.869372754312370
2E-05,6.865132770027030
2.002E-05,6.859993701
2.004E-05,6.854241909043250
2.006E-05,6.848194064604060
2.008E-05,6.842181736108650
2.01E-05,6.836534090820670
2.012E-05,6.831559294663480
2.014E-05,6.827525700610170
2.016E-05,6.824644415597250
2.018E-05,6.823055124031300
2.02E-05,6.822816969
2.022E-05,6.8239058071176000
2.024E-05,6.826218328381040
2.026E-05,6.8295826280191100
2.028E-05,6.833773949213700
2.03E-05,6.838533739381510
2.032E-05,6.843589819950160
2.034E-05,6.848675435099870
2.036E-05,6.853545225620420
2.038E-05,6.8579867718673500
2.04E-05,6.861827176676700
2.042E-05,6.8649350437536700
2.044E-05,6.867218937516670
2.046E-05,6.868623796021080
2.048E-05,6.869126720464290
2.05E-05,6.868733153233400
2.052E-05,6.867473879893460
2.054E-05,6.865402770815670
2.056E-05,6.8625948678198200
2.058E-05,6.859144361703800
2.06E-05,6.855162131788330
2.062E-05,6.850772706963270
2.064E-05,6.846110662970130
2.066E-05,6.841316569733210
2.068E-05,6.836532667001520
2.07E-05,6.831898481
2.072E-05,6.827546585216100
2.074E-05,6.823598635155650
2.076E-05,6.820161764149000
2.078E-05,6.817325355
2.08E-05,6.815158228010620
2.082E-05,6.813706300002470
2.084E-05,6.812990757608120
2.086E-05,6.813006783078660
2.088E-05,6.813722821809270
2.09E-05,6.815080381061820
2.092E-05,6.816994375369290
2.094E-05,6.819354093349100
2.096E-05,6.822024941173360
2.098E-05,6.824851214558430
2.1E-05,6.827660235524550
2.102E-05,6.830268200622950
2.104E-05,6.832487978435470
2.106E-05,6.834138871
2.108E-05,6.835058036460340
2.11E-05,6.835112841573930
2.112E-05,6.834212975619060
2.114E-05,6.832320752026390
2.116E-05,6.829457931
2.118E-05,6.825707635462400
2.12E-05,6.821210566272920
2.122E-05,6.816155621748770
2.124E-05,6.810765970367870
2.126E-05,6.805282349447750
2.128E-05,6.799945663692390
2.13E-05,6.794980809754760
2.132E-05,6.790583182062780
2.134E-05,6.786908696513630
2.136E-05,6.784067548954520
2.138E-05,6.782121418
2.14E-05,6.781083508646610
2.142E-05,6.780920717759410
2.144E-05,6.781557275220070
2.146E-05,6.782879356980010
2.148E-05,6.784740414506810
2.15E-05,6.786967214364660
2.152E-05,6.7893667811381100
2.154E-05,6.791734487028120
2.156E-05,6.793863427562890
2.158E-05,6.7955550317371200
2.16E-05,6.796630631483190
2.162E-05,6.796943458678320
2.164E-05,6.796390240904530
2.166E-05,6.7949212769395100
2.168E-05,6.792547677634130
2.17E-05,6.789344435897150
2.172E-05,6.785448197841530
2.174E-05,6.781049089216300
2.176E-05,6.776376701749930
2.178E-05,6.771681254799220
2.18E-05,6.767211810922330
2.182E-05,6.763194003374400
2.184E-05,6.7598098626580800
2.186E-05,6.757181994241050
2.188E-05,6.7553636988751000
2.19E-05,6.7543358273177500
2.192E-05,6.754010359641450
2.194E-05,6.754239982000030
2.196E-05,6.754832367596480
2.198E-05,6.755567495754110
2.2E-05,6.756216174
2.202E-05,6.756557963656360
2.204E-05,6.756396951909590
2.206E-05,6.755574254323530
2.208E-05,6.753976689828200
2.21E-05,6.751541630470040
2.212E-05,6.748258447679430
2.214E-05,6.7441671771720700
2.216E-05,6.739354998834500
2.218E-05,6.733950952447870
2.22E-05,6.728119099468290
2.222E-05,6.722050186
2.224E-05,6.715951806959460
2.226E-05,6.710037123819800
2.228E-05,6.704512401506410
2.23E-05,6.6995639552869300
2.232E-05,6.695345513617660
2.234E-05,6.691967273529980
2.236E-05,6.689487906594200
2.238E-05,6.687910422929860
2.24E-05,6.687182256731330
2.242E-05,6.687199402339430
2.244E-05,6.687814045
2.246E-05,6.688844914427690
2.248E-05,6.690089446078590
2.25E-05,6.691336750548670
2.252E-05,6.692380285749820
2.254E-05,6.693029204280410
2.256E-05,6.693117591344670
2.258E-05,6.692511248278140
2.26E-05,6.691112154237580
2.262E-05,6.688861076470150
2.264E-05,6.685738879112430
2.266E-05,6.681766907185850
2.268E-05,6.677006498652490
2.27E-05,6.671557335188530
2.272E-05,6.665554108
2.274E-05,6.659160959276170
2.276E-05,6.652563449348590
2.278E-05,6.645958292
2.28E-05,6.6395416724077800
2.282E-05,6.633497276422570
2.284E-05,6.627985204252420
2.286E-05,6.623132749951320
2.288E-05,6.619027760106490
2.29E-05,6.615715009250450
2.292E-05,6.613195732550530
2.294E-05,6.611430106027500
2.296E-05,6.610342109
2.298E-05,6.609825966407120
2.3E-05,6.6097533686848900
2.302E-05,6.609980824289050
2.304E-05,6.610356810907130
2.306E-05,6.6107286096634400
2.308E-05,6.610948835093040
2.31E-05,6.610881612235730
2.312E-05,6.610408185930210
2.314E-05,6.609431618554160
2.316E-05,6.607880254200500
2.318E-05,6.6057097848010700
2.32E-05,6.602903949260370
2.322E-05,6.5994740471757100
2.324E-05,6.595457515218920
2.326E-05,6.590915785884970
2.328E-05,6.585931546031870
2.33E-05,6.580605395149170
2.332E-05,6.575051831648680
2.334E-05,6.5693944850319700
2.336E-05,6.563760543967650
2.338E-05,6.558274413022240
2.34E-05,6.553050803534840
2.342E-05,6.5481877208876900
2.344E-05,6.543760056660730
2.346E-05,6.539814612057460
2.348E-05,6.536367313
2.35E-05,6.533403144
2.352E-05,6.530878978531130
2.354E-05,6.528729081547120
2.356E-05,6.526872716
2.358E-05,6.525222990622640
2.36E-05,6.523695946
2.362E-05,6.522218822268520
2.364E-05,6.520736530795970
2.366E-05,6.519215550612840
2.368E-05,6.517644762252910
2.37E-05,6.516033036509930
2.372E-05,6.514403744993840
2.374E-05,6.512786775094770
2.376E-05,6.511209098
2.378E-05,6.509685308514890
2.38E-05,6.508209666636980
2.382E-05,6.506750936
2.384E-05,6.505250889023200
2.386E-05,6.503626829828090
2.388E-05,6.501777971191160
2.39E-05,6.499595012574730
2.392E-05,6.496971798731060
2.394E-05,6.493817638072590
2.396E-05,6.490068779267430
2.398E-05,6.485697682789080
2.4E-05,6.480719016282930
2.402E-05,6.475191699
2.404E-05,6.469216795
2.406E-05,6.462931551522460
2.408E-05,6.456500378855180
2.41E-05,6.450103909136920
2.412E-05,6.443927428
2.414E-05,6.438149867
2.416E-05,6.432934233411830
2.418E-05,6.428419953652110
2.42E-05,6.424717156667510
2.422E-05,6.421902584407400
2.424E-05,6.420016676404010
2.426E-05,6.419061515834750
2.428E-05,6.418999657912960
2.43E-05,6.419754188014970
2.432E-05,6.421210499
2.434E-05,6.423220172
2.436E-05,6.425607052989480
2.438E-05,6.428175230521980
2.44E-05,6.430718343756190
2.442E-05,6.433029547855900
2.444E-05,6.434911567
2.446E-05,6.436186430291310
2.448E-05,6.436704577
2.45E-05,6.436353032540330
2.452E-05,6.435062256660360
2.454E-05,6.432811232620710
2.456E-05,6.429630341589390
2.458E-05,6.425601678882770
2.46E-05,6.420856609
2.462E-05,6.4155704896295800
2.464E-05,6.409954580649050
2.466E-05,6.404245197410640
2.468E-05,6.398690331524060
2.47E-05,6.393534234294390
2.472E-05,6.389000888152180
2.474E-05,6.385277734827900
2.476E-05,6.382501323
2.478E-05,6.380746516464740
2.48E-05,6.380020552117090
2.482E-05,6.380262641704880
2.484E-05,6.381349161608130
2.486E-05,6.383103791144750
2.488E-05,6.385311373478700
2.49E-05,6.387733894521610
2.492E-05,6.3901269456226500
2.494E-05,6.392255336399640
2.496E-05,6.393906969487660
2.498E-05,6.394904468614860
2.5E-05,6.395114277049830
2.502E-05,6.394453045604870
2.504E-05,6.3928911638038700
2.506E-05,6.390453299488100
2.508E-05,6.387215857910080
2.51E-05,6.383301407
2.512E-05,6.3788703448708500
2.514E-05,6.3741103231044800
2.516E-05,6.369224139272610
2.518E-05,6.3644168673134600
2.52E-05,6.359883006425750
2.522E-05,6.355794355562350
2.524E-05,6.352289219879080
2.526E-05,6.349463444309520
2.528E-05,6.3473636967326000
2.53E-05,6.345983399369260
2.532E-05,6.345261685752740
2.534E-05,6.3450856726524800
2.536E-05,6.345296127153340
2.538E-05,6.345696273782950
2.54E-05,6.346063108843800
2.542E-05,6.346160318070090
2.544E-05,6.3457518380085400
2.546E-05,6.344615241459130
2.548E-05,6.342554342390550
2.55E-05,6.3394106
2.552E-05,6.335073039011320
2.554E-05,6.329486486662630
2.556E-05,6.322657970664290
2.558E-05,6.314661001703780
2.56E-05,6.305637322399990
2.562E-05,6.295795568337800
2.564E-05,6.285406277819370
2.566E-05,6.274792770131730
2.568E-05,6.2643175459556100
2.57E-05,6.254364066116620
2.572E-05,6.245314129384870
2.574E-05,6.237521675009500
2.576E-05,6.231284647003990
2.578E-05,6.226817412066530
2.58E-05,6.224226888430850
2.582E-05,6.223495790036030
2.584E-05,6.224476053367420
2.586E-05,6.226894532801900
2.588E-05,6.230371506735660
2.59E-05,6.234450681110830
2.592E-05,6.238637592992250
2.594E-05,6.242442004857950
2.596E-05,6.245419308497190
2.598E-05,6.247206185594060
2.6E-05,6.247546696164920
2.602E-05,6.246306405471980
2.604E-05,6.243473885588110
2.606E-05,6.239150650165460
2.608E-05,6.233531987549190
2.61E-05,6.2268820102105300
2.612E-05,6.219506458908940
2.614E-05,6.211726465801810
2.616E-05,6.203855749017170
2.618E-05,6.196182752935300
2.62E-05,6.188958236649350
2.622E-05,6.182387921
2.624E-05,6.176629175661080
2.626E-05,6.171790429791900
2.628E-05,6.167932021080590
2.63E-05,6.165067464891860
2.632E-05,6.163164565151870
2.634E-05,6.162146302419190
2.636E-05,6.161891938604950
2.638E-05,6.162239157866480
2.64E-05,6.162988243386260
2.642E-05,6.163909239743020
2.644E-05,6.164752746
2.646E-05,6.165264404452970
2.648E-05,6.1652023678167200
2.65E-05,6.164356185825150
2.652E-05,6.162564943102940
2.654E-05,6.159732204
2.656E-05,6.155835509188800
2.658E-05,6.150928757269900
2.66E-05,6.145136767041420
2.662E-05,6.138642425031000
2.664E-05,6.131667948904310
2.666E-05,6.124452669125370
2.668E-05,6.117230241253380
2.67E-05,6.110208245368580
2.672E-05,6.103552688046160
2.674E-05,6.097379062
2.676E-05,6.091750504339430
2.678E-05,6.086682458774130
2.68E-05,6.082152340775610
2.682E-05,6.078112139698070
2.684E-05,6.0745017146034200
2.686E-05,6.071260692
2.688E-05,6.068337333046520
2.69E-05,6.065693435
2.692E-05,6.063305115097720
2.694E-05,6.061160045175030
2.696E-05,6.059252194597790
2.698E-05,6.057575361403860
2.7E-05,6.056116737515630
2.702E-05,6.054851539
2.704E-05,6.053739399381590
2.706E-05,6.052722850684650
2.708E-05,6.051727838365560
2.71E-05,6.0506659752235100
2.712E-05,6.049438092576140
2.714E-05,6.047938668345730
2.716E-05,6.046060830923810
2.718E-05,6.043701794992600
2.72E-05,6.040768670166350
2.722E-05,6.037184527
2.724E-05,6.0328944388156000
2.726E-05,6.027871057925150
2.728E-05,6.022119161166310
2.73E-05,6.015678614387760
2.732E-05,6.008625296923190
2.734E-05,6.00106978
2.736E-05,5.993153843
2.738E-05,5.985045133107250
2.74E-05,5.976930260177600
2.742E-05,5.9690065895168800
2.744E-05,5.961472877316880
2.746E-05,5.954518998129070
2.748E-05,5.948315197790100
2.75E-05,5.943001583517750
2.752E-05,5.938678801886450
2.754E-05,5.935400939882950
2.756E-05,5.933171546
2.758E-05,5.931943331375340
2.76E-05,5.9316216990523300
2.762E-05,5.932071806425880
2.764E-05,5.933128544335140
2.766E-05,5.934608520058480
2.768E-05,5.936322974628050
2.77E-05,5.9380904890889000
2.772E-05,5.939748355970750
2.774E-05,5.941161624638690
2.776E-05,5.942229098874710
2.778E-05,5.942885966232780
2.78E-05,5.943103211870980
2.782E-05,5.942884397412990
2.784E-05,5.942260629279930
2.786E-05,5.941284533231100
2.788E-05,5.940023860196630
2.79E-05,5.938555127744420
2.792E-05,5.936957576838890
2.794E-05,5.935307709713110
2.796E-05,5.933674688177820
2.798E-05,5.932116817166400
2.8E-05,5.930679199038540
2.802E-05,5.929392498784270
2.804E-05,5.928272701256670
2.806E-05,5.927321773770950
2.808E-05,5.926529189298160
2.81E-05,5.925874252889420
2.812E-05,5.925329126161140
2.814E-05,5.924862415339290
2.816E-05,5.924443183377030
2.818E-05,5.924045215181720
2.82E-05,5.923651268244590
2.822E-05,5.923256908110370
2.824E-05,5.922873424082540
2.826E-05,5.9225292774424500
2.828E-05,5.922269546517960
2.83E-05,5.922152898539160
2.832E-05,5.922245760625940
2.834E-05,5.922613640650670
2.836E-05,5.923310049
2.838E-05,5.924364210752760
2.84E-05,5.925769535014200
2.842E-05,5.927475342429890
2.844E-05,5.929384295039330
2.846E-05,5.931357336372930
2.848E-05,5.933226728157950
2.85E-05,5.934816198
2.852E-05,5.935965571792930
2.854E-05,5.9365559470558700
2.856E-05,5.936530765920110
2.858E-05,5.935908371409730
2.86E-05,5.9347827657169000
2.862E-05,5.933311278995780
2.864E-05,5.931690297012440
2.866E-05,5.930122593849030
2.868E-05,5.928781657528330
2.87E-05,5.927779256616100
2.872E-05,5.927142116
2.874E-05,5.926801979108230
2.876E-05,5.926600925015110
2.878E-05,5.926311092401250
2.88E-05,5.9256655890886200
2.882E-05,5.924395623749930
2.884E-05,5.922268132758690
2.886E-05,5.919118401827750
2.888E-05,5.9148732915056700
2.89E-05,5.909562365798550
2.892E-05,5.903316133302050
2.894E-05,5.8963524195206400
2.896E-05,5.888953359594730
2.898E-05,5.881436478796170
2.9E-05,5.874123747023920
2.902E-05,5.867312374250260
2.904E-05,5.861250544781940
2.906E-05,5.856120380036140
2.908E-05,5.852029276155390
2.91E-05,5.849009512126250
2.912E-05,5.847024862137360
2.914E-05,5.845982098768940
2.916E-05,5.845744895280810
2.918E-05,5.846147751025580
2.92E-05,5.847008091880680
2.922E-05,5.8481354946107400
2.924E-05,5.849337880522770
2.926E-05,5.850425338387440
2.928E-05,5.851212788
2.93E-05,5.851522853266140
2.932E-05,5.8511900614188300
2.934E-05,5.850066963747520
2.936E-05,5.848032113748290
2.938E-05,5.844999201
2.94E-05,5.840926099481890
2.942E-05,5.835822278812530
2.944E-05,5.82975308
2.946E-05,5.822839692927660
2.948E-05,5.8152542676156500
2.95E-05,5.807210294594810
2.952E-05,5.798949046513010
2.954E-05,5.7907234362037800
2.956E-05,5.782780956536970
2.958E-05,5.7753474506794800
2.96E-05,5.768613325410450
2.962E-05,5.762723493424900
2.964E-05,5.757771838087670
2.966E-05,5.753800380858440
2.968E-05,5.750802677833690
2.97E-05,5.748730398928420
2.972E-05,5.747501687312090
2.974E-05,5.747009849684250
2.976E-05,5.7471311889228200
2.978E-05,5.747731263
2.98E-05,5.748669388838740
2.982E-05,5.749801668827800
2.984E-05,5.750983134332900
2.986E-05,5.752069744515190
2.988E-05,5.752920955712740
2.99E-05,5.753403371765760
2.992E-05,5.753395639
2.994E-05,5.752794342923870
2.996E-05,5.751520321415450
2.998E-05,5.749524597367670
3E-05,5.746793138479580
3.002E-05,5.743349781163120
3.004E-05,5.739256891069220
3.006E-05,5.734613598966770
3.008E-05,5.729551739
3.01E-05,5.724229869691100
3.012E-05,5.718825902078660
3.014E-05,5.713528785554620
3.016E-05,5.708529586058640
3.018E-05,5.704012151384820
3.02E-05,5.700143569521740
3.022E-05,5.697064703686140
3.024E-05,5.694881201250760
3.026E-05,5.693655505973470
3.028E-05,5.693400560518640
3.03E-05,5.694076035411240
3.032E-05,5.695587972862970
3.034E-05,5.697792582
3.036E-05,5.700504499480270
3.038E-05,5.703509149
3.04E-05,5.706578098046920
3.042E-05,5.7094856840917700
3.044E-05,5.712024914238800
3.046E-05,5.714020765
3.048E-05,5.715339460561200
3.05E-05,5.715893022524280
3.052E-05,5.715639167017430
3.054E-05,5.714577357910230
3.056E-05,5.712742321026620
3.058E-05,5.710196537603360
3.06E-05,5.707023119464650
3.062E-05,5.703320064997140
3.064E-05,5.699196306131960
3.066E-05,5.694769345494530
3.068E-05,5.690163818800680
3.07E-05,5.685510103
3.072E-05,5.680942123597560
3.074E-05,5.676593733561140
3.076E-05,5.672593338991460
3.078E-05,5.669056807819940
3.08E-05,5.666079036661260
3.082E-05,5.663724893633720
3.084E-05,5.662020563212500
3.086E-05,5.660946543520910
3.088E-05,5.6604336013703400
3.09E-05,5.660362817372590
3.092E-05,5.6605704393294000
3.094E-05,5.660857631502100
3.096E-05,5.661004448191930
3.098E-05,5.660786653739720
3.1E-05,5.659993577
3.102E-05,5.658445155207170
3.104E-05,5.656006613580820
3.106E-05,5.652599691613090
3.108E-05,5.648209706461490
3.11E-05,5.642888053810370
3.112E-05,5.636749933772170
3.114E-05,5.629967283602620
3.116E-05,5.622757200367070
3.118E-05,5.615366603956670
3.12E-05,5.608054428124210
3.122E-05,5.601073032104240
3.124E-05,5.5946506349994100
3.126E-05,5.588976360258190
3.128E-05,5.584189026033300
3.13E-05,5.580370264
3.132E-05,5.577542012775760
3.134E-05,5.575668007052990
3.136E-05,5.5746585933086400
3.138E-05,5.574378134
3.14E-05,5.5746543552314600
3.142E-05,5.575289225557120
3.144E-05,5.5760711555464200
3.146E-05,5.576788281708680
3.148E-05,5.577242321749840
3.15E-05,5.5772620502162000
3.152E-05,5.5767150768410500
3.154E-05,5.575516494663730
3.156E-05,5.573633209394900
3.158E-05,5.571083364
3.16E-05,5.567931080415380
3.162E-05,5.564277511221210
3.164E-05,5.5602496545023200
3.166E-05,5.555988531708480
3.168E-05,5.551638119780950
3.17E-05,5.547336059025110
3.172E-05,5.543206703729640
3.174E-05,5.539356654694430
3.176E-05,5.535872552817510
3.178E-05,5.532820631303720
3.18E-05,5.530247338959270
3.182E-05,5.528180299493180
3.184E-05,5.526628989
3.186E-05,5.525584767687380
3.188E-05,5.525020207832580
3.19E-05,5.524887971428840
3.192E-05,5.5251197368756700
3.194E-05,5.525625864503140
3.196E-05,5.526296527265800
3.198E-05,5.527004882772720
3.2E-05,5.5276125279282900
3.202E-05,5.527977043409660
3.204E-05,5.52796102
3.206E-05,5.527441667589540
3.208E-05,5.526320005858270
3.21E-05,5.524528700969970
3.212E-05,5.5220378099819800
3.214E-05,5.51885792
3.216E-05,5.515040411625840
3.218E-05,5.510674820454340
3.22E-05,5.5058835571734100
3.222E-05,5.500814519171250
3.224E-05,5.495632337335880
3.226E-05,5.490509029083490
3.228E-05,5.485614687417560
3.23E-05,5.481108632792030
3.232E-05,5.477131320992580
3.234E-05,5.473797258209390
3.236E-05,5.471189153047610
3.238E-05,5.469353498028980
3.24E-05,5.468297769005280
3.242E-05,5.467989498862790
3.244E-05,5.468357556
3.246E-05,5.469295890968300
3.248E-05,5.470669724468850
3.25E-05,5.472323626820480
3.252E-05,5.474090496526970
3.254E-05,5.475800230999410
3.256E-05,5.477287121751100
3.258E-05,5.4783955468873500
3.26E-05,5.478984147075240
3.262E-05,5.478929102
3.264E-05,5.478127241113570
3.266E-05,5.476499507779230
3.268E-05,5.473994902738660
3.27E-05,5.470594538482930
3.272E-05,5.466315119805210
3.274E-05,5.461211053994960
3.276E-05,5.455374542791940
3.278E-05,5.448933320147150
3.28E-05,5.442046071357540
3.282E-05,5.434895895646210
3.284E-05,5.427682372816300
3.286E-05,5.420612832000760
3.288E-05,5.413893329561090
3.29E-05,5.407719700083820
3.292E-05,5.402268928248860
3.294E-05,5.397691051880230
3.296E-05,5.394101858
3.298E-05,5.391576747299980
3.3E-05,5.390146244507400
3.302E-05,5.3897936863256700
3.304E-05,5.390455506318840
3.306E-05,5.392024321989790
3.308E-05,5.394354695725720
3.31E-05,5.397271118012460
3.312E-05,5.400577533476310
3.314E-05,5.4040676375486700
3.316E-05,5.407535178280030
3.318E-05,5.410783569344700
3.32E-05,5.413634264423980
3.322E-05,5.415933554369300
3.324E-05,5.4175576615061400
3.326E-05,5.418416148500740
3.328E-05,5.418453721350460
3.33E-05,5.417650517240290
3.332E-05,5.416020951410900
3.334E-05,5.413611181772610
3.336E-05,5.410495284637590
3.338E-05,5.406770328169070
3.34E-05,5.402550612524670
3.342E-05,5.397961352844950
3.344E-05,5.393132043025310
3.346E-05,5.388189742296770
3.348E-05,5.383252622118870
3.35E-05,5.378424260273300
3.352E-05,5.373789262430010
3.354E-05,5.369410715589370
3.356E-05,5.365329710718960
3.358E-05,5.361566810185550
3.36E-05,5.358125018102450
3.362E-05,5.354993632503830
3.364E-05,5.352152345349920
3.366E-05,5.349575086556410
3.368E-05,5.3472333208854400
3.37E-05,5.345098723
3.372E-05,5.343145298649040
3.374E-05,5.341351054
3.376E-05,5.339699214281190
3.378E-05,5.338178878391480
3.38E-05,5.336784955436640
3.382E-05,5.335517284664670
3.384E-05,5.334379013676280
3.386E-05,5.333374416802080
3.388E-05,5.332506399928620
3.39E-05,5.3317740058269000
3.392E-05,5.331170354730540
3.394E-05,5.330681539054780
3.396E-05,5.330286869207640
3.398E-05,5.329960482226050
3.4E-05,5.329673841222190
3.402E-05,5.3293983411570400
3.404E-05,5.329107255735650
3.406E-05,5.328776569267370
3.408E-05,5.328384667270210
3.41E-05,5.327911247716280
3.412E-05,5.327336075576370
3.414E-05,5.326638298811690
3.416E-05,5.325796931386420
3.418E-05,5.324792766365600
3.42E-05,5.323611482005360
3.422E-05,5.322247220241580
3.424E-05,5.320705646132770
3.426E-05,5.319005554086800
3.428E-05,5.317178441611370
3.43E-05,5.31526596
3.432E-05,5.313315578733560
3.434E-05,5.311375063934250
3.436E-05,5.309486479343960
3.438E-05,5.307680453198640
3.44E-05,5.3059714515814400
3.442E-05,5.304354770794550
3.444E-05,5.3028058664902100
3.446E-05,5.301282433740310
3.448E-05,5.299729305211500
3.45E-05,5.298085749148520
3.452E-05,5.296294202
3.454E-05,5.294309017421100
3.456E-05,5.2921036248746500
3.458E-05,5.289674738502060
3.46E-05,5.2870428513588300
3.462E-05,5.284249057150130
3.464E-05,5.2813489134606400
3.466E-05,5.278404456
3.468E-05,5.275475560951410
3.47E-05,5.272611731
3.472E-05,5.269845135005770
3.474E-05,5.267185534652500
3.476E-05,5.264617553369460
3.478E-05,5.262100704524090
3.48E-05,5.2595724693109700
3.482E-05,5.256954481503740
3.484E-05,5.254161455557020
3.486E-05,5.251111997775430
3.488E-05,5.247740020517310
3.49E-05,5.244005274496030
3.492E-05,5.2399015884821800
3.494E-05,5.235461731074080
3.496E-05,5.2307582735200100
3.498E-05,5.225900294892300
3.5E-05,5.2210261548807200
3.502E-05,5.2162928998847100
3.504E-05,5.2118632428235800
3.506E-05,5.207891459410210
3.508E-05,5.204509834872490
3.51E-05,5.201817313
3.512E-05,5.199871709
3.514E-05,5.198686349
3.516E-05,5.198231406116490
3.518E-05,5.198439587519420
3.52E-05,5.199215203716170
3.522E-05,5.200445171613010
3.524E-05,5.202010246747980
3.526E-05,5.203794842654370
3.528E-05,5.205694134166430
3.53E-05,5.207617691
3.532E-05,5.209489573480020
3.534E-05,5.211245504477750
3.536E-05,5.212828261190630
3.538E-05,5.214182608742060
3.54E-05,5.215251019
3.542E-05,5.215971143341970
3.544E-05,5.216275677543010
3.546E-05,5.216094898179630
3.548E-05,5.215361809419270
3.55E-05,5.214019523097950
3.552E-05,5.212030198
3.554E-05,5.209384552764210
3.556E-05,5.206110670654210
3.558E-05,5.202280605877540
3.56E-05,5.198013337839140
3.562E-05,5.193472956436880
3.564E-05,5.188861618706560
3.566E-05,5.184407643958570
3.568E-05,5.180349904931840
3.57E-05,5.176920225713210
3.572E-05,5.174325714539240
3.574E-05,5.172732858889200
3.576E-05,5.172254877600190
3.578E-05,5.172943363152620
3.58E-05,5.174784748274760
3.582E-05,5.177701660554360
3.584E-05,5.181558824832630
3.586E-05,5.186172844484040
3.588E-05,5.191324919813750
3.59E-05,5.196775333045430
3.592E-05,5.202278391459700
3.594E-05,5.207596557270860
3.596E-05,5.212512732441130
3.598E-05,5.216840033708040
3.6E-05,5.220428770899720
3.602E-05,5.223170654775970
3.604E-05,5.225000489645430
3.606E-05,5.225895753557430
3.608E-05,5.225874534366490
3.61E-05,5.224992258185880
3.612E-05,5.223337502879540
3.614E-05,5.221026979917200
3.616E-05,5.218199628073000
3.618E-05,5.215009820356380
3.62E-05,5.211619935
3.622E-05,5.208192834340280
3.624E-05,5.204884940812610
3.626E-05,5.201840524642430
3.628E-05,5.199187517752160
3.63E-05,5.197034795427720
3.632E-05,5.195470501106960
3.634E-05,5.194560777379850
3.636E-05,5.1943483102818600
3.638E-05,5.194850408429910
3.64E-05,5.196056796834790
3.642E-05,5.197927715880190
3.644E-05,5.2003931210399000
3.646E-05,5.203353700225620
3.648E-05,5.206684090468500
3.65E-05,5.210238223407990
3.652E-05,5.213856346745710
3.654E-05,5.217373083042520
3.656E-05,5.220625905763790
3.658E-05,5.223463546884920
3.66E-05,5.225753983693300
3.662E-05,5.227391695215460
3.664E-05,5.228303791955070
3.666E-05,5.2284544490413500
3.668E-05,5.227846963123670
3.67E-05,5.226522886
3.672E-05,5.224558109857940
3.674E-05,5.222056350796160
3.676E-05,5.219140969437000
3.678E-05,5.215946302296050
3.68E-05,5.212609579325410
3.682E-05,5.209264141843830
3.684E-05,5.206034210372910
3.686E-05,5.203031060317190
3.688E-05,5.200350256550930
3.69E-05,5.198069590561990
3.692E-05,5.196247484135730
3.694E-05,5.194921773910600
3.696E-05,5.194108914922390
3.698E-05,5.193803725
3.7E-05,5.193979827550360
3.702E-05,5.194590934
3.704E-05,5.195573064274900
3.706E-05,5.1968477727403100
3.708E-05,5.198326375281290
3.71E-05,5.199915078514020
3.712E-05,5.201520695764660
3.714E-05,5.2030564537039100
3.716E-05,5.204447308191520
3.718E-05,5.205634239677480
3.72E-05,5.206577128316410
3.722E-05,5.2072559678015100
3.724E-05,5.207670360415260
3.726E-05,5.207837432891550
3.728E-05,5.207788469405280
3.73E-05,5.207564628365360
3.732E-05,5.207212120251600
3.734E-05,5.206777251235270
3.736E-05,5.206301815759880
3.738E-05,5.2058193879058100
3.74E-05,5.205353009101890
3.742E-05,5.204914550677040
3.744E-05,5.204505699476340
3.746E-05,5.204120182995440
3.748E-05,5.2037466073722900
3.75E-05,5.203371175011470
3.752E-05,5.202979606886420
3.754E-05,5.202557834484540
3.756E-05,5.202091420491980
3.758E-05,5.201564110461590
3.76E-05,5.200956255212520
3.762E-05,5.200243963616680
3.764E-05,5.199399738
3.766E-05,5.198395056150570
3.768E-05,5.197204920898460
3.77E-05,5.195813844623790
3.772E-05,5.194222168542290
3.774E-05,5.192451257179980
3.776E-05,5.190546128492170
3.778E-05,5.188574539338500
3.78E-05,5.186622308
3.782E-05,5.184785473
3.784E-05,5.1831605008962000
3.786E-05,5.1818340264586800
3.788E-05,5.180873504761350
3.79E-05,5.180319819690660
3.792E-05,5.18018249
3.794E-05,5.180437785
3.796E-05,5.1810298563055100
3.798E-05,5.181874767835200
3.8E-05,5.182867090017480
3.802E-05,5.183888367200740
3.804E-05,5.1848165229860300
3.806E-05,5.185535109144570
3.808E-05,5.185941339541320
3.81E-05,5.185952075
3.812E-05,5.185507311442400
3.814E-05,5.184571168283500
3.816E-05,5.183130712308220
3.818E-05,5.181193108278750
3.82E-05,5.1787816134555900
3.822E-05,5.175930970758040
3.824E-05,5.172682821526910
3.826E-05,5.169081772939730
3.828E-05,5.165172657364090
3.83E-05,5.1609993336032000
3.832E-05,5.156605154056260
3.834E-05,5.152034988461750
3.836E-05,5.1473384574552000
3.838E-05,5.142573782
3.84E-05,5.137811421460670
3.842E-05,5.133136511321330
3.844E-05,5.128649103331290
3.846E-05,5.1244613934292600
3.848E-05,5.1206915493727400
3.85E-05,5.1174543724943200
3.852E-05,5.114849738422120
3.854E-05,5.112950361057780
3.856E-05,5.111790717341760
3.858E-05,5.1113588608861800
3.86E-05,5.111592394789280
3.862E-05,5.112379225509810
3.864E-05,5.113563053285630
3.866E-05,5.114953006
3.868E-05,5.116336461219990
3.87E-05,5.117493914131820
3.872E-05,5.118214619958260
3.874E-05,5.118311648
3.876E-05,5.117634923905040
3.878E-05,5.116081007544500
3.88E-05,5.113598742060840
3.882E-05,5.110190520264550
3.884E-05,5.105909451300870
3.886E-05,5.100853152203310
3.888E-05,5.095155162307180
3.89E-05,5.088975115975660
3.892E-05,5.082488802
3.894E-05,5.075879073115630
3.896E-05,5.069328237169520
3.898E-05,5.063012143760140
3.9E-05,5.057095745939510
3.902E-05,5.051729652268670
3.904E-05,5.047047108682440
3.906E-05,5.043160972161120
3.908E-05,5.040160484629290
3.91E-05,5.038107943907440
3.912E-05,5.037035605284650
3.914E-05,5.036943264593250
3.916E-05,5.0377969661410700
3.918E-05,5.039529189858880
3.92E-05,5.0420407408851400
3.922E-05,5.045204394
3.924E-05,5.048870121465380
3.926E-05,5.052871496
3.928E-05,5.0570326619158300
3.93E-05,5.061175263857980
3.932E-05,5.065124896475780
3.934E-05,5.068716973741800
3.936E-05,5.071802206206870
3.938E-05,5.074251960367500
3.94E-05,5.0759636185044000
3.942E-05,5.0768657606966600
3.944E-05,5.076922698071000
3.946E-05,5.076137703115290
3.948E-05,5.074554262667950
3.95E-05,5.07225484
3.952E-05,5.069356943937040
3.954E-05,5.066006697368820
3.956E-05,5.062370430100450
3.958E-05,5.058625070910750
3.96E-05,5.054948150676250
3.962E-05,5.051508118859320
3.964E-05,5.048455453026340
3.966E-05,5.045914846982160
3.968E-05,5.043978701526730
3.97E-05,5.042702224275930
3.972E-05,5.0421005854724700
3.974E-05,5.042148658517110
3.976E-05,5.042783809956690
3.978E-05,5.043911950298240
3.98E-05,5.045416617306480
3.982E-05,5.0471703090681600
3.984E-05,5.049046757410730
3.986E-05,5.050932499038430
3.988E-05,5.052736092341710
3.99E-05,5.054393689
3.992E-05,5.055870329286240
3.994E-05,5.057157093593660
3.996E-05,5.058264948015810
3.998E-05,5.059216564091370
4E-05,5.060037585394100
4.002E-05,5.060748696742720
4.004E-05,5.061359533703560
4.006E-05,5.061865057057570
4.008E-05,5.0622446284396100
4.01E-05,5.062463707569790
4.012E-05,5.062477829063460
4.014E-05,5.062238286779260
4.016E-05,5.061698764171630
4.018E-05,5.0608220200256500
4.02E-05,5.059585711112980
4.022E-05,5.057986565913820
4.024E-05,5.0560424223325000
4.026E-05,5.05379202
4.028E-05,5.051292782925200
4.03E-05,5.048617081
4.032E-05,5.045847607679760
4.034E-05,5.043072534
4.036E-05,5.040381021162100
4.038E-05,5.037859421259530
4.04E-05,5.035588253876270
4.042E-05,5.033639760533650
4.044E-05,5.032075734578260
4.046E-05,5.030945353610770
4.048E-05,5.030282949562120
4.05E-05,5.030105914609930
4.052E-05,5.030413099235250
4.054E-05,5.031184021030060
4.056E-05,5.032379031424740
4.058E-05,5.033940425171870
4.06E-05,5.035794415401490
4.062E-05,5.037853914572580
4.064E-05,5.040022083
4.066E-05,5.042196601960420
4.068E-05,5.044274619239980
4.07E-05,5.046158303558680
4.072E-05,5.047760853949760
4.074E-05,5.049012613676040
4.076E-05,5.049866674
4.078E-05,5.050303160915970
4.08E-05,5.050331411056930
4.082E-05,5.049989504595150
4.084E-05,5.049341042955780
4.086E-05,5.0484694913330700
4.088E-05,5.047470765
4.09E-05,5.046445006050830
4.092E-05,5.045488646992930
4.094E-05,5.044687809638530
4.096E-05,5.044113832
4.098E-05,5.043821290368000
4.1E-05,5.043848400727200
4.102E-05,5.044219282667880
4.104E-05,5.044947245444590
4.106E-05,5.046038175316940
4.108E-05,5.047493199832930
4.11E-05,5.049310080951360
4.112E-05,5.051483123473750
4.114E-05,5.054001680354980
4.116E-05,5.056847550390760
4.118E-05,5.059991726811000
4.12E-05,5.063391102374920
4.122E-05,5.066985837284590
4.124E-05,5.070698084619960
4.126E-05,5.074432628459130
4.128E-05,5.078079764960490
4.13E-05,5.081520475447710
4.132E-05,5.084633603230250
4.134E-05,5.087304396192950
4.136E-05,5.089433519
4.138E-05,5.090945534707500
4.14E-05,5.091795880078090
4.142E-05,5.091975421421810
4.144E-05,5.091511855
4.146E-05,5.090467532645240
4.148E-05,5.088933839160670
4.15E-05,5.087022859683630
4.152E-05,5.084857582770130
4.154E-05,5.082562076481310
4.156E-05,5.080252938461620
4.158E-05,5.078032922565890
4.16E-05,5.075987133
4.162E-05,5.074181694343040
4.164E-05,5.072664439719970
4.166E-05,5.071467007733870
4.168E-05,5.070607688083560
4.17E-05,5.070094446492080
4.172E-05,5.069927678243150
4.174E-05,5.070102439221060
4.176E-05,5.070610128902140
4.178E-05,5.071439764223280
4.18E-05,5.072579007913820
4.182E-05,5.074014999947030
4.184E-05,5.075734869392310
4.186E-05,5.077725686927590
4.188E-05,5.079973626839330
4.19E-05,5.082462247831920
4.192E-05,5.0851700277363400
4.194E-05,5.088067518185870
4.196E-05,5.0911146442555600
4.198E-05,5.094258727043770
4.2E-05,5.097433757805500
4.202E-05,5.100561304878700
4.204E-05,5.103553192428690
4.206E-05,5.106315787176930
4.208E-05,5.108755442605450
4.21E-05,5.1107844631471900
4.212E-05,5.112326901060770
4.214E-05,5.113323566319440
4.216E-05,5.113735778
4.218E-05,5.113547596705200
4.22E-05,5.112766504
4.222E-05,5.111422730165990
4.224E-05,5.1095675248153300
4.226E-05,5.107270728706440
4.228E-05,5.104617972383060
4.23E-05,5.101707760323500
4.232E-05,5.098648532604440
4.234E-05,5.095555561242330
4.236E-05,5.092547365207080
4.238E-05,5.089741359354800
4.24E-05,5.0872486944005600
4.242E-05,5.085168563391510
4.244E-05,5.0835824923004500
4.246E-05,5.082549214519480
4.248E-05,5.082100647483360
4.25E-05,5.082239305966730
4.252E-05,5.082937285679200
4.254E-05,5.084136789
4.256E-05,5.085752061950250
4.258E-05,5.087672612819650
4.26E-05,5.089767634760080
4.262E-05,5.091891697592100
4.264E-05,5.093891772533810
4.266E-05,5.095615537759790
4.268E-05,5.096920650555270
4.27E-05,5.097684366088990
4.272E-05,5.0978126039032600
4.274E-05,5.097247391532580
4.276E-05,5.095971649311150
4.278E-05,5.094010578514970
4.28E-05,5.091429428392720
4.282E-05,5.088328013079910
4.284E-05,5.084832863069020
4.286E-05,5.081088176968040
4.288E-05,5.077246710733640
4.29E-05,5.073461451815140
4.292E-05,5.069878521710250
4.294E-05,5.066631392508700
4.296E-05,5.063836290950270
4.298E-05,5.061588604174500
4.3E-05,5.059960127801130
4.302E-05,5.058997042626040
4.304E-05,5.0587185709973000
4.306E-05,5.059116386531860
4.308E-05,5.060155013
4.31E-05,5.061773548772410
4.312E-05,5.063889000603750
4.314E-05,5.066401303370530
4.316E-05,5.069199809454970
4.318E-05,5.072170715213160
4.32E-05,5.0752046107215900
4.322E-05,5.078203171
4.324E-05,5.081084046787210
4.326E-05,5.083783274310190
4.328E-05,5.086255001746190
4.33E-05,5.088468833689810
4.332E-05,5.090405595824190
4.334E-05,5.092052595093910
4.336E-05,5.093399460889810
4.338E-05,5.094435399204410
4.34E-05,5.095148268087320
4.342E-05,5.095525405300960
4.344E-05,5.095555747068640
4.346E-05,5.095232605194490
4.348E-05,5.094556558724110
4.35E-05,5.093538156832890
4.352E-05,5.092200340441480
4.354E-05,5.090580545759580
4.356E-05,5.0887323425700500
4.358E-05,5.086726270757740
4.36E-05,5.084649398434120
4.362E-05,5.082603130248440
4.364E-05,5.0806989773622400
4.366E-05,5.0790523430749000
4.368E-05,5.0777748116513300
4.37E-05,5.076965829172440
4.372E-05,5.076704900168530
4.374E-05,5.077045408133720
4.376E-05,5.078010892374480
4.378E-05,5.079594146171810
4.38E-05,5.081758977
4.382E-05,5.084444049061830
4.384E-05,5.087568018271290
4.386E-05,5.091035196111940
4.388E-05,5.0947411154608800
4.39E-05,5.098577543414740
4.392E-05,5.102436621229560
4.394E-05,5.106213952764550
4.396E-05,5.109810625
4.398E-05,5.113134304301540
4.4E-05,5.116099643735550
4.402E-05,5.118628229650970
4.404E-05,5.120648207425930
4.406E-05,5.122093686471760
4.408E-05,5.122904084039540
4.41E-05,5.123023701573190
4.412E-05,5.122401920233420
4.414E-05,5.120994375157050
4.416E-05,5.118765343499690
4.418E-05,5.115691437646140
4.42E-05,5.111766553530810
4.422E-05,5.1070078205759800
4.424E-05,5.101461989662100
4.426E-05,5.095211350281630
4.428E-05,5.088378034148660
4.43E-05,5.081125546230300
4.432E-05,5.073656574751610
4.434E-05,5.066206510067720
4.436E-05,5.059032572
4.438E-05,5.052398950672470
4.44E-05,5.046558867739290
4.442E-05,5.041734995
4.444E-05,5.0381001139704600
4.446E-05,5.035760236161980
4.448E-05,5.034742413538940
4.45E-05,5.0349891389848800
4.452E-05,5.0363605538981400
4.454E-05,5.038644787618190
4.456E-05,5.041575788404190
4.458E-05,5.044857095908590
4.46E-05,5.048189212462020
4.462E-05,5.051297593760240
4.464E-05,5.053957889408840
4.466E-05,5.056015093368040
4.468E-05,5.057393888028920
4.47E-05,5.058098702314150
4.472E-05,5.058203623096380
4.474E-05,5.057833906880200
4.476E-05,5.0571420822973900
4.478E-05,5.056282330033110
4.48E-05,5.055386939365370
4.482E-05,5.054548203397800
4.484E-05,5.053808196022710
4.486E-05,5.053157588241850
4.488E-05,5.052543193571900
4.49E-05,5.051882524523240
4.492E-05,5.051082556534330
4.494E-05,5.0500593530264400
4.496E-05,5.048755304070590
4.498E-05,5.047151394621460
4.5E-05,5.045272936336130
4.502E-05,5.043188333657330
4.504E-05,5.041001521701630
4.506E-05,5.038839581
4.508E-05,5.036837614831360
4.51E-05,5.035123225327800
4.512E-05,5.033802795977980
4.514E-05,5.032951344132230
4.516E-05,5.032606973232450
4.518E-05,5.032770114117760
4.52E-05,5.033406938860860
4.522E-05,5.034455729511340
4.524E-05,5.0358347128408000
4.526E-05,5.037449976724830
4.528E-05,5.039202481254330
4.53E-05,5.040993680578510
4.532E-05,5.042729692745320
4.534E-05,5.0443242050132700
4.536E-05,5.045700400301460
4.538E-05,5.046792204478170
4.54E-05,5.0475451359705700
4.542E-05,5.047916992900290
4.544E-05,5.047878513192960
4.546E-05,5.047413995746520
4.548E-05,5.046521745343510
4.55E-05,5.0452141797718200
4.552E-05,5.043517522412970
4.554E-05,5.041471122109090
4.556E-05,5.039126501819720
4.558E-05,5.036546202849700
4.56E-05,5.033802398890600
4.562E-05,5.03097517
4.564E-05,5.028150299808720
4.566E-05,5.0254165298273800
4.568E-05,5.022862296363440
4.57E-05,5.020572113382110
4.572E-05,5.018622792566490
4.574E-05,5.017079694133480
4.576E-05,5.015993153079860
4.578E-05,5.015395183303940
4.58E-05,5.015296579698090
4.582E-05,5.015684654344810
4.584E-05,5.0165220057856300
4.586E-05,5.0177467961967400
4.588E-05,5.019274892
4.59E-05,5.021003921
4.592E-05,5.022818922001120
4.594E-05,5.024598964033780
4.596E-05,5.026223938527770
4.598E-05,5.027580722
4.6E-05,5.028568049056390
4.602E-05,5.0290997287596300
4.604E-05,5.029106186984000
4.606E-05,5.028534685628900
4.608E-05,5.027348768847530
4.61E-05,5.025527550636500
4.612E-05,5.023065371490390
4.614E-05,5.019972171871460
4.616E-05,5.016274676133500
4.618E-05,5.012018163280390
4.62E-05,5.007268261834810
4.622E-05,5.002111951710200
4.624E-05,4.996656922352020
4.626E-05,4.991028691158280
4.628E-05,4.985365374193870
4.63E-05,4.979810581879520
4.632E-05,4.974505411002850
4.634E-05,4.9695807438330800
4.636E-05,4.965150937723120
4.638E-05,4.961309544029720
4.64E-05,4.958127125341670
4.642E-05,4.955650757663870
4.644E-05,4.953904537920680
4.646E-05,4.9528903909525300
4.648E-05,4.952588637119620
4.65E-05,4.952958060085850
4.652E-05,4.953935510118070
4.654E-05,4.955435317837880
4.656E-05,4.957348967045510
4.658E-05,4.959545614482320
4.66E-05,4.961874131874980
4.662E-05,4.964167295190730
4.664E-05,4.966248497841740
4.666E-05,4.967940954411630
4.668E-05,4.969078883422110
4.67E-05,4.969519705736050
4.672E-05,4.969155961390610
4.674E-05,4.967925531149540
4.676E-05,4.965818910354360
4.678E-05,4.962882684958890
4.68E-05,4.959218881291270
4.682E-05,4.954980364
4.684E-05,4.950362840625490
4.686E-05,4.9455942900838800
4.688E-05,4.9409227394099800
4.69E-05,4.936603365084500
4.692E-05,4.932885745118970
4.694E-05,4.930001806815280
4.696E-05,4.928154650555100
4.698E-05,4.927508190852930
4.7E-05,4.928177568753600
4.702E-05,4.930220525334480
4.704E-05,4.933630247870600
4.706E-05,4.938330477496580
4.708E-05,4.944173832
4.71E-05,4.950944343059420
4.712E-05,4.9583651408236900
4.714E-05,4.966111996315710
4.716E-05,4.973832916953680
4.718E-05,4.981173102770140
4.72E-05,4.987803381598760
4.722E-05,4.993449043616130
4.724E-05,4.9979151821059700
4.726E-05,5.001104562172000
4.728E-05,5.0030248281041400
4.73E-05,5.003783407381960
4.732E-05,5.003570441668920
4.734E-05,5.002632039999850
4.736E-05,5.001237705408150
4.738E-05,4.999646657712830
4.74E-05,4.998077846088760
4.742E-05,4.996687741684080
4.744E-05,4.995558658927540
4.746E-05,4.994698603887780
4.748E-05,4.994051797643410
4.75E-05,4.993517405165230
4.752E-05,4.9929728911104600
4.754E-05,4.992297989444730
4.756E-05,4.991395555504610
4.758E-05,4.990206469954600
4.76E-05,4.988717059203810
4.762E-05,4.986958903899120
4.764E-05,4.985002165732280
4.766E-05,4.982944458571410
4.768E-05,4.980897667301920
4.77E-05,4.978974948168500
4.772E-05,4.977279577084730
4.774E-05,4.975896601206810
4.776E-05,4.974887611934610
4.778E-05,4.974288502192390
4.78E-05,4.9741098093601100
4.782E-05,4.974339133
4.784E-05,4.974945085727090
4.786E-05,4.975882235554790
4.788E-05,4.9770964805035200
4.79E-05,4.978530282968530
4.792E-05,4.980127177661300
4.794E-05,4.981835029565050
4.796E-05,4.983607667293470
4.798E-05,4.985404745277260
4.8E-05,4.9871899655213200
4.802E-05,4.988928087372150
4.804E-05,4.9905814331517000
4.806E-05,4.992106793394890
4.808E-05,4.993453657104130
4.81E-05,4.994564474601280
4.812E-05,4.995377230856490
4.814E-05,4.995830086874380
4.816E-05,4.995867377966400
4.818E-05,4.995445942600230
4.82E-05,4.994540656242170
4.822E-05,4.993148195332570
4.824E-05,4.991288436210650
4.826E-05,4.989003406501930
4.828E-05,4.986354223401110
4.83E-05,4.983416859898240
4.832E-05,4.980277762069010
4.834E-05,4.977030188255780
4.836E-05,4.973771657878740
4.838E-05,4.970602283
4.84E-05,4.967623298592280
4.842E-05,4.964934966408610
4.844E-05,4.962633253440870
4.846E-05,4.960805089656980
4.848E-05,4.959522538999800
4.85E-05,4.958836630795030
4.852E-05,4.958771810950240
4.854E-05,4.959321912266100
4.856E-05,4.960448274836460
4.858E-05,4.962080301440620
4.86E-05,4.964118412936730
4.862E-05,4.966439105605100
4.864E-05,4.968901607352100
4.866E-05,4.971355512436250
4.868E-05,4.973648792
4.87E-05,4.975635727950850
4.872E-05,4.977184502881700
4.874E-05,4.9781842989907400
4.876E-05,4.978551712756580
4.878E-05,4.978236162288060
4.88E-05,4.977223804693320
4.882E-05,4.975539390949280
4.884E-05,4.973245509205030
4.886E-05,4.970438853994630
4.888E-05,4.967243522163580
4.89E-05,4.9638018049560300
4.892E-05,4.960263382491990
4.894E-05,4.956774109903840
4.896E-05,4.953465661826960
4.898E-05,4.950447180818090
4.9E-05,4.9477997865974200
4.902E-05,4.945574389899160
4.904E-05,4.943792777866520
4.906E-05,4.942451477
4.908E-05,4.941527548139590
4.91E-05,4.9409852769706300
4.912E-05,4.940782747987790
4.914E-05,4.9408774165014400
4.916E-05,4.9412300790785700
4.918E-05,4.941806988088040
4.92E-05,4.942580260143530
4.922E-05,4.943527068946160
4.924E-05,4.944628251633400
4.926E-05,4.945866819521390
4.928E-05,4.947226542
4.93E-05,4.948690487474600
4.932E-05,4.950239355259400
4.934E-05,4.951849596174130
4.936E-05,4.953491603219950
4.938E-05,4.9551284230966700
4.94E-05,4.956715456013230
4.942E-05,4.958201449712860
4.944E-05,4.959530831795040
4.946E-05,4.960647137232490
4.948E-05,4.961497034656330
4.95E-05,4.962034298934840
4.952E-05,4.962223108991670
4.954E-05,4.962040322507850
4.956E-05,4.961476802870670
4.958E-05,4.960538213243040
4.96E-05,4.959245727191730
4.962E-05,4.957636805
4.964E-05,4.955765732501600
4.966E-05,4.953703261209290
4.968E-05,4.951534631784970
4.97E-05,4.949355513516200
4.972E-05,4.9472659127145200
4.974E-05,4.945362656148600
4.976E-05,4.943731451204640
4.978E-05,4.942439631212280
4.98E-05,4.941530531552030
4.982E-05,4.9410201154991700
4.984E-05,4.940896095198510
4.986E-05,4.941119459420150
4.988E-05,4.941628068491690
4.99E-05,4.942341804753100
4.992E-05,4.943168653838580
4.994E-05,4.944011042683770
4.996E-05,4.944771798390530
4.998E-05,4.945359220358310
5E-05,4.94569095
5.002E-05,4.945696546490390
5.004E-05,4.945318881560850
5.006E-05,4.9445146418231000
5.008E-05,4.943254315176300
5.01E-05,4.941522111905790
5.012E-05,4.939316241336060
5.014E-05,4.936649787976420
5.016E-05,4.933552096419860
5.018E-05,4.930070210876680
5.02E-05,4.926269690526780
5.022E-05,4.922234125280390
5.024E-05,4.918062887740540
5.026E-05,4.913867000175080
5.028E-05,4.909763386319720
5.03E-05,4.9058681228085500
5.032E-05,4.902289499267360
5.034E-05,4.899121674316710
5.036E-05,4.896439511244300
5.038E-05,4.894294912152810
5.04E-05,4.892714753580650
5.042E-05,4.891700385482620
5.044E-05,4.891228554062880
5.046E-05,4.891253524762270
5.048E-05,4.891710126306300
5.05E-05,4.8925174167790300
5.052E-05,4.893582669
5.054E-05,4.894805376463130
5.056E-05,4.896081013417130
5.058E-05,4.897304377
5.06E-05,4.898372445333120
5.062E-05,4.89918681
5.064E-05,4.899655797
5.066E-05,4.899696493074820
5.068E-05,4.899236871
5.07E-05,4.898218144466890
5.072E-05,4.896597330874770
5.074E-05,4.8943498397740500
5.076E-05,4.8914718158865100
5.078E-05,4.887981895533880
5.08E-05,4.883922013113190
5.082E-05,4.879356925261820
5.084E-05,4.874372247968390
5.086E-05,4.869071010787960
5.088E-05,4.863568951035130
5.09E-05,4.857988927517130
5.092E-05,4.852454914977300
5.094E-05,4.847086082157250
5.096E-05,4.841991473386420
5.098E-05,4.8372657597694200
5.1E-05,4.832986336603630
5.102E-05,4.829211726
5.104E-05,4.825980927946300
5.106E-05,4.823313203248620
5.108E-05,4.821207912007740
5.11E-05,4.819644311398390
5.112E-05,4.818581601121480
5.114E-05,4.8179597601164900
5.116E-05,4.8177018093023300
5.118E-05,4.817717982792540
5.12E-05,4.817911890744200
5.122E-05,4.818188203571700
5.124E-05,4.818460863
5.126E-05,4.818660504626810
5.128E-05,4.818739744593410
5.13E-05,4.818675260587410
5.132E-05,4.818466159198670
5.134E-05,4.818128869695030
5.136E-05,4.817689521320280
5.138E-05,4.817175221849220
5.14E-05,4.816605748219170
5.142E-05,4.815986936
5.144E-05,4.815306656283680
5.146E-05,4.8145338316039100
5.148E-05,4.813620522654900
5.15E-05,4.812506743986650
5.152E-05,4.811127362691830
5.154E-05,4.809420263361010
5.156E-05,4.807334923983670
5.158E-05,4.804840579279090
5.16E-05,4.801933174055000
5.162E-05,4.7986403044626200
5.164E-05,4.795023352236590
5.166E-05,4.791176133978350
5.168E-05,4.787219717921920
5.17E-05,4.783293623131820
5.172E-05,4.7795442848952600
5.174E-05,4.776112228158440
5.176E-05,4.773119654947830
5.178E-05,4.770660053127750
5.18E-05,4.76879102
5.182E-05,4.767530893312990
5.184E-05,4.766859184457370
5.186E-05,4.766720320731590
5.188E-05,4.767029962731880
5.19E-05,4.7676830354285600
5.192E-05,4.768562580828500
5.194E-05,4.769548512984390
5.196E-05,4.770525394245220
5.198E-05,4.771388539519110
5.2E-05,4.772048112172660
5.202E-05,4.772431303208950
5.204E-05,4.772483029716820
5.206E-05,4.772165732774150
5.208E-05,4.771458776301970
5.21E-05,4.770357717270280
5.212E-05,4.768873457092470
5.214E-05,4.7670311060071100
5.216E-05,4.764868344492900
5.218E-05,4.762433131442220
5.22E-05,4.759780746395050
5.222E-05,4.756970319689360
5.224E-05,4.754061156615020
5.226E-05,4.751109262071720
5.228E-05,4.748164491157080
5.23E-05,4.745268667
5.232E-05,4.742454827892790
5.234E-05,4.739747556256390
5.236E-05,4.737164154694880
5.238E-05,4.734716353248780
5.24E-05,4.732412218435680
5.242E-05,4.730257988692750
5.244E-05,4.728259604876340
5.246E-05,4.7264237241633500
5.248E-05,4.724758036559480
5.25E-05,4.723270785616730
5.252E-05,4.721969509401490
5.254E-05,4.720859111
5.256E-05,4.719939429060300
5.258E-05,4.719202528900440
5.26E-05,4.718630085961530
5.262E-05,4.7181913831423100
5.264E-05,4.717842588736480
5.266E-05,4.717527851364130
5.268E-05,4.717182340723890
5.27E-05,4.716736811
5.272E-05,4.716122838665900
5.274E-05,4.715277761431020
5.276E-05,4.714148524715130
5.278E-05,4.712693956780400
5.28E-05,4.710885345554720
5.282E-05,4.7087055018983300
5.284E-05,4.706146766149560
5.286E-05,4.703208596403880
5.288E-05,4.699895419461420
5.29E-05,4.696215330866960
5.292E-05,4.692180039
5.294E-05,4.687806184
5.296E-05,4.683117813537850
5.298E-05,4.678149452113920
5.3E-05,4.672948869125250
5.302E-05,4.667578593887210
5.304E-05,4.6621153711372800
5.306E-05,4.656647174470140
5.308E-05,4.651267953727450
5.31E-05,4.646070874
5.312E-05,4.641141244911370
5.314E-05,4.636550468
5.316E-05,4.632352093399660
5.318E-05,4.628580467
5.32E-05,4.625251764716520
5.322E-05,4.622366561901330
5.324E-05,4.619912799346190
5.326E-05,4.617868015189400
5.328E-05,4.616200093177260
5.33E-05,4.614866386767640
5.332E-05,4.6138117468657600
5.334E-05,4.612966457119910
5.336E-05,4.612245191395330
5.338E-05,4.611547829457740
5.34E-05,4.610762441815290
5.342E-05,4.609770234
5.344E-05,4.60845195
5.346E-05,4.606695205888750
5.348E-05,4.604402358453220
5.35E-05,4.601498558701890
5.352E-05,4.597939554
5.354E-05,4.593718628037830
5.356E-05,4.588871916430880
5.358E-05,4.583481301741010
5.36E-05,4.5776742261769400
5.362E-05,4.571620002081780
5.364E-05,4.5655225107825500
5.366E-05,4.559609488890650
5.368E-05,4.554118900342230
5.37E-05,4.549283190998910
5.372E-05,4.545312519214720
5.374E-05,4.542378304076110
5.376E-05,4.540598548352480
5.378E-05,4.540026315365850
5.38E-05,4.540642480935240
5.382E-05,4.542353511610510
5.384E-05,4.5449946153455000
5.386E-05,4.548338218728150
5.388E-05,4.552107351526990
5.39E-05,4.555993151795240
5.392E-05,4.559675352305260
5.394E-05,4.562844308306850
5.396E-05,4.565222914349310
5.398E-05,4.566586665016250
5.4E-05,4.566780180075550
5.402E-05,4.565728762
5.404E-05,4.563443945379230
5.406E-05,4.5600224361894100
5.408E-05,4.555638306986000
5.41E-05,4.5505287925851200
5.412E-05,4.544974641080220
5.414E-05,4.539276649774350
5.416E-05,4.533730645250750
5.418E-05,4.5286035168198500
5.42E-05,4.524112813342860
5.422E-05,4.520411878013470
5.424E-05,4.517581708201010
5.426E-05,4.515629889694280
5.428E-05,4.514496186621130
5.43E-05,4.514063729317000
5.432E-05,4.514174261052570
5.434E-05,4.514645595008560
5.436E-05,4.515289336645490
5.438E-05,4.515927101389970
5.44E-05,4.516403882134030
5.442E-05,4.516597751004590
5.444E-05,4.516425538455300
5.446E-05,4.515844444139610
5.448E-05,4.514849759106250
5.45E-05,4.513469116437140
5.452E-05,4.511753960454420
5.454E-05,4.509769188484120
5.456E-05,4.507582141456050
5.458E-05,4.505252284
5.46E-05,4.502822956911160
5.462E-05,4.500316411319030
5.464E-05,4.497732848543490
5.466E-05,4.495053514022950
5.468E-05,4.492247149697600
5.47E-05,4.489278562160560
5.472E-05,4.486117787284490
5.474E-05,4.482748326547830
5.476E-05,4.479173142307550
5.478E-05,4.475417495929000
5.48E-05,4.471528255214200
5.482E-05,4.467569894744160
5.484E-05,4.463617936987690
5.486E-05,4.459750940278480
5.488E-05,4.456042302731200
5.49E-05,4.452553105132640
5.492E-05,4.449326933292620
5.494E-05,4.446387132735370
5.496E-05,4.443736421613400
5.498E-05,4.441358435862570
5.5E-05,4.439220682741540
5.502E-05,4.4372784303992400
5.504E-05,4.4354791194614000
5.506E-05,4.433766910096840
5.508E-05,4.432087029409410
5.51E-05,4.4303897024100700
5.512E-05,4.428633598596700
5.514E-05,4.426788803788790
5.516E-05,4.424839257469270
5.518E-05,4.422784426791770
5.52E-05,4.420639872
5.522E-05,4.418436409092700
5.524E-05,4.416217801550490
5.526E-05,4.414037144681530
5.528E-05,4.411952330159380
5.53E-05,4.410021036742970
5.532E-05,4.408295693877530
5.534E-05,4.406818777886240
5.536E-05,4.4056186884816400
5.538E-05,4.404706376735090
5.54E-05,4.4040728980275000
5.542E-05,4.403688114499820
5.544E-05,4.403500788865790
5.546E-05,4.4034402389192000
5.548E-05,4.403419570132490
5.55E-05,4.403340323188130
5.552E-05,4.4030982248634400
5.554E-05,4.402589670901700
5.556E-05,4.401718607422320
5.558E-05,4.400403535529490
5.56E-05,4.39858433
5.562E-05,4.396228397607840
5.564E-05,4.3933355131530100
5.566E-05,4.3899405557586800
5.568E-05,4.386113507559090
5.57E-05,4.381956345185650
5.572E-05,4.377596850333110
5.574E-05,4.373179737158340
5.576E-05,4.3688558038688800
5.578E-05,4.3647700450084500
5.58E-05,4.361049811166690
5.582E-05,4.357794172483550
5.584E-05,4.355065613394830
5.586E-05,4.352885017181040
5.588E-05,4.351230560217290
5.59E-05,4.350040664845940
5.592E-05,4.349220663405430
5.594E-05,4.348652415712100
5.596E-05,4.348205847527490
5.598E-05,4.347751216
5.6E-05,4.347170817404630
5.602E-05,4.346368825317970
5.604E-05,4.345278077408720
5.606E-05,4.343862979
5.608E-05,4.342118320762800
5.61E-05,4.340064552543780
5.612E-05,4.337740713590290
5.614E-05,4.335196581549290
5.616E-05,4.332485577763630
5.618E-05,4.329659572653420
5.62E-05,4.326766099193380
5.622E-05,4.323847814
5.624E-05,4.320943551260480
5.626E-05,4.318090117
5.628E-05,4.3153239831072400
5.63E-05,4.312682252118880
5.632E-05,4.310202504289370
5.634E-05,4.307921419789710
5.636E-05,4.305872349339510
5.638E-05,4.304082224926050
5.64E-05,4.302568339
5.642E-05,4.301335564696780
5.644E-05,4.300374564
5.646E-05,4.299661422741850
5.648E-05,4.2991589077849400
5.65E-05,4.298819222
5.652E-05,4.298587765201970
5.654E-05,4.2984072781499000
5.656E-05,4.298221789863250
5.658E-05,4.297980041497360
5.66E-05,4.297638291249980
5.662E-05,4.297162558144050
5.664E-05,4.296530386686100
5.666E-05,4.295732156773290
5.668E-05,4.294771867192160
5.67E-05,4.293667226080940
5.672E-05,4.292448811899540
5.674E-05,4.291158034
5.676E-05,4.289843650039350
5.678E-05,4.288556750649210
5.68E-05,4.287344430005370
5.682E-05,4.2862427731734000
5.684E-05,4.2852701387854100
5.686E-05,4.284421867086730
5.688E-05,4.283667441662300
5.69E-05,4.282950816533970
5.692E-05,4.282194163907350
5.694E-05,4.281304783024240
5.696E-05,4.280184413576360
5.698E-05,4.278739797774580
5.7E-05,4.276893115
5.702E-05,4.274590930183890
5.704E-05,4.271810554947970
5.706E-05,4.268563157539120
5.708E-05,4.264893437663160
5.71E-05,4.260876093855720
5.712E-05,4.256609590657370
5.714E-05,4.252207897383680
5.716E-05,4.2477909601587600
5.718E-05,4.243474744189640
5.72E-05,4.239361787505710
5.722E-05,4.235533296736130
5.724E-05,4.2320437534656100
5.726E-05,4.228918675744300
5.728E-05,4.226155635
5.73E-05,4.223728046046340
5.732E-05,4.221590842224070
5.734E-05,4.219686970854350
5.736E-05,4.217953741969960
5.738E-05,4.216328278691370
5.74E-05,4.214751665051730
5.742E-05,4.213171763728000
5.744E-05,4.211544989059720
5.746E-05,4.209837442168750
5.748E-05,4.208025700148480
5.75E-05,4.206097286250060
5.752E-05,4.204050606051960
5.754E-05,4.201894079078220
5.756E-05,4.199644383281060
5.758E-05,4.197324068995510
5.76E-05,4.194959101165300
5.762E-05,4.192576981433070
5.764E-05,4.190205914626860
5.766E-05,4.187875079005220
5.768E-05,4.185615607927540
5.77E-05,4.183461593
5.772E-05,4.181450395540360
5.774E-05,4.179621794522950
5.776E-05,4.178015857042000
5.778E-05,4.176669757258810
5.78E-05,4.1756139453497900
5.782E-05,4.174868118260540
5.784E-05,4.174437448224100
5.786E-05,4.174309559312890
5.788E-05,4.1744527742829100
5.79E-05,4.174816103003440
5.792E-05,4.175331257452630
5.794E-05,4.1759166510228000
5.796E-05,4.176482931530150
5.798E-05,4.176939260492610
5.8E-05,4.177199461371560
5.802E-05,4.177187365474400
5.804E-05,4.176841049440300
5.806E-05,4.176115968004550
5.808E-05,4.174987113793570
5.81E-05,4.1734503086390400
5.812E-05,4.171522646065730
5.814E-05,4.169242026478300
5.816E-05,4.166665674177520
5.818E-05,4.163867515104290
5.82E-05,4.160934348
5.822E-05,4.157960864517820
5.824E-05,4.155043728830780
5.826E-05,4.152275117115160
5.828E-05,4.149736264664040
5.83E-05,4.147491701432710
5.832E-05,4.145584849937570
5.834E-05,4.144035498783590
5.836E-05,4.142839382691780
5.838E-05,4.141969814758730
5.84E-05,4.141381125426460
5.842E-05,4.141013572067630
5.844E-05,4.140799326946710
5.846E-05,4.140669068168760
5.848E-05,4.140558588282650
5.85E-05,4.1404147512719800
5.852E-05,4.140200126323020
5.854E-05,4.139895725007370
5.856E-05,4.1395014508178000
5.858E-05,4.139034115107420
5.86E-05,4.138523175033840
5.862E-05,4.138004692977810
5.864E-05,4.137514344478710
5.866E-05,4.137080516320420
5.868E-05,4.136718547043610
5.87E-05,4.136426926720870
5.872E-05,4.136185844929630
5.874E-05,4.135958018
5.876E-05,4.135691415430560
5.878E-05,4.135323395
5.88E-05,4.134785783
5.882E-05,4.1340105012483000
5.884E-05,4.132935360177850
5.886E-05,4.131509676387810
5.888E-05,4.1296993677909400
5.89E-05,4.127491223305380
5.892E-05,4.124896090253600
5.894E-05,4.121950765800200
5.896E-05,4.118718404
5.898E-05,4.115287255346400
5.9E-05,4.111767569934640
5.902E-05,4.108286551
5.904E-05,4.104981409359850
5.906E-05,4.101990816077850
5.908E-05,4.0994453237546400
5.91E-05,4.097457565962060
5.912E-05,4.096113170799440
5.914E-05,4.095463366744580
5.916E-05,4.0955201934867500
5.918E-05,4.096255047407240
5.92E-05,4.097600971149380
5.922E-05,4.099458631977970
5.924E-05,4.1017053486147900
5.926E-05,4.104205919191280
5.928E-05,4.106823567163340
5.93E-05,4.109429281675500
5.932E-05,4.111908285238770
5.934E-05,4.114163168987690
5.936E-05,4.116114068677680
5.938E-05,4.117696832
5.94E-05,4.118860352
5.942E-05,4.119564147841910
5.944E-05,4.119776948227320
5.946E-05,4.119476580581350
5.948E-05,4.118651060909050
5.95E-05,4.117300477
5.952E-05,4.115439105
5.954E-05,4.113097157574830
5.956E-05,4.110321602598350
5.958E-05,4.107175710872790
5.96E-05,4.103737219199270
5.962E-05,4.100095285557080
5.964E-05,4.0963465771288500
5.966E-05,4.092590929808760
5.968E-05,4.0889270410621200
5.97E-05,4.085448599701470
5.972E-05,4.082241105125860
5.974E-05,4.079379414293780
5.976E-05,4.076925848082810
5.978E-05,4.074928577865780
5.98E-05,4.073420057576640
5.982E-05,4.072415454149850
5.984E-05,4.071911272135280
5.986E-05,4.071884535664260
5.988E-05,4.072292880851560
5.99E-05,4.073075740521810
5.992E-05,4.074156606833590
5.994E-05,4.075446260407130
5.996E-05,4.07684685
5.998E-05,4.0782566992087500
6E-05,4.079575631638150
6.002E-05,4.0807105140529800
6.004E-05,4.081580609508600
6.006E-05,4.082122318824170
6.008E-05,4.082292894286420
6.01E-05,4.0820727538256500
6.012E-05,4.081466070848570
6.014E-05,4.080499381712370
6.016E-05,4.079218108566110
6.018E-05,4.077681200442590
6.02E-05,4.075954512008940
6.022E-05,4.074103924686200
6.024E-05,4.072189402990750
6.026E-05,4.070261072194010
6.028E-05,4.068358007067780
6.03E-05,4.066509816234470
6.032E-05,4.064740418008040
6.034E-05,4.063072805715380
6.036E-05,4.061533297644960
6.038E-05,4.060153896761790
6.04E-05,4.058971911287880
6.042E-05,4.058026703974330
6.044E-05,4.057354102253570
6.046E-05,4.056979465594580
6.048E-05,4.056910648284280
6.05E-05,4.057132146073950
6.052E-05,4.057601569643530
6.054E-05,4.058249214799240
6.056E-05,4.058980940187640
6.058E-05,4.059683990755630
6.06E-05,4.060235028046510
6.062E-05,4.060509523844520
6.064E-05,4.060391731312080
6.066E-05,4.059784487
6.068E-05,4.058618032923970
6.07E-05,4.056856933302320
6.072E-05,4.054504153505110
6.074E-05,4.051601532263100
6.076E-05,4.048226275138450
6.078E-05,4.044483623308620
6.08E-05,4.040496414
6.082E-05,4.0363927031626500
6.084E-05,4.032292893133260
6.086E-05,4.028297831761760
6.088E-05,4.024479253536260
6.09E-05,4.020873640472030
6.092E-05,4.017480190246590
6.094E-05,4.014263079034440
6.096E-05,4.011157691876580
6.098E-05,4.008080032820310
6.1E-05,4.004938172
6.102E-05,4.001644372015510
6.104E-05,3.998126477125460
6.106E-05,3.994337227649150
6.108E-05,3.9902604210787700
6.11E-05,3.9859132868480700
6.112E-05,3.9813450432966200
6.114E-05,3.9766321825286200
6.116E-05,3.9718714080034300
6.118E-05,3.9671712545259100
6.12E-05,3.962643291586070
6.122E-05,3.958393560792600
6.124E-05,3.954514656180690
6.126E-05,3.9510787084754700
6.128E-05,3.948131494571020
6.13E-05,3.945687934093530
6.132E-05,3.943729321051810
6.134E-05,3.942202720209000
6.136E-05,3.941022959486110
6.138E-05,3.940077496962000
6.14E-05,3.9392341080067300
6.142E-05,3.9383508776331800
6.144E-05,3.937287519475320
6.146E-05,3.9359167317337100
6.148E-05,3.9341342630971300
6.15E-05,3.9318666127713300
6.152E-05,3.929075723373550
6.154E-05,3.9257604910771800
6.156E-05,3.921955298461160
6.158E-05,3.9177260251603500
6.16E-05,3.9131641266733800
6.162E-05,3.9083794466310700
6.164E-05,3.903492481334790
6.166E-05,3.898626834549200
6.168E-05,3.8939025338117000
6.17E-05,3.889430679035060
6.172E-05,3.8853095672476900
6.174E-05,3.8816220823239400
6.176E-05,3.878433912862280
6.178E-05,3.8757921798739900
6.18E-05,3.8737243024304900
6.182E-05,3.872237258762250
6.184E-05,3.8713176300240000
6.186E-05,3.8709328284845000
6.188E-05,3.871033705307460
6.19E-05,3.871558389280630
6.192E-05,3.872436859613160
6.194E-05,3.873595539354190
6.196E-05,3.8749611989971300
6.198E-05,3.8764636801754400
6.2E-05,3.8780372927162500
6.202E-05,3.879621072781050
6.204E-05,3.8811583189785000
6.206E-05,3.8825959065799200
6.208E-05,3.883883808482230
6.21E-05,3.8849750597529800
6.212E-05,3.885826186950880
6.214E-05,3.8863979791984000
6.216E-05,3.8866564280276000
6.218E-05,3.886573691
6.22E-05,3.8861290282607800
6.222E-05,3.8853097962682800
6.224E-05,3.8841126334984000
6.226E-05,3.882544932758380
6.228E-05,3.8806265116934400
6.23E-05,3.878391211189760
6.232E-05,3.8758880100083800
6.234E-05,3.8731812002218300
6.236E-05,3.870349241404910
6.238E-05,3.8674820939221800
6.24E-05,3.8646770677200700
6.242E-05,3.8620334345133600
6.244E-05,3.859646188262100
6.246E-05,3.857599405713890
6.248E-05,3.8559597011661800
6.25E-05,3.854770336255470
6.252E-05,3.854046633853950
6.254E-05,3.853773373682700
6.256E-05,3.853904713
6.258E-05,3.854366851361740
6.26E-05,3.855063245349170
6.262E-05,3.8558817765152500
6.264E-05,3.856703041
6.266E-05,3.8574088034749500
6.268E-05,3.857889665756250
6.27E-05,3.858051094155030
6.272E-05,3.857817170014210
6.274E-05,3.8571318400561300
6.276E-05,3.855957977611010
6.278E-05,3.854275031898640
6.28E-05,3.8520762278488500
6.282E-05,3.8493661332026700
6.284E-05,3.8461590697063800
6.286E-05,3.8424785113539600
6.288E-05,3.8383573986653700
6.29E-05,3.8338391834132200
6.292E-05,3.828979316990390
6.294E-05,3.8238467479528500
6.296E-05,3.818524815
6.298E-05,3.8131108074729700
6.3E-05,3.8077135688753700
6.302E-05,3.8024488732964200
6.304E-05,3.797432886415700
6.306E-05,3.792774564368510
6.308E-05,3.7885682145893500
6.31E-05,3.7848874998204300
6.312E-05,3.7817819105476600
6.314E-05,3.779276223
6.316E-05,3.7773728128137900
6.318E-05,3.776056057341960
6.32E-05,3.7752975797447800
6.322E-05,3.775060940384360
6.324E-05,3.7753046256427900
6.326E-05,3.775982801535290
6.328E-05,3.777044095143220
6.33E-05,3.7784293795156900
6.332E-05,3.7800699028624800
6.334E-05,3.781886970972900
6.336E-05,3.7837938201838000
6.338E-05,3.785699557228340
6.34E-05,3.7875144057848000
6.342E-05,3.789155223
6.344E-05,3.790550396687030
6.346E-05,3.791643675384810
6.348E-05,3.7923969158235800
6.35E-05,3.7927919597396600
6.352E-05,3.792831779
6.354E-05,3.792540819842890
6.356E-05,3.791964269719420
6.358E-05,3.7911658552186800
6.36E-05,3.790223828973350
6.362E-05,3.789225009270870
6.364E-05,3.788257113168510
6.366E-05,3.7874000739942600
6.368E-05,3.7867174203833800
6.37E-05,3.7862489845632700
6.372E-05,3.7860061406965400
6.374E-05,3.785970453629820
6.376E-05,3.7860960956183700
6.378E-05,3.7863157595554600
6.38E-05,3.7865491907895100
6.382E-05,3.786713008991560
6.384E-05,3.786730305436990
6.386E-05,3.786538628063950
6.388E-05,3.786095365802980
6.39E-05,3.7853800990853300
6.392E-05,3.784394050039130
6.394E-05,3.783157209823570
6.396E-05,3.781703960203400
6.398E-05,3.7800780375941100
6.4E-05,3.778327551742910
6.402E-05,3.7765005158303000
6.404E-05,3.7746410473104600
6.406E-05,3.7727861784654100
6.408E-05,3.770963159083990
6.41E-05,3.769187226
6.412E-05,3.767459974887920
6.414E-05,3.7657686
6.416E-05,3.764086348216100
6.418E-05,3.762374456936220
6.42E-05,3.7605856696605500
6.422E-05,3.758669122816220
6.424E-05,3.7565761108943200
6.426E-05,3.754266078968550
6.428E-05,3.7517121914791800
6.43E-05,3.7489059259969400
6.432E-05,3.745860273941880
6.434E-05,3.742611269198160
6.436E-05,3.7392177037553600
6.438E-05,3.735759016315930
6.44E-05,3.7323314347871100
6.442E-05,3.729042510191650
6.444E-05,3.7260042326614200
6.446E-05,3.7233250271575600
6.448E-05,3.7211011143066800
6.45E-05,3.719407958350250
6.452E-05,3.718292731931260
6.454E-05,3.7177688139778400
6.456E-05,3.7178132247635400
6.458E-05,3.7183675542728600
6.46E-05,3.719342390988340
6.462E-05,3.7206246384881300
6.464E-05,3.7220866160272700
6.466E-05,3.7235956504505400
6.468E-05,3.7250230221615200
6.47E-05,3.7262515085668700
6.472E-05,3.727181179
6.474E-05,3.72773339
6.476E-05,3.7278530607534000
6.478E-05,3.727509320781040
6.48E-05,3.7266945892945900
6.482E-05,3.7254221242153200
6.484E-05,3.723722175
6.486E-05,3.7216370449073500
6.488E-05,3.7192155892251200
6.49E-05,3.7165078838010500
6.492E-05,3.7135608276235000
6.494E-05,3.7104153267409400
6.496E-05,3.7071054138040200
6.498E-05,3.7036593238832200
6.5E-05,3.700102236186220
6.502E-05,3.696460139
6.504E-05,3.6927640989609700
6.506E-05,3.6890541485852200
6.508E-05,3.6853820498520300
6.51E-05,3.6818123418917300
6.512E-05,3.6784212502382600
6.514E-05,3.6752932124429900
6.516E-05,3.6725149853866400
6.518E-05,3.6701676280610000
6.52E-05,3.6683171124362000
6.522E-05,3.6670047775148400
6.524E-05,3.666239100129700
6.526E-05,3.6659901764659000
6.528E-05,3.6661879219686200
6.53E-05,3.666724442204880
6.532E-05,3.667460437575110
6.534E-05,3.668234976448810
6.536E-05,3.6688775802405000
6.538E-05,3.669221357866800
6.54E-05,3.6691159066013400
6.542E-05,3.6684388282553200
6.544E-05,3.6671049489016600
6.546E-05,3.6650726257645100
6.548E-05,3.6623468239708500
6.55E-05,3.658978907417040
6.552E-05,3.655063286762830
6.554E-05,3.650731197472000
6.556E-05,3.6461419671763500
6.558E-05,3.641472224256250
6.56E-05,3.6369036365511100
6.562E-05,3.632609954524750
6.564E-05,3.6287443381471400
6.566E-05,3.6254281031901800
6.568E-05,3.6227420328218300
6.57E-05,3.620721199570680
6.572E-05,3.619353858384710
6.574E-05,3.6185844983762600
6.576E-05,3.618320661068670
6.578E-05,3.618442680316770
6.58E-05,3.6188151035575400
6.582E-05,3.619298300487750
6.584E-05,3.6197587760458300
6.586E-05,3.620077042
6.588E-05,3.6201524872488700
6.59E-05,3.619905308
6.592E-05,3.619276046334020
6.594E-05,3.618223515059030
6.596E-05,3.6167219256778000
6.598E-05,3.6147579380070600
6.6E-05,3.612328133312590
6.602E-05,3.6094371509314700
6.604E-05,3.6060964367805200
6.606E-05,3.602323312290690
6.608E-05,3.598139985773910
6.61E-05,3.593572259576670
6.612E-05,3.5886479816260600
6.614E-05,3.5833956001889500
6.616E-05,3.577843364156670
6.618E-05,3.5720196961002300
6.62E-05,3.565955039643480
6.622E-05,3.5596850890077500
6.624E-05,3.5532548683121100
6.626E-05,3.5467228105685100
6.628E-05,3.5401639008110000
6.63E-05,3.533671079511720
6.632E-05,3.527354364
6.634E-05,3.521337465272340
6.636E-05,3.515751998509860
6.638E-05,3.5107297260395600
6.64E-05,3.506393542280140
6.642E-05,3.5028481714116400
6.644E-05,3.5001716674343600
6.646E-05,3.498408754301000
6.648E-05,3.4975667863882900
6.65E-05,3.4976147155049900
6.652E-05,3.498485022507190
6.654E-05,3.500078174372700
6.656E-05,3.502268834481670
6.658E-05,3.5049128632246200
6.66E-05,3.507854212047450
6.662E-05,3.510931156102760
6.664E-05,3.5139817801026800
6.666E-05,3.516849004395410
6.668E-05,3.5193855657602600
6.67E-05,3.5214592508471300
6.672E-05,3.522958434
6.674E-05,3.523797730685840
6.676E-05,3.523923455403160
6.678E-05,3.523318548198590
6.68E-05,3.522006735545530
6.682E-05,3.520055720009050
6.684E-05,3.5175791375457700
6.686E-05,3.5147368365612500
6.688E-05,3.511732849323300
6.69E-05,3.5088103884324800
6.692E-05,3.506243376
6.694E-05,3.5043243619991300
6.696E-05,3.5033491231532800
6.698E-05,3.5035987191309100
6.7E-05,3.5053201842240800
6.702E-05,3.508707309407240
6.704E-05,3.5138830191722400
6.706E-05,3.520884745064740
6.708E-05,3.529654008037430
6.71E-05,3.540031163881670
6.712E-05,3.551755919
6.714E-05,3.564473826292230
6.716E-05,3.5777486134302600
6.718E-05,3.591079972559460
6.72E-05,3.603926268458060
6.722E-05,3.6157314488164400
6.724E-05,3.625955101212720
6.726E-05,3.634104087432550
6.728E-05,3.6397635882727000
6.73E-05,3.642624919
6.732E-05,3.6425073307175500
6.734E-05,3.6393713129643000
6.736E-05,3.6333216594938900
6.738E-05,3.6245996368660100
6.74E-05,3.6135648148338500
6.742E-05,3.600668273225910
6.744E-05,3.5864198246536500
6.746E-05,3.571352464354970
6.748E-05,3.5559874116546100
6.75E-05,3.5408028439191600
6.752E-05,3.526208814561940
6.754E-05,3.5125300203930600
6.756E-05,3.4999971932048700
6.758E-05,3.4887470496164000
6.76E-05,3.4788299840892800
6.762E-05,3.470224049505950
6.764E-05,3.462853288012260
6.766E-05,3.456608222428410
6.768E-05,3.4513663258495400
6.77E-05,3.4470105202877200
6.772E-05,3.4434441472415900
6.774E-05,3.440601338987090
6.776E-05,3.4384522411139100
6.778E-05,3.4370030365792400
6.78E-05,3.436291152205820
6.782E-05,3.4363763779933300
6.784E-05,3.4373289311500800
6.786E-05,3.4392157886863600
6.788E-05,3.4420868607393200
6.79E-05,3.4459626663288300
6.792E-05,3.4508250108622900
6.794E-05,3.456611760919750
6.796E-05,3.4632162431294700
6.798E-05,3.4704911491415100
6.8E-05,3.478256224676220
6.802E-05,3.4863086025292600
6.804E-05,3.494434504088480
6.806E-05,3.5024211561240500
6.808E-05,3.5100680199308500
6.81E-05,3.5171966719114900
6.812E-05,3.5236588512029500
6.814E-05,3.5293423264309100
6.816E-05,3.5341743813333900
6.818E-05,3.538122904350270
6.82E-05,3.541195273
6.822E-05,3.5434354014383900
6.824E-05,3.544919404009620
6.826E-05,3.545750331064260
6.828E-05,3.5460523288790500
6.83E-05,3.545964500478300
6.832E-05,3.5456346953475800
6.834E-05,3.5452134383228300
6.836E-05,3.5448481265123100
6.838E-05,3.544677458531470
6.84E-05,3.544825907108200
6.842E-05,3.545398035917560
6.844E-05,3.546472648
6.846E-05,3.5480970744969700
6.848E-05,3.550282238191400
6.85E-05,3.5529993103552900
6.852E-05,3.556178757468800
6.854E-05,3.559712343018930
6.856E-05,3.563458305041370
6.858E-05,3.5672495426640300
6.86E-05,3.5709042531764600
6.862E-05,3.574238087520740
6.864E-05,3.5770765918369600
6.866E-05,3.5792665589620500
6.868E-05,3.5806850037660800
6.87E-05,3.581244830398160
6.872E-05,3.5808968138820300
6.874E-05,3.579628114811360
6.876E-05,3.577458022228890
6.878E-05,3.574431901785920
6.88E-05,3.5706144160382000
6.882E-05,3.5660829936298800
6.884E-05,3.5609222651399600
6.886E-05,3.5552198072177900
6.888E-05,3.5490631512769500
6.89E-05,3.5425377430292600
6.892E-05,3.5357254668697000
6.894E-05,3.5287034784792500
6.896E-05,3.5215433473574100
6.898E-05,3.5143107747100200
6.9E-05,3.507066286163590
6.902E-05,3.499867212
6.904E-05,3.4927709531123900
6.906E-05,3.485839093761220
6.908E-05,3.4791414858716500
6.91E-05,3.472759238267700
6.912E-05,3.466785625912480
6.914E-05,3.461324342331970
6.916E-05,3.456485100749150
6.918E-05,3.4523771902648200
6.92E-05,3.4491020135498000
6.922E-05,3.446745724462590
6.924E-05,3.4453728589893500
6.926E-05,3.4450214832773400
6.928E-05,3.445700051552060
6.93E-05,3.4473859431249800
6.932E-05,3.4500255164397300
6.934E-05,3.453535469921850
6.936E-05,3.457805338393910
6.938E-05,3.4627010419545400
6.94E-05,3.4680694606363800
6.942E-05,3.473743988072430
6.944E-05,3.479550956964520
6.946E-05,3.4853167761417600
6.948E-05,3.4908755470434100
6.95E-05,3.496076774076960
6.952E-05,3.5007925628574100
6.954E-05,3.5049235240055900
6.956E-05,3.5084025848418900
6.958E-05,3.511196109155740
6.96E-05,3.5133021216174600
6.962E-05,3.514745944904780
6.964E-05,3.5155740280366300
6.966E-05,3.5158470112437900
6.968E-05,3.5156330698292700
6.97E-05,3.5150023517739900
6.972E-05,3.514022958028390
6.974E-05,3.5127585022572600
6.976E-05,3.5112669304137400
6.978E-05,3.509600065451810
6.98E-05,3.5078032972749800
6.982E-05,3.505914944
6.984E-05,3.503965034489830
6.986E-05,3.5019735862205200
6.988E-05,3.499948771147810
6.99E-05,3.4978856393807600
6.992E-05,3.4957660973859500
6.994E-05,3.4935606356068500
6.996E-05,3.491231892232170
6.998E-05,3.488739695771880
7E-05,3.486046905702830
7.002E-05,3.4831252567990500
7.004E-05,3.479960503639440
7.006E-05,3.476556382903540
7.008E-05,3.4729371560400000
7.01E-05,3.4691486631501800
7.012E-05,3.4652578630243900
7.014E-05,3.461350789543940
7.016E-05,3.457528811148130
7.018E-05,3.453903124
7.02E-05,3.4505875905382400
7.022E-05,3.4476903161291800
7.024E-05,3.4453047031604600
7.026E-05,3.443500945214680
7.028E-05,3.442319061298450
7.03E-05,3.441764484778230
7.032E-05,3.441806917760100
7.034E-05,3.442382645977090
7.036E-05,3.4433999395029300
7.038E-05,3.4447467366569400
7.04E-05,3.4462996202380600
7.042E-05,3.4479331173217000
7.044E-05,3.4495285005051600
7.046E-05,3.4509814545394800
7.048E-05,3.4522081355322100
7.05E-05,3.4531492713396200
7.052E-05,3.4537720594447000
7.054E-05,3.4540697550117200
7.056E-05,3.4540590219425300
7.058E-05,3.453775319313350
7.06E-05,3.4532667743387000
7.062E-05,3.452587125800830
7.064E-05,3.451788405963920
7.066E-05,3.450914069
7.068E-05,3.449993272710400
7.07E-05,3.449036981024900
7.072E-05,3.448036460899270
7.074E-05,3.4469645387755700
7.076E-05,3.4457795876339900
7.078E-05,3.4444316707408800
7.08E-05,3.4428697601219400
7.082E-05,3.441048721146510
7.084E-05,3.4389349328071200
7.086E-05,3.4365099047765200
7.088E-05,3.4337718160660800
7.09E-05,3.430735305
7.092E-05,3.4274299943984300
7.094E-05,3.423898187660150
7.096E-05,3.420192074708300
7.098E-05,3.4163706672785300
7.1E-05,3.4124966035000800
7.102E-05,3.408632870302010
7.104E-05,3.4048394570620400
7.106E-05,3.401169994266560
7.108E-05,3.397668529541450
7.11E-05,3.3943667122233300
7.112E-05,3.3912817719105800
7.114E-05,3.388415756781080
7.116E-05,3.3857564831610600
7.118E-05,3.3832804583468400
7.12E-05,3.380957642403840
7.122E-05,3.378757405552580
7.124E-05,3.376654609927500
7.126E-05,3.374634560697770
7.128E-05,3.3726956804986200
7.13E-05,3.370849140068240
7.132E-05,3.3691152776282600
7.134E-05,3.3675173481825600
7.136E-05,3.3660737698384000
7.138E-05,3.3647903862296800
7.14E-05,3.363654255
7.142E-05,3.3626301500996400
7.144E-05,3.361660455508520
7.146E-05,3.360668562932920
7.148E-05,3.3595653262377700
7.15E-05,3.3582576388709000
7.152E-05,3.356657841574000
7.154E-05,3.3546925403239200
7.156E-05,3.3523095947563000
7.158E-05,3.3494825202943900
7.16E-05,3.3462121963952000
7.162E-05,3.342526355951660
7.164E-05,3.338477634803030
7.166E-05,3.334140911
7.168E-05,3.329610351894680
7.17E-05,3.3249961815502700
7.172E-05,3.3204209209048800
7.174E-05,3.3160147939902700
7.176E-05,3.3119102118087400
7.178E-05,3.3082355236691400
7.18E-05,3.305108442858030
7.182E-05,3.3026296285990900
7.184E-05,3.3008768927941100
7.186E-05,3.2999004779981100
7.188E-05,3.299719832247510
7.19E-05,3.300322218036770
7.192E-05,3.3016632916747100
7.194E-05,3.303669536247100
7.196E-05,3.3062422424583300
7.198E-05,3.3092626627473700
7.2E-05,3.3125979748675400
7.202E-05,3.316107706306950
7.204E-05,3.3196502543669800
7.206E-05,3.323089111872990
7.208E-05,3.3262984222849200
7.21E-05,3.329167564154220
7.212E-05,3.3316045913219100
7.214E-05,3.333538500814510
7.216E-05,3.334920432902450
7.218E-05,3.335724000274310
7.22E-05,3.335944974423800
7.222E-05,3.3356005180832900
7.224E-05,3.334728054283520
7.226E-05,3.333383733104200
7.228E-05,3.3316403333257300
7.23E-05,3.3295843698845600
7.232E-05,3.327312231387730
7.234E-05,3.3249253712641300
7.236E-05,3.322524860702330
7.238E-05,3.320205846368040
7.24E-05,3.318052512309650
7.242E-05,3.316133989
7.244E-05,3.3145013757172000
7.246E-05,3.3131858138737700
7.248E-05,3.312197476
7.25E-05,3.3115254130875500
7.252E-05,3.3111383006203900
7.254E-05,3.3109861639408400
7.256E-05,3.311003120336170
7.258E-05,3.3111110661805600
7.26E-05,3.3112240741066200
7.262E-05,3.3112530996009600
7.264E-05,3.3111105326269900
7.266E-05,3.310714245
7.268E-05,3.3099910413577500
7.27E-05,3.308879674116000
7.272E-05,3.3073336880948200
7.274E-05,3.3053242429348400
7.276E-05,3.3028428169280400
7.278E-05,3.299903456420170
7.28E-05,3.2965441155991400
7.282E-05,3.292826632233260
7.284E-05,3.288834967
7.286E-05,3.2846714977707700
7.288E-05,3.280451439272300
7.29E-05,3.2762958211161300
7.292E-05,3.2723237963900500
7.294E-05,3.2686451919375000
7.296E-05,3.2653540770087200
7.298E-05,3.2625237804931100
7.3E-05,3.260203413675860
7.302E-05,3.2584157207246100
7.304E-05,3.257156051808710
7.306E-05,3.2563924043421700
7.308E-05,3.2560666937983400
7.31E-05,3.256097545877380
7.312E-05,3.2563848510450600
7.314E-05,3.256816105869820
7.316E-05,3.2572742613081800
7.318E-05,3.257646476
7.32E-05,3.2578328804170000
7.322E-05,3.2577542753909800
7.324E-05,3.2573576322911700
7.326E-05,3.256618498442740
7.328E-05,3.2555398457125800
7.33E-05,3.254147540263080
7.332E-05,3.2524832114859600
7.334E-05,3.250595696222220
7.336E-05,3.248532352798160
7.338E-05,3.2463314213131500
7.34E-05,3.2440163419173100
7.342E-05,3.2415925978565700
7.344E-05,3.239047262459660
7.346E-05,3.2363510602324600
7.348E-05,3.2334624926109300
7.35E-05,3.2303334694283900
7.352E-05,3.2269158696800700
7.354E-05,3.2231684418543600
7.356E-05,3.21906343
7.358E-05,3.2145923422386800
7.36E-05,3.2097704041600100
7.362E-05,3.2046394135910300
7.364E-05,3.1992688184571000
7.366E-05,3.193754878043460
7.368E-05,3.1882178045352300
7.37E-05,3.1827968940679100
7.372E-05,3.1776438240943500
7.374E-05,3.172914468843740
7.376E-05,3.1687597463670800
7.378E-05,3.1653161389459300
7.38E-05,3.1626965781279900
7.382E-05,3.1609823457070400
7.384E-05,3.1602165759589800
7.386E-05,3.1603998984035400
7.388E-05,3.1614886746683600
7.39E-05,3.163396078165850
7.392E-05,3.1659959730783000
7.394E-05,3.169129281007240
7.396E-05,3.172612354370600
7.398E-05,3.176246807994010
7.4E-05,3.1798302475828500
7.402E-05,3.183167305687950
7.404E-05,3.1860803060223200
7.406E-05,3.1884187500740600
7.408E-05,3.190066757609130
7.41E-05,3.1909477254785200
7.412E-05,3.1910258485934000
7.414E-05,3.190304658592190
7.416E-05,3.188823167392280
7.418E-05,3.1866504224768000
7.42E-05,3.1838793141789800
7.422E-05,3.180620409631900
7.424E-05,3.176996452477740
7.426E-05,3.1731379346572900
7.428E-05,3.1691798215739700
7.43E-05,3.165259171
7.432E-05,3.161513129559530
7.434E-05,3.158076663530990
7.436E-05,3.155079455225840
7.438E-05,3.152641593545890
7.44E-05,3.1508680510372200
7.442E-05,3.149842290302230
7.444E-05,3.1496196117457500
7.446E-05,3.1502209601990300
7.448E-05,3.151627872565610
7.45E-05,3.153779148110320
7.452E-05,3.156569715
7.454E-05,3.159852055038610
7.456E-05,3.1634403796439200
7.458E-05,3.167117568418970
7.46E-05,3.1706446108344100
7.462E-05,3.1737721092654700
7.464E-05,3.1762532511999500
7.466E-05,3.177857593297280
7.468E-05,3.1783849454947600
7.47E-05,3.1776785564096300
7.472E-05,3.1756366832235200
7.474E-05,3.1722215283163300
7.476E-05,3.1674645091232900
7.478E-05,3.1614669661809200
7.48E-05,3.1543957570923500
7.482E-05,3.1464737302353000
7.484E-05,3.137965743781190
7.486E-05,3.129161532728840
7.488E-05,3.120357126074960
7.49E-05,3.1118365481707300
7.492E-05,3.1038552588461800
7.494E-05,3.096626395627350
7.496E-05,3.0903105433211900
7.498E-05,3.0850094878104100
7.5E-05,3.080764143242800
7.502E-05,3.077556553852240
7.504E-05,3.0753156212243600
7.506E-05,3.073926045602640
7.508E-05,3.073239863690280
7.51E-05,3.073089821050450
7.512E-05,3.0733035777882500
7.514E-05,3.073717484381750
7.516E-05,3.074188556032020
7.518E-05,3.0746034502839700
7.52E-05,3.074883689350720
7.522E-05,3.074986921387720
7.524E-05,3.0749045311387000
7.526E-05,3.0746562969786100
7.528E-05,3.074283029444270
7.53E-05,3.0738382520303500
7.532E-05,3.073380031209860
7.534E-05,3.072964004384420
7.536E-05,3.072638434651000
7.538E-05,3.072441733177370
7.54E-05,3.0724024162338400
7.542E-05,3.0725410328689100
7.544E-05,3.072873305905490
7.546E-05,3.0734135976573400
7.548E-05,3.074177834584860
7.55E-05,3.075185202543110
7.552E-05,3.0764582331868400
7.554E-05,3.078021263
7.556E-05,3.079897566
7.558E-05,3.0821057077157800
7.56E-05,3.0846557651104300
7.562E-05,3.0875460036358000
7.564E-05,3.090760340831220
7.566E-05,3.094266604598270
7.568E-05,3.0980154200419200
7.57E-05,3.1019396211530200
7.572E-05,3.105954308154180
7.574E-05,3.1099578776207500
7.576E-05,3.113834413103370
7.578E-05,3.117457712305110
7.58E-05,3.1206969771012800
7.582E-05,3.1234238690681100
7.584E-05,3.1255203295443700
7.586E-05,3.126886382198270
7.588E-05,3.1274471370138500
7.59E-05,3.127158374424750
7.592E-05,3.1260103143833000
7.594E-05,3.1240293605713900
7.596E-05,3.1212776946053300
7.598E-05,3.1178506090552200
7.6E-05,3.1138715173245000
7.602E-05,3.109484747449900
7.604E-05,3.1048464922334500
7.606E-05,3.1001145562169900
7.608E-05,3.0954377493953600
7.61E-05,3.090945922415960
7.612E-05,3.0867417085702300
7.614E-05,3.082894982311680
7.616E-05,3.079440800838850
7.618E-05,3.076381160695670
7.62E-05,3.073690366118660
7.622E-05,3.0713233163054500
7.624E-05,3.0692256868601200
7.626E-05,3.0673448273039300
7.628E-05,3.0656401775592700
7.63E-05,3.064092075456560
7.632E-05,3.0627079701594300
7.634E-05,3.0615252929683700
7.636E-05,3.060610597196570
7.638E-05,3.0600550412436400
7.64E-05,3.059966747693680
7.642E-05,3.0604608987892700
7.644E-05,3.061648568189850
7.646E-05,3.063625276859910
7.648E-05,3.066460180098460
7.65E-05,3.0701867077168100
7.652E-05,3.074795401958560
7.654E-05,3.0802296066349000
7.656E-05,3.086384538343530
7.658E-05,3.0931101007584600
7.66E-05,3.1002175452305500
7.662E-05,3.1074896852428300
7.664E-05,3.114693857853550
7.666E-05,3.121596336962580
7.668E-05,3.1279766454478000
7.67E-05,3.1336402992453800
7.672E-05,3.138428885053710
7.674E-05,3.1422268577508500
7.676E-05,3.1449649087925100
7.678E-05,3.1466201529048300
7.68E-05,3.1472136816751500
7.682E-05,3.1468061839402500
7.684E-05,3.1454922960524400
7.686E-05,3.1433941746805500
7.688E-05,3.140654599217060
7.69E-05,3.137429782943200
7.692E-05,3.133882004473050
7.694E-05,3.130172178975220
7.696E-05,3.1264526140277300
7.698E-05,3.122860403146180
7.7E-05,3.119512052027480
7.702E-05,3.1164998629994700
7.704E-05,3.1138903104647000
7.706E-05,3.111724243
7.708E-05,3.1100184012585600
7.71E-05,3.108767571272430
7.712E-05,3.107946759887440
7.714E-05,3.1075130621381000
7.716E-05,3.1074072580240200
7.718E-05,3.107555479867960
7.72E-05,3.1078714175117100
7.722E-05,3.1082594528441300
7.724E-05,3.1086188767301700
7.726E-05,3.1088490123235500
7.728E-05,3.108854751110530
7.73E-05,3.1085518371783700
7.732E-05,3.1078713211442200
7.734E-05,3.1067629313786400
7.736E-05,3.1051975011011400
7.738E-05,3.1031688134528900
7.74E-05,3.1006951620163800
7.742E-05,3.0978206422604300
7.744E-05,3.0946158689210000
7.746E-05,3.091177597913960
7.748E-05,3.0876266667440300
7.75E-05,3.0841037527739000
7.752E-05,3.0807626927917500
7.754E-05,3.0777615150262900
7.756E-05,3.0752518284144700
7.758E-05,3.073367622521040
7.76E-05,3.0722147157109400
7.762E-05,3.071862044946540
7.764E-05,3.0723357856953400
7.766E-05,3.0736169524141800
7.768E-05,3.0756426659258200
7.77E-05,3.078310767975530
7.772E-05,3.081487066051350
7.774E-05,3.0850142927472700
7.776E-05,3.0887218371151100
7.778E-05,3.0924353908592200
7.78E-05,3.0959858186655900
7.782E-05,3.0992167776433000
7.784E-05,3.1019908324467300
7.786E-05,3.1041940175007700
7.788E-05,3.105738983269150
7.79E-05,3.1065670190716900
7.792E-05,3.1066493395769800
7.794E-05,3.1059880033946200
7.796E-05,3.1046166450490000
7.798E-05,3.1026008413753000
7.8E-05,3.1000374954230000
7.802E-05,3.0970522946733200
7.804E-05,3.093794295439010
7.806E-05,3.090427117714070
7.808E-05,3.0871170337222800
7.81E-05,3.084019139307360
7.812E-05,3.081263475227460
7.814E-05,3.0789431746137800
7.816E-05,3.0771064097961600
7.818E-05,3.0757532223340300
7.82E-05,3.0748374545676400
7.822E-05,3.074273195845420
7.824E-05,3.0739446155875400
7.826E-05,3.0737178638998000
7.828E-05,3.073453808314280
7.83E-05,3.073020579219490
7.832E-05,3.072305074895250
7.834E-05,3.0712226916339400
7.836E-05,3.0697246439182900
7.838E-05,3.0678023678953600
7.84E-05,3.0654886572347600
7.842E-05,3.0628553692831600
7.844E-05,3.0600077928483600
7.846E-05,3.057076077861730
7.848E-05,3.0542044119845200
7.85E-05,3.051538818155670
7.852E-05,3.049214550554840
7.854E-05,3.047344138290460
7.856E-05,3.0460071689364800
7.858E-05,3.0452428459013300
7.86E-05,3.0450461134683700
7.862E-05,3.0453677044968200
7.864E-05,3.0461179088043100
7.866E-05,3.0471733455913400
7.868E-05,3.0483857136020700
7.87E-05,3.0495914578947300
7.872E-05,3.050621480349200
7.874E-05,3.0513103182076200
7.876E-05,3.051504521935500
7.878E-05,3.0510702083753800
7.88E-05,3.0498998694201600
7.882E-05,3.047918426678640
7.884E-05,3.0450882918487100
7.886E-05,3.0414129685581400
7.888E-05,3.036938642745340
7.89E-05,3.0317532982474900
7.892E-05,3.0259831466610900
7.894E-05,3.019786525942010
7.896E-05,3.013345801794550
7.898E-05,3.0068580685751200
7.9E-05,3.0005255046965800
7.902E-05,2.9945461050852900
7.904E-05,2.989105281775060
7.906E-05,2.984368593476920
7.908E-05,2.980475700319540
7.91E-05,2.977535571
7.912E-05,2.9756229943248200
7.914E-05,2.974776533030760
7.916E-05,2.974998090412820
7.918E-05,2.976254225091210
7.92E-05,2.9784791625135900
7.922E-05,2.9815792034548000
7.924E-05,2.985437965770610
7.926E-05,2.989921738687830
7.928E-05,2.9948842758612600
7.93E-05,3.000170624206230
7.932E-05,3.005619986123040
7.934E-05,3.011067975333900
7.936E-05,3.0163488053891500
7.938E-05,3.021297908136990
7.94E-05,3.0257553004595300
7.942E-05,3.029569829771360
7.944E-05,3.032604301808690
7.946E-05,3.0347413951271300
7.948E-05,3.035890116330830
7.95E-05,3.035992320324250
7.952E-05,3.0350285777679200
7.954E-05,3.0330225378465900
7.956E-05,3.0300429964444100
7.958E-05,3.026203135690910
7.96E-05,3.0216567717277300
7.962E-05,3.016591833973520
7.964E-05,3.0112216209270200
7.966E-05,3.005774580603850
7.968E-05,3.000483418047620
7.97E-05,2.995574241627430
7.972E-05,2.9912562756674700
7.974E-05,2.9877124788839400
7.976E-05,2.9850912969740500
7.978E-05,2.983499764442180
7.98E-05,2.982998206645720
7.982E-05,2.9835968101703300
7.984E-05,2.9852543133367400
7.986E-05,2.987879064492360
7.988E-05,2.9913327230755400
7.99E-05,2.9954368616263700
7.992E-05,2.9999825502073700
7.994E-05,3.004742626424390
7.996E-05,3.0094858547068400
7.998E-05,3.0139917242852500
8E-05,3.018064406
8.002E-05,3.021544479806240
8.004E-05,3.024317432529450
8.006E-05,3.026318385672060
8.008E-05,3.0275329779550200
8.01E-05,3.0279946154084600
8.012E-05,3.0277785494537300
8.014E-05,3.0269934488532000
8.016E-05,3.0257713140660000
8.018E-05,3.024256679864480
8.02E-05,3.0225960223051100
8.022E-05,3.0209281610065300
8.024E-05,3.019376300353190
8.026E-05,3.018042217869240
8.028E-05,3.0170029517657100
8.03E-05,3.016310108533440
8.032E-05,3.015991594
8.034E-05,3.0160552287157300
8.036E-05,3.0164934251872600
8.038E-05,3.0172879969150200
8.04E-05,3.0184142128270200
8.042E-05,3.019843460478440
8.044E-05,3.021544212095630
8.046E-05,3.0234813561861000
8.048E-05,3.025614299925630
8.05E-05,3.027894535
8.052E-05,3.0302635473192200
8.054E-05,3.0326519498143100
8.056E-05,3.0349805419275100
8.058E-05,3.0371635820123800
8.06E-05,3.039114108074760
8.062E-05,3.0407506730106400
8.064E-05,3.042004522406370
8.066E-05,3.0428260799221600
8.068E-05,3.043189646528010
8.07E-05,3.0430954413879200
8.072E-05,3.042568467927150
8.074E-05,3.041654151153230
8.076E-05,3.0404112366383900
8.078E-05,3.038902980853260
8.08E-05,3.037188043883410
8.082E-05,3.035312588567990
8.084E-05,3.0333048708341600
8.086E-05,3.0311731543271500
8.088E-05,3.0289072184483400
8.09E-05,3.026483163874740
8.092E-05,3.0238707448882100
8.094E-05,3.0210421321879500
8.096E-05,3.017980842338680
8.098E-05,3.0146895462128100
8.1E-05,3.0111955960428800
8.102E-05,3.007553401014160
8.104E-05,3.003843198521640
8.106E-05,3.000166235349860
8.108E-05,2.9966368262389200
8.11E-05,2.9933721599133400
8.112E-05,2.9904810353011400
8.114E-05,2.988052875381410
8.116E-05,2.9861483298710900
8.118E-05,2.9847925372518000
8.12E-05,2.9839717394044900
8.122E-05,2.983633533076140
8.124E-05,2.983690675329440
8.126E-05,2.9840280418975100
8.128E-05,2.9845120382112300
8.13E-05,2.9850014831391600
8.132E-05,2.9853587894919800
8.134E-05,2.9854602382878800
8.136E-05,2.9852043112737200
8.138E-05,2.984517349357840
8.14E-05,2.9833561629518800
8.142E-05,2.9817075970827400
8.144E-05,2.979585432234530
8.146E-05,2.9770253148646700
8.148E-05,2.974078557232690
8.15E-05,2.970805588704490
8.152E-05,2.967269667905070
8.154E-05,2.963531320106150
8.156E-05,2.9596439261556300
8.158E-05,2.955650919407690
8.16E-05,2.9515850296472400
8.162E-05,2.947469841191730
8.164E-05,2.943323580972590
8.166E-05,2.939164594828480
8.168E-05,2.9350175341609300
8.17E-05,2.9309189824853100
8.172E-05,2.926921189787860
8.174E-05,2.9230927968423000
8.176E-05,2.919515913999180
8.178E-05,2.9162795996579700
8.18E-05,2.913470520177180
8.182E-05,2.9111621668742000
8.184E-05,2.9094042908244000
8.186E-05,2.908214154
8.188E-05,2.907570860513200
8.19E-05,2.907413534438780
8.192E-05,2.907643519935020
8.194E-05,2.9081302379589700
8.196E-05,2.9087199227831000
8.198E-05,2.9092462955572100
8.2E-05,2.909542260408350
8.202E-05,2.909451823252060
8.204E-05,2.9088415179972500
8.206E-05,2.9076106290721500
8.208E-05,2.9056994444757000
8.21E-05,2.9030947338755600
8.212E-05,2.899831722498010
8.214E-05,2.895992102633390
8.216E-05,2.8916980821968200
8.218E-05,2.887102996454780
8.22E-05,2.8823794451461500
8.222E-05,2.8777061636016600
8.224E-05,2.8732548900503000
8.226E-05,2.869178399346500
8.228E-05,2.8656006856744600
8.23E-05,2.8626100350343700
8.232E-05,2.8602554539690200
8.234E-05,2.858546601762200
8.236E-05,2.8574569969093600
8.238E-05,2.8569298777944200
8.24E-05,2.856885785318990
8.242E-05,2.8572307854135200
8.244E-05,2.8578642954091900
8.246E-05,2.8586857036399900
8.248E-05,2.8595993229513000
8.25E-05,2.860517618558760
8.252E-05,2.8613630034377100
8.254E-05,2.8620686897116300
8.256E-05,2.862579046509110
8.258E-05,2.8628496957944200
8.26E-05,2.8628473595311500
8.262E-05,2.8625494064618500
8.264E-05,2.8619431152202200
8.266E-05,2.8610247426358300
8.268E-05,2.859798496
8.27E-05,2.8582755024864300
8.272E-05,2.8564729300622000
8.274E-05,2.854413457217460
8.276E-05,2.852125304
8.278E-05,2.849642845638000
8.28E-05,2.8470075444416200
8.282E-05,2.8442686893289600
8.284E-05,2.841483272081450
8.286E-05,2.8387144405844400
8.288E-05,2.836028252210680
8.29E-05,2.833488908397580
8.292E-05,2.8311531349264400
8.294E-05,2.8290647180231800
8.296E-05,2.827250296168720
8.298E-05,2.825717326074580
8.3E-05,2.8244547443418900
8.302E-05,2.8234363218352500
8.304E-05,2.822626163690700
8.306E-05,2.821985359647060
8.308E-05,2.821478547202770
8.31E-05,2.8210791976382000
8.312E-05,2.8207727789441900
8.314E-05,2.820557477799790
8.316E-05,2.8204426728598500
8.318E-05,2.820445658843430
8.32E-05,2.820587177
8.322E-05,2.820886220619170
8.324E-05,2.8213545426317000
8.326E-05,2.8219913181940600
8.328E-05,2.822778563477270
8.33E-05,2.823677948
8.332E-05,2.8246295796826000
8.334E-05,2.8255530999906400
8.336E-05,2.8263511487675100
8.338E-05,2.8269149360639500
8.34E-05,2.827131469049080
8.342E-05,2.826891839741510
8.344E-05,2.8260999234677400
8.346E-05,2.8246808181546100
8.348E-05,2.822588355977930
8.35E-05,2.8198110436044500
8.352E-05,2.816375841578920
8.354E-05,2.812349283326890
8.356E-05,2.8078355886420400
8.358E-05,2.802971682490320
8.36E-05,2.7979193726381300
8.362E-05,2.792855281698330
8.364E-05,2.787959368140010
8.366E-05,2.7834029603254700
8.368E-05,2.7793371990663800
8.37E-05,2.775882715
8.372E-05,2.773121315915360
8.374E-05,2.771090446
8.376E-05,2.769781086331410
8.378E-05,2.7691395690627000
8.38E-05,2.7690733567977600
8.382E-05,2.7694602439063700
8.384E-05,2.7701599118962700
8.386E-05,2.7710264214033700
8.388E-05,2.771920160360770
8.39E-05,2.7727179197644700
8.392E-05,2.7733200864861400
8.394E-05,2.7736544057988100
8.396E-05,2.773676322913590
8.398E-05,2.773366439224830
8.4E-05,2.772725975
8.402E-05,2.7717712392790900
8.404E-05,2.7705280171825400
8.406E-05,2.7690265370025000
8.408E-05,2.767297482865640
8.41E-05,2.7653693278035300
8.412E-05,2.763267163284340
8.414E-05,2.761013081
8.416E-05,2.7586279963627400
8.418E-05,2.7561345730906300
8.42E-05,2.7535606667609900
8.422E-05,2.7509425021711400
8.424E-05,2.7483267999131900
8.426E-05,2.7457713158758900
8.428E-05,2.7433436878636500
8.43E-05,2.741118864672960
8.432E-05,2.739175547291410
8.434E-05,2.7375920128404100
8.436E-05,2.7364415627059200
8.438E-05,2.7357877465604000
8.44E-05,2.7356794896555100
8.442E-05,2.736146290374350
8.444E-05,2.7371937501506800
8.446E-05,2.738799814627030
8.448E-05,2.7409121983272200
8.45E-05,2.743447501
8.452E-05,2.746292472750760
8.454E-05,2.7493076872121100
8.456E-05,2.7523335819820000
8.458E-05,2.755198413210250
8.46E-05,2.7577274008044900
8.462E-05,2.759752226464170
8.464E-05,2.7611201238758300
8.466E-05,2.7617019592637000
8.468E-05,2.761398877496020
8.47E-05,2.7601472568782100
8.472E-05,2.7579218506566800
8.474E-05,2.754737073950840
8.476E-05,2.750646429680760
8.478E-05,2.7457400940025400
8.48E-05,2.7401407512848800
8.482E-05,2.733997913539500
8.484E-05,2.7274811502714000
8.486E-05,2.720772798730150
8.488E-05,2.71406073
8.49E-05,2.707531590917220
8.492E-05,2.701364706106200
8.494E-05,2.695726598715460
8.496E-05,2.6907660236610500
8.498E-05,2.6866094561590400
8.5E-05,2.683357114647060
8.502E-05,2.6810796849206700
8.504E-05,2.679815923343910
8.506E-05,2.679571301597670
8.508E-05,2.680317874487980
8.51E-05,2.681995579055190
8.512E-05,2.6845151125739900
8.514E-05,2.687762345490950
8.516E-05,2.6916039825221900
8.518E-05,2.6958940243058100
8.52E-05,2.7004805608873500
8.522E-05,2.705212487
8.524E-05,2.7099457784630400
8.526E-05,2.7145489998090600
8.528E-05,2.718907799749510
8.53E-05,2.7229283243475400
8.532E-05,2.726539684365190
8.534E-05,2.729695733412390
8.536E-05,2.7323763827926800
8.538E-05,2.7345885208825500
8.54E-05,2.736366422280270
8.542E-05,2.7377714364460200
8.544E-05,2.738890776
8.546E-05,2.7398353274391400
8.548E-05,2.740736509573200
8.55E-05,2.741742265596020
8.552E-05,2.7430122860208700
8.554E-05,2.7447124797955700
8.556E-05,2.7470085640467400
8.558E-05,2.7500585156466100
8.56E-05,2.7540036422539600
8.562E-05,2.758958242610730
8.564E-05,2.7649981984602300
8.566E-05,2.7721492727151600
8.568E-05,2.7803762663610300
8.57E-05,2.7895744220043500
8.572E-05,2.799564503319750
8.574E-05,2.810092808
8.576E-05,2.8208370000829000
8.578E-05,2.831418105295980
8.58E-05,2.8414183371313900
8.582E-05,2.8504036857904800
8.584E-05,2.8579495467128200
8.586E-05,2.8636672342481600
8.588E-05,2.8672290920090300
8.59E-05,2.868390058104820
8.592E-05,2.8670039050091800
8.594E-05,2.8630328756562800
8.596E-05,2.8565500209332300
8.598E-05,2.847734165313150
8.6E-05,2.8368580306769700
8.602E-05,2.824270555028710
8.604E-05,2.810374800822340
8.606E-05,2.795603085
8.608E-05,2.7803911535199500
8.61E-05,2.7651533640317000
8.612E-05,2.750260871776360
8.614E-05,2.7360245839403000
8.616E-05,2.722684197
8.618E-05,2.7104039658201700
8.62E-05,2.699275094543630
8.622E-05,2.689323953330990
8.624E-05,2.680524772319300
8.626E-05,2.672815156
8.628E-05,2.6661126014805300
8.63E-05,2.6603302398441700
8.632E-05,2.655390214621000
8.634E-05,2.651233569104170
8.636E-05,2.6478260489953300
8.638E-05,2.645159821527370
8.64E-05,2.643251616967910
8.642E-05,2.6421381513166100
8.644E-05,2.641869795586400
8.646E-05,2.6425032785967400
8.648E-05,2.6440938496631200
8.65E-05,2.6466870121275300
8.652E-05,2.6503098716209500
8.654E-05,2.654962358937950
8.656E-05,2.6606089403271100
8.658E-05,2.667171713929270
8.66E-05,2.674525888368460
8.662E-05,2.682498544736940
8.664E-05,2.690871346
8.666E-05,2.6993875170180900
8.668E-05,2.7077630054994900
8.67E-05,2.715701271449120
8.672E-05,2.7229107062505800
8.674E-05,2.729123296923100
8.676E-05,2.734112936340070
8.678E-05,2.737711791068190
8.68E-05,2.7398233505500200
8.682E-05,2.7404310704128400
8.684E-05,2.7396017794769800
8.686E-05,2.7374832644502100
8.688E-05,2.7342958122909400
8.69E-05,2.730318075335560
8.692E-05,2.7258683553729900
8.694E-05,2.721283056622350
8.696E-05,2.7168944080400100
8.698E-05,2.7130095127774300
8.7E-05,2.7098924254094500
8.702E-05,2.7077504510034000
8.704E-05,2.706725340034350
8.706E-05,2.706889579862800
8.708E-05,2.7082475782737600
8.71E-05,2.7107412081985500
8.712E-05,2.7142589183893500
8.714E-05,2.718647380562490
8.716E-05,2.7237244548175900
8.718E-05,2.7292921862262200
8.72E-05,2.735148656333270
8.722E-05,2.741097796
8.724E-05,2.7469566721551900
8.726E-05,2.7525602034515900
8.728E-05,2.757763709563500
8.73E-05,2.762443950177100
8.732E-05,2.7664993834369300
8.734E-05,2.769850168807550
8.736E-05,2.7724381286466300
8.738E-05,2.7742266042675400
8.74E-05,2.7751999855718600
8.742E-05,2.7753626492171200
8.744E-05,2.7747370807046900
8.746E-05,2.773361086297230
8.748E-05,2.7712842283080600
8.75E-05,2.768563888802390
8.752E-05,2.765261556261600
8.754E-05,2.761439906946870
8.756E-05,2.7571610000391300
8.758E-05,2.7524855645114000
8.76E-05,2.747473114097190
8.762E-05,2.7421825684750600
8.764E-05,2.7366731420347300
8.766E-05,2.731005391402790
8.768E-05,2.725242390486430
8.77E-05,2.719450953120480
8.772E-05,2.713702652
8.774E-05,2.7080742143401700
8.776E-05,2.7026468662716100
8.778E-05,2.6975044899796600
8.78E-05,2.692730824512640
8.782E-05,2.688406273014730
8.784E-05,2.684604906193320
8.786E-05,2.6813920303407300
8.788E-05,2.6788223259685200
8.79E-05,2.6769382591980500
8.792E-05,2.6757683849094100
8.794E-05,2.6753253306179100
8.796E-05,2.675603559387630
8.798E-05,2.6765772952632700
8.8E-05,2.678199143755360
8.802E-05,2.680399911396530
8.804E-05,2.683089936628550
8.806E-05,2.6861619621162100
8.808E-05,2.6894953110482200
8.81E-05,2.6929609470164200
8.812E-05,2.696426909279190
8.814E-05,2.699763621465920
8.816E-05,2.7028486863554500
8.818E-05,2.7055709816969800
8.82E-05,2.707834067042260
8.822E-05,2.7095589935693300
8.824E-05,2.7106865585244500
8.826E-05,2.7111789329654300
8.828E-05,2.711020503120460
8.83E-05,2.7102177590590300
8.832E-05,2.708798154144610
8.834E-05,2.706808007265810
8.836E-05,2.704309651
8.838E-05,2.7013780882164000
8.84E-05,2.6980973998914900
8.842E-05,2.694557138
8.844E-05,2.6908488907116200
8.846E-05,2.6870631503097900
8.848E-05,2.6832864918879900
8.85E-05,2.679598869027590
8.852E-05,2.6760707600986500
8.854E-05,2.672759991869390
8.856E-05,2.6697084035977900
8.858E-05,2.6669389438288800
8.86E-05,2.6644540838218400
8.862E-05,2.6622363886067100
8.864E-05,2.660251676135080
8.866E-05,2.658454573
8.868E-05,2.6567956820696000
8.87E-05,2.6552292108073800
8.872E-05,2.6537197920883400
8.874E-05,2.652247402243960
8.876E-05,2.6508096101622100
8.878E-05,2.649420863630060
8.88E-05,2.6481090008147100
8.882E-05,2.646909589377880
8.884E-05,2.6458589898975600
8.886E-05,2.6449872059225500
8.888E-05,2.6443116227337900
8.89E-05,2.643832636090920
8.892E-05,2.643531898925320
8.894E-05,2.643373459579640
8.896E-05,2.643307506791840
8.898E-05,2.6432759394192400
8.9E-05,2.643218704214140
8.902E-05,2.643079854977510
8.904E-05,2.642812526651750
8.906E-05,2.642382358457110
8.908E-05,2.641769208485190
8.91E-05,2.640967218
8.912E-05,2.6399834238831300
8.914E-05,2.6388352275964900
8.916E-05,2.6375470864858800
8.918E-05,2.6361468444441300
8.92E-05,2.6346621065636000
8.922E-05,2.6331170364366500
8.924E-05,2.6315298835037600
8.926E-05,2.629911453721490
8.928E-05,2.6282646404052600
8.93E-05,2.6265850455234800
8.932E-05,2.624862631970870
8.934E-05,2.6230842208777900
8.936E-05,2.6212364605428200
8.938E-05,2.6193086855392900
8.94E-05,2.6172949877383300
8.942E-05,2.6151949815937900
8.944E-05,2.613013177549280
8.946E-05,2.6107574007464100
8.948E-05,2.608437054470950
8.95E-05,2.606062087016620
8.952E-05,2.6036433088581300
8.954E-05,2.601194337729240
8.956E-05,2.5987350064240400
8.958E-05,2.5962955970945300
8.96E-05,2.593920848692600
8.962E-05,2.5916724846684600
8.964E-05,2.589629186617640
8.966E-05,2.5878834934299500
8.968E-05,2.5865358165204000
8.97E-05,2.5856863391791900
8.972E-05,2.585425846118520
8.974E-05,2.5858265319686400
8.976E-05,2.5869336959506200
8.978E-05,2.588759066632410
8.98E-05,2.5912763583389100
8.982E-05,2.5944194957538200
8.984E-05,2.598083691620670
8.986E-05,2.6021292385518300
8.988E-05,2.6063875939526300
8.99E-05,2.610669205133310
8.992E-05,2.614772523235000
8.994E-05,2.618493670628030
8.996E-05,2.6216361806856900
8.998E-05,2.624020180106890
9E-05,2.6254904498028200
9.002E-05,2.6259230042481000
9.004E-05,2.625230068234590
9.006E-05,2.6233634952555700
9.008E-05,2.620316745
9.01E-05,2.6161255575568300
9.012E-05,2.6108674496940900
9.014E-05,2.604660097055610
9.016E-05,2.5976585405838100
9.018E-05,2.5900509943805000
9.02E-05,2.582052911815320
9.022E-05,2.5738989680472700
9.024E-05,2.565832798090610
9.026E-05,2.558094707836640
9.028E-05,2.550908096691660
9.03E-05,2.5444658517164500
9.032E-05,2.5389183128414300
9.034E-05,2.534364433930680
9.036E-05,2.5308474381419300
9.038E-05,2.5283556341995600
9.04E-05,2.526828235462620
9.042E-05,2.526165196400940
9.044E-05,2.526239489055410
9.046E-05,2.526910052338590
9.048E-05,2.5280338577008200
9.05E-05,2.5294760071761600
9.052E-05,2.531117334626270
9.054E-05,2.532859455
9.056E-05,2.5346274915089700
9.058E-05,2.536370811660700
9.06E-05,2.538062052023020
9.062E-05,2.5396946516188600
9.064E-05,2.541279042879840
9.066E-05,2.5428376752064100
9.068E-05,2.5443991436550900
9.07E-05,2.545991846898630
9.072E-05,2.5476377384071700
9.074E-05,2.5493467889269300
9.076E-05,2.5511127167946900
9.078E-05,2.5529104077229400
9.08E-05,2.554695299771320
9.082E-05,2.556404870365220
9.084E-05,2.5579622049690900
9.086E-05,2.559281422345130
9.088E-05,2.5602744795048800
9.09E-05,2.560858627248160
9.092E-05,2.5609636155227100
9.094E-05,2.5605377314134700
9.096E-05,2.559551930104960
9.098E-05,2.5580016835257900
9.1E-05,2.5559066524075100
9.102E-05,2.553308739147170
9.104E-05,2.5502693216205400
9.106E-05,2.5468663949760700
9.108E-05,2.543192009611230
9.11E-05,2.539349958833070
9.112E-05,2.535453306747530
9.114E-05,2.5316211599115000
9.116E-05,2.527974146
9.118E-05,2.524628405981670
9.12E-05,2.521688440328360
9.122E-05,2.5192396622983700
9.124E-05,2.5173417191817000
9.126E-05,2.516023510073810
9.128E-05,2.5152804456152400
9.13E-05,2.515074095820950
9.132E-05,2.515334099686260
9.134E-05,2.515962075489440
9.136E-05,2.516837182308990
9.138E-05,2.5178228797510700
9.14E-05,2.5187743634259400
9.142E-05,2.5195462075582600
9.144E-05,2.5199999192032400
9.146E-05,2.5200112788790400
9.148E-05,2.519477374078870
9.15E-05,2.518323084865630
9.152E-05,2.5165065380013800
9.154E-05,2.5140228586875500
9.156E-05,2.510905539159770
9.158E-05,2.5072249431212100
9.16E-05,2.5030838250925500
9.162E-05,2.498610167748500
9.164E-05,2.493948013
9.166E-05,2.489247195
9.168E-05,2.4846529605500400
9.17E-05,2.4802963946834400
9.172E-05,2.4762864332525600
9.174E-05,2.472703972603980
9.176E-05,2.469598334884240
9.178E-05,2.466986136
9.18E-05,2.464852532593940
9.182E-05,2.463154821
9.184E-05,2.4618282591008600
9.186E-05,2.460793762073400
9.188E-05,2.459966780901370
9.19E-05,2.4592664414621200
9.192E-05,2.4586239606904900
9.194E-05,2.457989513934780
9.196E-05,2.457336992377090
9.198E-05,2.456666341766590
9.2E-05,2.4560033443382500
9.202E-05,2.4553968273963300
9.204E-05,2.454913439509070
9.206E-05,2.454630378
9.208E-05,2.454626754263180
9.21E-05,2.4549745318418100
9.212E-05,2.455730114
9.214E-05,2.456927544768720
9.216E-05,2.458574036443120
9.218E-05,2.4606481730248500
9.22E-05,2.4631007132662500
9.222E-05,2.4658576019037000
9.224E-05,2.4688246050702700
9.226E-05,2.4718930211246200
9.228E-05,2.4749461084765900
9.23E-05,2.477866062854520
9.232E-05,2.480541416
9.234E-05,2.4828745685001000
9.236E-05,2.4847888895179300
9.238E-05,2.4862345166246300
9.24E-05,2.487191904104260
9.242E-05,2.4876723663808200
9.244E-05,2.4877154073344400
9.246E-05,2.4873832907146000
9.248E-05,2.486753821301260
9.25E-05,2.4859124839072300
9.252E-05,2.4849449458202300
9.254E-05,2.483930619949170
9.256E-05,2.4829376624143000
9.258E-05,2.482019514725120
9.26E-05,2.481212907110590
9.262E-05,2.480537110912770
9.264E-05,2.479994172343120
9.266E-05,2.479569888897580
9.268E-05,2.4792353878392900
9.27E-05,2.478949273743460
9.272E-05,2.4786603613272400
9.274E-05,2.4783109851843400
9.276E-05,2.4778408164215200
9.278E-05,2.477191051094800
9.28E-05,2.4763087733141000
9.282E-05,2.475151237
9.284E-05,2.473689761517790
9.286E-05,2.471912925036830
9.288E-05,2.4698287684908800
9.29E-05,2.4674658200250600
9.292E-05,2.4648728316388800
9.294E-05,2.462117192335410
9.296E-05,2.459282058546550
9.298E-05,2.456462381085130
9.3E-05,2.4537601927021200
9.302E-05,2.4512796609450500
9.304E-05,2.4491224227340300
9.306E-05,2.447383594662510
9.308E-05,2.4461486507733700
9.31E-05,2.4454911298040100
9.312E-05,2.445470917608600
9.314E-05,2.4461327094212800
9.316E-05,2.447504267126500
9.318E-05,2.449594274853650
9.32E-05,2.4523898864531500
9.322E-05,2.455854309377790
9.324E-05,2.4599248739954800
9.326E-05,2.4645119890021700
9.328E-05,2.4694992562540800
9.33E-05,2.4747448939756600
9.332E-05,2.480084532773070
9.334E-05,2.4853354032158800
9.336E-05,2.4903019257753200
9.338E-05,2.494782744
9.34E-05,2.498579283731950
9.342E-05,2.501505900780260
9.344E-05,2.5034015428866800
9.346E-05,2.5041425004761400
9.348E-05,2.5036553421352500
9.35E-05,2.501928639671110
9.352E-05,2.4990218228454100
9.354E-05,2.495069592310390
9.356E-05,2.490280738548670
9.358E-05,2.4849307979936700
9.36E-05,2.479348534744870
9.362E-05,2.473896704085410
9.364E-05,2.4689480288132300
9.366E-05,2.4648579098400200
9.368E-05,2.461936052156850
9.37E-05,2.460419713830090
9.372E-05,2.4604514600419900
9.374E-05,2.4620640173233800
9.376E-05,2.4651741183992900
9.378E-05,2.4695862617108500
9.38E-05,2.4750062451704900
9.382E-05,2.4810632661583100
9.384E-05,2.487338398027800
9.386E-05,2.4933965304524300
9.388E-05,2.4988185809233700
9.39E-05,2.50323099
9.392E-05,2.506330084388930
9.394E-05,2.5078996596438200
9.396E-05,2.5078209084610500
9.398E-05,2.5060745358207600
9.4E-05,2.5027354900259900
9.402E-05,2.4979612719768200
9.404E-05,2.4919752443222300
9.406E-05,2.485046713372840
9.408E-05,2.477469743443050
9.41E-05,2.4695426471837700
9.412E-05,2.461549856626800
9.414E-05,2.453747425
9.416E-05,2.446352793137460
9.418E-05,2.4395387985487100
9.42E-05,2.433431342602020
9.422E-05,2.4281098285234400
9.424E-05,2.4236094675632300
9.426E-05,2.4199248046517900
9.428E-05,2.4170141671420700
9.43E-05,2.414805020411880
9.432E-05,2.413200311787140
9.434E-05,2.412085790243720
9.436E-05,2.411338066830030
9.438E-05,2.410832932675560
9.44E-05,2.4104532967717800
9.442E-05,2.4100961319606000
9.444E-05,2.4096780197955200
9.446E-05,2.4091391626379700
9.448E-05,2.4084459584037000
9.45E-05,2.4075923214425800
9.452E-05,2.406599848724290
9.454E-05,2.4055167180347400
9.456E-05,2.4044150114648600
9.458E-05,2.4033861656974500
9.46E-05,2.4025345279555600
9.462E-05,2.401969427394920
9.464E-05,2.4017965496141300
9.466E-05,2.4021095698358200
9.468E-05,2.4029829231797900
9.47E-05,2.4044663420141500
9.472E-05,2.4065814852784100
9.474E-05,2.409320711990090
9.476E-05,2.4126478527036400
9.478E-05,2.4165007046341300
9.48E-05,2.4207948755388500
9.482E-05,2.425428492677040
9.484E-05,2.430287204777960
9.486E-05,2.4352489047231300
9.488E-05,2.4401877190406600
9.49E-05,2.444977024910400
9.492E-05,2.4494915270046700
9.494E-05,2.4536087049721000
9.496E-05,2.457210154938880
9.498E-05,2.4601834265020800
9.5E-05,2.462424874916670
9.502E-05,2.4638438190618300
9.504E-05,2.4643679438837000
9.506E-05,2.463949458119040
9.508E-05,2.462571114243450
9.51E-05,2.460250960753230
9.512E-05,2.457044740525360
9.514E-05,2.4530451765424100
9.516E-05,2.448377888425110
9.518E-05,2.4431942138374400
9.52E-05,2.4376616435855600
9.522E-05,2.431952828723240
9.524E-05,2.4262341572810600
9.526E-05,2.4206548013124500
9.528E-05,2.4153370309232700
9.53E-05,2.4103685515899300
9.532E-05,2.4057975968902500
9.534E-05,2.401631399844970
9.536E-05,2.3978384126208100
9.538E-05,2.394354246534790
9.54E-05,2.391090813793860
9.542E-05,2.3879476882653300
9.544E-05,2.384824418306010
9.546E-05,2.3816325063541700
9.548E-05,2.3783059722984400
9.55E-05,2.374809702558930
9.552E-05,2.371145027795550
9.554E-05,2.3673521436138100
9.556E-05,2.3635091572212900
9.558E-05,2.359727768476310
9.56E-05,2.3561458649647400
9.562E-05,2.352917584062450
9.564E-05,2.3502016496587700
9.566E-05,2.3481490147455600
9.568E-05,2.3468909826368200
9.57E-05,2.3465289573677500
9.572E-05,2.347126745678050
9.574E-05,2.3487059534331400
9.576E-05,2.351244613
9.578E-05,2.354678852597090
9.58E-05,2.3589072237549900
9.582E-05,2.363797189685220
9.584E-05,2.3691932504350700
9.586E-05,2.3749261403615400
9.588E-05,2.380822489612400
9.59E-05,2.386714253742160
9.592E-05,2.3924471460997300
9.594E-05,2.397887351958570
9.596E-05,2.402926014998580
9.598E-05,2.4074813149627300
9.6E-05,2.4114982935177600
9.602E-05,2.4149468536506300
9.604E-05,2.417818521307670
9.606E-05,2.4201226005591400
9.608E-05,2.4218822770660900
9.61E-05,2.423131062239730
9.612E-05,2.4239097736509200
9.614E-05,2.4242640576931200
9.616E-05,2.424242312257010
9.618E-05,2.4238938069687500
9.62E-05,2.4232668588471500
9.622E-05,2.4224070627198400
9.624E-05,2.4213557017864800
9.626E-05,2.420148502752830
9.628E-05,2.4188148465168400
9.63E-05,2.417377443086720
9.632E-05,2.415852401364320
9.634E-05,2.414249633038370
9.636E-05,2.4125736053099100
9.638E-05,2.4108245001515700
9.64E-05,2.408999785237960
9.642E-05,2.407096095582640
9.644E-05,2.4051112338612500
9.646E-05,2.403046033284770
9.648E-05,2.400905779
9.65E-05,2.3987008806121700
9.652E-05,2.3964465588918900
9.654E-05,2.3941614746697800
9.656E-05,2.3918653992260600
9.658E-05,2.3895762202552300
9.66E-05,2.3873067384387500
9.662E-05,2.385061843721240
9.664E-05,2.3828367143575500
9.666E-05,2.3806166031408900
9.668E-05,2.3783785359307000
9.67E-05,2.3760948785286000
9.672E-05,2.3737383206631900
9.674E-05,2.371287502338140
9.676E-05,2.3687323606925100
9.678E-05,2.366078312132800
9.68E-05,2.363348547960830
9.682E-05,2.360583975
9.684E-05,2.3578406773416500
9.686E-05,2.355185214698780
9.688E-05,2.3526884768683900
9.69E-05,2.350419142692510
9.692E-05,2.3484378277552900
9.694E-05,2.346792791252710
9.696E-05,2.3455176303768300
9.698E-05,2.344630884774970
9.7E-05,2.3441370411329000
9.702E-05,2.344028173
9.704E-05,2.3442854575930300
9.706E-05,2.3448801042073600
9.708E-05,2.345773728
9.71E-05,2.3469186597270900
9.712E-05,2.3482589361291100
9.714E-05,2.349732596223360
9.716E-05,2.351275551783610
9.718E-05,2.352826703778030
9.72E-05,2.3543334127142700
9.722E-05,2.3557560798491900
9.724E-05,2.3570706488872300
9.726E-05,2.358268282900650
9.728E-05,2.3593521301348800
9.73E-05,2.3603317357846600
9.732E-05,2.3612161203180200
9.734E-05,2.362006773352540
9.736E-05,2.3626918336970700
9.738E-05,2.363242573
9.74E-05,2.363612955265640
9.742E-05,2.3637424759963100
9.744E-05,2.363561841135480
9.746E-05,2.36300048
9.748E-05,2.361994662299010
9.75E-05,2.3604950692601300
9.752E-05,2.358472944509130
9.754E-05,2.3559243660386900
9.756E-05,2.352872533242100
9.758E-05,2.349368237207680
9.76E-05,2.3454887741549000
9.762E-05,2.341335502214800
9.764E-05,2.3370301019888200
9.766E-05,2.3327094816032400
9.768E-05,2.3285192498464000
9.77E-05,2.3246057953666700
9.772E-05,2.3211072361374300
9.774E-05,2.318143815696080
9.776E-05,2.315808684007720
9.778E-05,2.314160300962830
9.78E-05,2.313217759159620
9.782E-05,2.3129600016427200
9.784E-05,2.3133292232816800
9.786E-05,2.3142378726590700
9.788E-05,2.3155778980028800
9.79E-05,2.317230476959300
9.792E-05,2.319074573507390
9.794E-05,2.320993224034530
9.796E-05,2.322877261897130
9.798E-05,2.3246269648906100
9.8E-05,2.3261525907224200
9.802E-05,2.3273748118816500
9.804E-05,2.3282257260556700
9.806E-05,2.3286506086783400
9.808E-05,2.328610118405560
9.81E-05,2.328082404580760
9.812E-05,2.327064542665580
9.814E-05,2.3255729249499200
9.816E-05,2.3236425850344000
9.818E-05,2.321325778
9.82E-05,2.3186902844507600
9.822E-05,2.3158177383057400
9.824E-05,2.3128019451462600
9.826E-05,2.3097468076568000
9.828E-05,2.306763418755400
9.83E-05,2.303966071019890
9.832E-05,2.3014672994573500
9.834E-05,2.299372424006210
9.836E-05,2.2977742377375700
9.838E-05,2.296748433717570
9.84E-05,2.2963501391715600
9.842E-05,2.2966116674510000
9.844E-05,2.297541413427230
9.846E-05,2.2991237266119900
9.848E-05,2.301319573
9.85E-05,2.3040678293659000
9.852E-05,2.307287124843020
9.854E-05,2.310878245810970
9.856E-05,2.314727134648560
9.858E-05,2.318708468979760
9.86E-05,2.3226897043490200
9.862E-05,2.326535419135610
9.864E-05,2.330111852183540
9.866E-05,2.333291640807740
9.868E-05,2.3359588602573000
9.87E-05,2.338014435415630
9.872E-05,2.339381786213920
9.874E-05,2.340012225898780
9.876E-05,2.339889312327690
9.878E-05,2.3390312427457400
9.88E-05,2.337490571739090
9.882E-05,2.335350958292560
9.884E-05,2.3327211629863100
9.886E-05,2.329726988
9.888E-05,2.326502196763650
9.89E-05,2.3231795868373400
9.892E-05,2.3198832956546500
9.894E-05,2.3167230615961500
9.896E-05,2.313790700199020
9.898E-05,2.311158586217280
9.9E-05,2.308879622139200
9.902E-05,2.3069880985140400
9.904E-05,2.305501007129330
9.906E-05,2.3044196378283500
9.908E-05,2.303731501637570
9.91E-05,2.303412661347710
9.912E-05,2.303430427927100
9.914E-05,2.3037462086899500
9.916E-05,2.3043181897370700
9.918E-05,2.305103552
9.92E-05,2.3060600320897300
9.922E-05,2.3071468092136900
9.924E-05,2.3083248209608500
9.926E-05,2.3095567038194600
9.928E-05,2.3108065073066200
9.93E-05,2.3120392691626300
9.932E-05,2.313220497350500
9.934E-05,2.314315634240650
9.936E-05,2.3152896288647500
9.938E-05,2.3161067405880200
9.94E-05,2.316730627
9.942E-05,2.3171246804922000
9.944E-05,2.317252520484480
9.946E-05,2.317078550433380
9.948E-05,2.3165685595273400
9.95E-05,2.315690501281090
9.952E-05,2.3144157510980300
9.954E-05,2.312721219903630
9.956E-05,2.3105925694009700
9.958E-05,2.308028420057020
9.96E-05,2.305044974
9.962E-05,2.3016800767972800
9.964E-05,2.297995601852190
9.966E-05,2.294077200188970
9.968E-05,2.2900309353687100
9.97E-05,2.2859769126327000
9.972E-05,2.282040617361900
9.974E-05,2.2783431309436600
9.976E-05,2.2749916139095700
9.978E-05,2.2720713869088700
9.98E-05,2.2696406112300400
9.982E-05,2.267728054508310
9.984E-05,2.266333859645950
9.986E-05,2.265432754012840
9.988E-05,2.2649788369526600
9.99E-05,2.2649110141266500
9.992E-05,2.265158315129730
9.994E-05,2.2656446806712100
9.996E-05,2.266293197761100
9.998E-05,2.2670300146507500
0.0001,2.267788154966550